kind,lang,beta_key,weblate_key,beta_value,weblate_value,weblate_last_updated,take,rule
common,en,tutorial_hint_soldier_card_select,tutorial_hint_soldier_card_select,"<size=14><b>Choose a fighter</size>

Fighters have more health than Shooters
and are strong in melee combat</b>","<b>Choose a fighter</b>

Fighters have more health than Shooters and are strong in melee combat",2026-09-22T09:01,beta,review
common,es,tutorial_hint_soldier_card_select,tutorial_hint_soldier_card_select,"<size=14><b>Elige a un combatiente</size>

Los combatientes tienen más salud que los tiradores
y son fuertes en el combate cuerpo a cuerpo</b>","<b>Elige a un combatiente</b>

Los combatientes tienen más salud que los tiradores y son fuertes en el combate cuerpo a cuerpo",2026-09-22T09:01,beta,review
common,fr,tutorial_hint_soldier_card_select,tutorial_hint_soldier_card_select,"<size=14><b>Choisis un combattant</size>

Les combattants ont plus de santé que les Tireurs
et sont forts au corps-à-corps</b>","<b>Choisis un combattant</b>

Les combattants ont plus de santé que les Tireurs et sont forts au corps-à-corps",2026-09-22T09:01,beta,review
common,pt,tutorial_hint_soldier_card_select,tutorial_hint_soldier_card_select,"<size=14><b>Escolha um combatente</size>

Combatentes têm más vida do que Atiradores
e são fortes no combate corpo a corpo</b>","<b>Escolha um combatente</b>

Combatentes têm mais vida do que Atiradores e são fortes no combate corpo a corpo",2026-09-22T09:01,beta,review
common,pl,tutorial_hint_soldier_card_select,tutorial_hint_soldier_card_select,"<size=14><b>Wybierz wojownika</size>

Wojownicy mają więcej zdrowia niż Strzelcy
i są silni w walce wręcz</b>","<b>Wybierz wojownika</b>

Wojownicy mają więcej zdrowia niż Strzelcy i są silni w walce wręcz",2026-09-22T09:01,beta,review
common,de,tutorial_hint_soldier_card_select,tutorial_hint_soldier_card_select,"<size=14><b>Wähle einen Kämpfer</size>

Kämpfer haben mehr Gesundheit als Schützen
und sind stark im Nahkampf</b>","<b>Wähle einen Kämpfer</b>

Kämpfer haben mehr Gesundheit als Schützen und sind stark im Nahkampf",2026-09-22T09:01,beta,review
common,it,tutorial_hint_soldier_card_select,tutorial_hint_soldier_card_select,"<size=14><b>Scegli un combattente</size>

I combattenti hanno più salute dei Tiratori
e sono forti nel corpo a corpo</b>","<b>Scegli un combattente</b>

I combattenti hanno più salute dei Tiratori e sono forti nel corpo a corpo",2026-09-22T09:01,beta,review
common,th,tutorial_hint_soldier_card_select,tutorial_hint_soldier_card_select,"<size=14><b>เลือกนักสู้</size>

นักสู้มีพลังชีวิตมากกว่าพลยิง
และแข็งแกร่งในการต่อสู้ระยะประชิด</b>","<b>เลือกนักสู้</b>

นักสู้มีพลังชีวิตมากกว่าพลยิงและแข็งแกร่งในการต่อสู้ระยะประชิด",2026-09-22T09:01,beta,review
common,id,tutorial_hint_soldier_card_select,tutorial_hint_soldier_card_select,"<size=14><b>Pilih petarung</size>

Petarung memiliki lebih banyak kesehatan daripada Penembak
dan kuat dalam pertempuran jarak dekat</b>","<b>Pilih petarung</b>

Petarung memiliki lebih banyak kesehatan daripada Penembak dan kuat dalam pertempuran jarak dekat",2026-09-22T09:01,beta,review
common,cn,tutorial_hint_soldier_card_select,tutorial_hint_soldier_card_select,"<size=14><b>选择战士</size>

战士比射手拥有更多生命值
且擅长近战</b>","<b>选择战士

战士比射手拥有更多生命值
且擅长近战</b>",2026-09-22T09:01,beta,review
common,kr,tutorial_hint_soldier_card_select,tutorial_hint_soldier_card_select,"<size=14><b>전사를 선택하세요</size>

전사는 궁수보다 체력이 많고
근접전에 강합니다</b>","<b>전사를 선택하세요

전사는 궁수보다 체력이 많고
근접전에 강합니다</b>",2026-09-22T09:01,beta,review
common,jp,tutorial_hint_soldier_card_select,tutorial_hint_soldier_card_select,"<size=14><b>戦士を選択</size>

戦士は射手よりもHPが高く
近接戦に強い</b>","<b>戦士を選択</b>

戦士は射手よりもHPが高く、近接戦に強い",2026-09-22T09:01,beta,review
common,tr,tutorial_hint_soldier_card_select,tutorial_hint_soldier_card_select,"<size=14><b>Bir savaşçı seç</size>

Savaşçılar, Nişancılardan daha fazla cana sahiptir
ve yakın dövüşte güçlüdür</b>","<b>Bir savaşçı seç</b>

Savaşçılar, Nişancılardan daha fazla cana sahiptir ve yakın dövüşte güçlüdür",2026-09-22T09:01,beta,review
common,vi,tutorial_hint_soldier_card_select,tutorial_hint_soldier_card_select,"<size=14><b>Chọn chiến binh</size>

Chiến binh có nhiều máu hơn Xạ thủ
và mạnh trong cận chiến</b>","<b>Chọn chiến binh</b>

Chiến binh có nhiều máu hơn Xạ thủ và mạnh trong cận chiến",2026-09-22T09:01,beta,review
common,nl,tutorial_hint_soldier_card_select,tutorial_hint_soldier_card_select,"<size=14><b>Kies een strijder</size>

Strijders hebben meer gezondheid dan Schutters
en zijn sterk in gevechten van dichtbij</b>","<b>Kies een strijder</b>

Strijders hebben meer gezondheid dan Schutters en zijn sterk in gevechten van dichtbij",2026-09-22T09:01,beta,review
common,cn,ability_description_shield_steel_damage_null,ability_description_shield_steel_damage_null,"降低命中护盾的炮弹的<sprite name=""explosion"">爆炸伤害半径30%",每第二次炮弹命中不造成伤害并恢复10%耐久度。,2026-09-22T09:01,beta,review
common,kr,ability_description_items_penetration,ability_description_items_penetration,{1}초 동안 원거리 선원이 적 방패를 관통하며 피해가 {2}만큼 증가합니다. 방패로 반사되지 않습니다.,В течение {1}с. матросы дальнего боя пробивают щит противника с увеличенным на {2} уроном. Не отражается щитами.,2026-09-22T09:01,beta,review
common,ru,ability_description_ap_fire_trail_shot,ability_description_ap_fire_trail_shot,"После трёх успешных атак выпускает пламя, поджигающее все цели на линии атаки на 5 сек.
Если огонь не потух в течение 2х секунд, он начинает распространяться на соседние клетки.
Урон команде: {0}/с
Урон кораблю: {1}/с","После трёх успешных атак выпускает пламя, поджигающее все цели на линии атаки на 5 сек.
Если огонь не потух в течени 2х секунд, он начинает распространяться на соседние клетки.
Урон команде: {0}/с
Урон кораблю: {1}/с",2026-08-16T05:35,beta,ru-team-edit
common,en,description_resourse_tips_not_enough_captains_medals,description_resourse_tips_not_enough_captains_medals,Not enough <b><color=#FF4E3B>rubies</color></b>. You can find them in the story campaign.,Not enough <b><color=#FF4E3B>rubies</color></b>. They can be found in the story campaign.,2026-09-22T09:01,beta,review
common,ru,daily39_description,daily39_description,Используй любой амулет в бою,Use any amulet in a battle,2026-09-15T09:39,beta,ru-english-in-weblate
common,nl,daily39_description,daily39_description,Gebruik een amulet in een gevecht,Gebruik een willekeurig amulet in een gevecht,2026-09-22T09:01,beta,follows-ru
common,nl,6_use_amulets,6_use_amulets,Gebruik een amulet in een gevecht,Gebruik elke amulet in een gevecht,2026-08-16T05:31,beta,review
common,ru,cbp_use_amulet_battle,cbp_use_amulet_battle,Используй любые амулеты в сражении,Use any amulets in battle,2026-09-15T09:39,beta,ru-english-in-weblate
common,en,cbp_use_amulet_battle,cbp_use_amulet_battle,Use any amulets in battle,Use any amulet in battle,2026-09-22T09:01,beta,follows-ru
common,ru,cbp_use_amulet_battle2,cbp_use_amulet_battle2,Используй любые амулеты в сражении (Этап 2),Use any amulets in battle (Stage 2),2026-09-15T09:39,beta,ru-english-in-weblate
common,ru,bp_captain_end_text,bp_captain_end_text,Событие открытия капитана Ленор де Гласваль завершено. Теперь её карточки можно найти в поиске капитанов.,Событие открытия капитана Ленор де Гласваль завершен. Теперь её карточки можно найти в поиске капитанов.,2026-08-16T05:36,beta,ru-team-edit
common,fr,territorial_wars_building_details_dialog_per_hour,territorial_wars_building_details_dialog_per_hour,,+{0}/h,2026-09-19T17:39,weblate,filled-in-weblate
common,it,territorial_wars_building_details_dialog_per_hour,territorial_wars_building_details_dialog_per_hour,,+{0}/h,2026-09-24T07:53,weblate,filled-in-weblate
common,en,territorial_wars_building_details_dialog_per_sec,territorial_wars_building_details_dialog_per_sec,+{0}/sec,+{0}/s,2026-09-24T07:52,weblate,newer-in-weblate
common,pl,territorial_wars_building_details_dialog_per_sec,territorial_wars_building_details_dialog_per_sec,+ {0}/s,+{0}/s,2026-09-24T07:53,weblate,newer-in-weblate
common,it,territorial_wars_building_details_dialog_per_sec,territorial_wars_building_details_dialog_per_sec,,+{0}/s,2026-09-24T07:53,weblate,filled-in-weblate
common,kr,territorial_wars_building_details_dialog_per_sec,territorial_wars_building_details_dialog_per_sec,,+{0}/초,2026-09-24T07:53,weblate,filled-in-weblate
common,nl,territorial_wars_building_details_dialog_per_sec,territorial_wars_building_details_dialog_per_sec,,+{0}/sec,2026-09-24T07:53,weblate,filled-in-weblate
common,ru,territorial_wars_building_details_dialog_recharging_wait,territorial_wars_building_details_dialog_recharging_wait,Перезарядка...,Перезарядка…,,weblate,ru-ellipsis
common,th,territorial_wars_debriefing_window_place,territorial_wars_debriefing_window_place,,อันดับที่ {0},2026-09-24T07:53,weblate,filled-in-weblate
common,cn,territorial_wars_debriefing_window_place,territorial_wars_debriefing_window_place,,{0} 名,2026-09-24T07:52,weblate,filled-in-weblate
common,vi,territorial_wars_debriefing_window_place,territorial_wars_debriefing_window_place,,HẠNG {0},2026-09-24T07:53,weblate,filled-in-weblate
common,th,territorial_wars_debriefing_team_result_place,territorial_wars_debriefing_team_result_place,,อันดับที่ {0},2026-09-24T07:53,weblate,filled-in-weblate
common,kr,territorial_wars_debriefing_team_result_place,territorial_wars_debriefing_team_result_place,,{0}위,2026-09-24T07:53,weblate,filled-in-weblate
common,vi,territorial_wars_debriefing_team_result_place,territorial_wars_debriefing_team_result_place,,Hạng {0},2026-09-24T07:53,weblate,filled-in-weblate
common,th,territorial_wars_info_gold_mine_desc,territorial_wars_info_gold_mine_desc,มอบคะแนนอิทธิพลเพิ่มขึ้นอย่างต่อเนื่องและโบนัสเมื่อจบเกม ได้รับการคุ้มกันโดยยาม.,มอบคะแนนอิทธิพลเพิ่มขึ้นอย่างต่อเนื่องและโบนัสเมื่อจบเกม ได้รับการคุ้มกันโดยยาม,,weblate,cleanup
common,jp,territorial_wars_info_gold_mine_desc,territorial_wars_info_gold_mine_desc,影響力ポイントの恒久的な増加とゲーム終了時のボーナスを提供します。警備に守られています。,影響力ポイントが継続的に増加し、ゲーム終了時にボーナスを獲得。警備に守られている。,2026-09-22T09:01,beta,review
common,th,territorial_wars_info_rules_desc,territorial_wars_info_rules_desc,ผู้เล่นสี่คนต่อสู้กันแบบออนไลน์ ผู้ที่ได้รับคะแนนอิทธิพลมากที่สุดจะเป็นผู้ชนะ คะแนนจะได้รับอย่างต่อเนื่องจากการยึดครองดินแดนระหว่างการเล่น และได้รับเป็นโบนัสครั้งเดียวเมื่อสิ้นสุดการต่อสู้.,ผู้เล่นสี่คนต่อสู้กันแบบออนไลน์ ผู้ที่ได้รับคะแนนอิทธิพลมากที่สุดจะเป็นผู้ชนะ คะแนนจะได้รับอย่างต่อเนื่องจากการยึดครองดินแดนระหว่างการเล่น และได้รับเป็นโบนัสครั้งเดียวเมื่อสิ้นสุดการต่อสู้,,weblate,cleanup
common,ru,territorial_wars_info_fuel_desc,territorial_wars_info_fuel_desc,"Чтобы действовать во время битвы требуются припасы: перемещения, найм и воскрешение юнитов. Припасы производятся Столицей, Маяками, городами, а также могут быть найдены на островах.","Чтобы действовать во время битвы требуются припасы: перемещения, найм и воскрешение юнитов. Припасы производятся Столицей, Маяками, городами, а так же могут быть найдены на островах.",2026-09-23T07:55,beta,ru-team-edit
common,ru,territorial_wars_info_lighthouse_desc,territorial_wars_info_lighthouse_desc,"Захватывайте их, чтобы припасы восстанавливались быстрее, и можно было ходить чаще.","Захватывайте их, чтобы припасы восстанавливались быстрее, и можно было ходить чаще",,beta,ru-team-edit
common,en,territorial_wars_info_lighthouse_desc,territorial_wars_info_lighthouse_desc,Capture them to restore supplies faster and move more often.,Capture them to restore supplies faster and make moves more often,2026-09-22T09:01,beta,follows-ru
common,es,territorial_wars_info_lighthouse_desc,territorial_wars_info_lighthouse_desc,Captúralos para que los suministros se repongan más rápido y puedas moverte con más frecuencia.,Captúralos para que los suministros se repongan más rápido y puedas zarpar con más frecuencia,2026-09-22T09:01,beta,follows-ru
common,fr,territorial_wars_info_lighthouse_desc,territorial_wars_info_lighthouse_desc,Capturez-les pour régénérer les provisions plus vite et vous déplacer plus souvent.,Capture-les pour que les provisions se régénèrent plus vite et pouvoir attaquer plus souvent,2026-09-22T09:01,beta,follows-ru
common,pt,territorial_wars_info_lighthouse_desc,territorial_wars_info_lighthouse_desc,Capture-os para que os suprimentos se recuperem mais rápido e você possa agir com mais frequência.,Capture-os para que os suprimentos se regenerem mais rápido e você possa navegar com mais frequência,2026-09-22T09:01,beta,follows-ru
common,pl,territorial_wars_info_lighthouse_desc,territorial_wars_info_lighthouse_desc,"Przejmuj je, aby zapasy odnawiały się szybciej i można było częściej wykonywać ruchy.","Zdobywaj je, aby zapasy odnawiały się szybciej i można było wyruszać częściej",2026-09-22T09:01,beta,follows-ru
common,de,territorial_wars_info_lighthouse_desc,territorial_wars_info_lighthouse_desc,"Erobere sie, damit sich Vorräte schneller auffüllen und du öfter ziehen kannst.","Erobere sie, damit sich Vorräte schneller regenerieren und du öfter auslaufen kannst",2026-09-22T09:01,beta,follows-ru
common,it,territorial_wars_info_lighthouse_desc,territorial_wars_info_lighthouse_desc,Conquistali per ripristinare i rifornimenti più velocemente e muoverti più spesso.,Conquistali per ripristinare i rifornimenti più in fretta e poter salpare più spesso,2026-09-22T09:01,beta,follows-ru
common,th,territorial_wars_info_lighthouse_desc,territorial_wars_info_lighthouse_desc,ยึดครองพวกมันเพื่อให้เสบียงฟื้นฟูเร็วขึ้นและเคลื่อนที่ได้บ่อยขึ้น,ยึดครองพวกมันเพื่อให้เสบียงฟื้นฟูเร็วขึ้น และออกเดินเรือได้บ่อยขึ้น,2026-09-22T09:01,beta,follows-ru
common,id,territorial_wars_info_lighthouse_desc,territorial_wars_info_lighthouse_desc,Kuasai mereka agar persediaan pulih lebih cepat dan kamu bisa bergerak lebih sering.,Rebut mereka agar perbekalan pulih lebih cepat dan bisa berlayar lebih sering,2026-09-22T09:01,beta,follows-ru
common,cn,territorial_wars_info_lighthouse_desc,territorial_wars_info_lighthouse_desc,占领它们可加快补给恢复速度，并增加移动次数。,占领它们，让补给恢复更快，航行更频繁,2026-09-22T09:01,beta,follows-ru
common,kr,territorial_wars_info_lighthouse_desc,territorial_wars_info_lighthouse_desc,점령하여 보급품이 더 빨리 회복되고 더 자주 이동할 수 있습니다.,점령하여 보급품이 더 빨리 회복되고 더 자주 이동할 수 있습니다,,beta,follows-ru
common,jp,territorial_wars_info_lighthouse_desc,territorial_wars_info_lighthouse_desc,それらを占領すると、補給品の回復が速くなり、より頻繁に移動できるようになります。,占領して物資の回復を早め、より頻繁に出撃できるようにしよう,2026-09-22T09:01,beta,follows-ru
common,tr,territorial_wars_info_lighthouse_desc,territorial_wars_info_lighthouse_desc,Erzakların daha hızlı yenilenmesi ve daha sık hareket edebilmek için onları ele geçir.,Erzakın daha hızlı yenilenmesi ve daha sık sefere çıkabilmek için onları ele geçir,2026-09-22T09:01,beta,follows-ru
common,vi,territorial_wars_info_lighthouse_desc,territorial_wars_info_lighthouse_desc,Chiếm lấy chúng để nguồn tiếp tế hồi phục nhanh hơn và có thể di chuyển thường xuyên hơn.,Chiếm lấy chúng để quân nhu hồi phục nhanh hơn và có thể hành quân thường xuyên hơn,2026-09-22T09:01,beta,follows-ru
common,nl,territorial_wars_info_lighthouse_desc,territorial_wars_info_lighthouse_desc,Verover ze zodat voorraden sneller herstellen en je vaker kunt uitvaren.,Verover ze zodat voorraden sneller herstellen en je vaker kunt uitvaren,,beta,follows-ru
common,cn,tw_item_name_building_gold_mine,tw_item_name_building_gold_mine,金矿,金币矿,2026-09-19T17:39,beta,review
common,kr,tw_item_name_building_gold_mine,tw_item_name_building_gold_mine,황금 광산,골드 광산,2026-09-19T17:39,beta,review
common,jp,tw_item_name_building_gold_mine,tw_item_name_building_gold_mine,金鉱,ゴールド鉱山,2026-09-19T17:39,beta,review
common,ru,tw_item_name_building_portal,tw_item_name_building_portal,Ворота Столицы,Castle Gate,2026-09-24T07:52,beta,ru-english-in-weblate
common,en,tw_item_name_building_portal,tw_item_name_building_portal,Capital Gate,Castle Gate,2026-09-24T07:52,beta,follows-ru
common,es,tw_item_name_building_portal,tw_item_name_building_portal,Puertas de la capital,Puerta del castillo,2026-09-24T07:52,beta,follows-ru
common,fr,tw_item_name_building_portal,tw_item_name_building_portal,Portes de la Capitale,Porte du château,2026-09-24T07:52,beta,follows-ru
common,pt,tw_item_name_building_portal,tw_item_name_building_portal,Portões da Capital,Portão do Castelo,2026-09-24T07:53,beta,follows-ru
common,pl,tw_item_name_building_portal,tw_item_name_building_portal,Wrota Stolicy,Brama zamkowa,2026-09-24T07:53,beta,follows-ru
common,de,tw_item_name_building_portal,tw_item_name_building_portal,Hauptstadttor,Burgtor,2026-09-24T07:52,beta,follows-ru
common,it,tw_item_name_building_portal,tw_item_name_building_portal,Porta della Capitale,Porta del castello,2026-09-24T07:53,beta,follows-ru
common,th,tw_item_name_building_portal,tw_item_name_building_portal,ประตูเมืองหลวง,ประตูปราสาท,2026-09-24T07:53,beta,follows-ru
common,id,tw_item_name_building_portal,tw_item_name_building_portal,Gerbang Ibu Kota,Gerbang Kastel,2026-09-24T07:53,beta,follows-ru
common,cn,tw_item_name_building_portal,tw_item_name_building_portal,首都之门,城堡大门,2026-09-24T07:52,beta,follows-ru
common,kr,tw_item_name_building_portal,tw_item_name_building_portal,수도의 문,Castle Gate,2026-09-24T07:53,beta,follows-ru
common,jp,tw_item_name_building_portal,tw_item_name_building_portal,首都の門,城門,2026-09-24T07:53,beta,follows-ru
common,tr,tw_item_name_building_portal,tw_item_name_building_portal,Başkent Kapısı,Kale Kapısı,2026-09-24T07:53,beta,follows-ru
common,vi,tw_item_name_building_portal,tw_item_name_building_portal,Cổng Thủ Đô,Cổng Lâu Đài,2026-09-24T07:53,beta,follows-ru
common,nl,tw_item_name_building_portal,tw_item_name_building_portal,Poort van de Hoofdstad,Kasteelpoort,2026-09-24T07:53,beta,follows-ru
common,th,push_text_territorial_wars_unit_arrived,push_text_territorial_wars_unit_arrived,{0} ถึงเป้าหมายแล้ว.,{0} ถึงเป้าหมายแล้ว,,weblate,cleanup
common,jp,push_text_territorial_wars_unit_arrived,push_text_territorial_wars_unit_arrived,,{0}が目的地に到着しました。,2026-09-24T07:53,weblate,filled-in-weblate
common,kr,push_text_territorial_wars_unit_healed,push_text_territorial_wars_unit_healed,,{0}체력을 완전히 회복했습니다.,2026-09-24T07:53,weblate,filled-in-weblate
common,de,push_text_territorial_wars_unit_respawned,push_text_territorial_wars_unit_respawned,"{0} ist wiederbelebt und bereit, wieder Befehle auszuführen.","{0} ist wiederbelebt und wieder bereit, Befehle auszuführen.",2026-09-24T07:52,weblate,newer-in-weblate
common,kr,push_text_territorial_wars_unit_respawned,push_text_territorial_wars_unit_respawned,,{0}가 부활하여 다시 명령을 수행할 준비가 되었습니다.,2026-09-24T07:53,weblate,filled-in-weblate
common,ru,territorial_wars_lobby_briefing_player_info_placeholder_text,territorial_wars_lobby_briefing_player_info_placeholder_text,Поиск...,Поиск…,,weblate,ru-ellipsis
common,cn,ability_description_shotgun_accuracy_mod,ability_description_shotgun_accuracy_mod,提高射击精度 {0}。,提升射击精度 {0},2026-09-24T07:33,weblate,newer-in-weblate
common,kr,ability_description_shotgun_accuracy_mod,ability_description_shotgun_accuracy_mod,사격 정확도를 {0}만큼 높입니다.,사격 정확도를 {0}만큼 증가시킵니다,2026-09-24T07:33,weblate,newer-in-weblate
common,jp,ability_description_shotgun_accuracy_mod,ability_description_shotgun_accuracy_mod,射撃精度が {0} 上がります。,射撃精度が{0}上昇,2026-09-24T07:33,weblate,newer-in-weblate
common,tr,ability_description_shotgun_accuracy_mod,ability_description_shotgun_accuracy_mod,Atış isabetini {0} artırır.,Atış isabetini {0} artırır,,weblate,cleanup
common,cn,ability_description_captain_fire_bomb_throw,ability_description_captain_fire_bomb_throw,向敌人投掷火焰桶。命中时造成 {0} 点火焰伤害，范围 {1} 节，点燃甲板并施加恐惧 {2} 秒。,向敌人投掷火焰桶。命中时在{1}节的范围内造成{0}点火焰伤害，点燃甲板并施加{2}秒的恐惧。,2026-09-24T07:33,weblate,newer-in-weblate
common,kr,ability_description_captain_fire_bomb_throw,ability_description_captain_fire_bomb_throw,"적에게 화염 통을 던집니다. 명중 시 {1} 노트 반경에 {0} 화염 피해를 입히고, 갑판을 불태우며 {2}초 동안 공포를 유발합니다.","적에게 불통을 던집니다. 명중 시 {0}의 화염 피해를 {1}노트 반경에 주고, 갑판에 불을 붙이며 {2}에게 공포를 줍니다.",2026-09-24T07:33,weblate,newer-in-weblate
common,en,tutorial_hint_rifleman_card_select2,tutorial_hint_rifleman_card_select2,"<size=14><b>Choose the Rifleman</size>

It's best to hide Riflemen
behind stronger Fighters</b>","<b>Choose the Rifleman</b>

It's best to hide Riflemen behind stronger Fighters",2026-09-22T09:01,beta,review
common,es,tutorial_hint_rifleman_card_select2,tutorial_hint_rifleman_card_select2,"<size=14><b>Elige al Tirador</b></size>

Es mejor esconder a los Tiradores
detrás de Combatientes más fuertes</b>","<b>Elige al Tirador</b>

Es mejor esconder a los Tiradores detrás de Combatientes más fuertes",2026-09-22T09:01,beta,review
common,fr,tutorial_hint_rifleman_card_select2,tutorial_hint_rifleman_card_select2,"<size=14><b>Choisis un Tireur</b></size>

Il vaut mieux cacher les Tireurs
derrière des Combattants plus forts</b>","<b>Choisis un Tireur</b>

Il vaut mieux cacher les Tireurs derrière des Combattants plus forts",2026-09-22T09:01,beta,review
common,pt,tutorial_hint_rifleman_card_select2,tutorial_hint_rifleman_card_select2,"<size=14><b>Escolha o Atirador</b></size>

É melhor esconder os Atiradores
atrás de Combatentes mais fortes</b>","<b>Escolha o Atirador</b>

É melhor esconder os Atiradores atrás de Combatentes mais fortes",2026-09-22T09:01,beta,review
common,pl,tutorial_hint_rifleman_card_select2,tutorial_hint_rifleman_card_select2,"<size=14><b>Wybierz Strzelca</b></size>

Strzelców lepiej ukrywać
za silniejszymi Bojownikami</b>","<b>Wybierz Strzelca</b>

Strzelców lepiej ukrywać za silniejszymi Bojownikami",2026-09-22T09:01,beta,review
common,de,tutorial_hint_rifleman_card_select2,tutorial_hint_rifleman_card_select2,"<size=14><b>Wähle den Schützen</b></size>

Schützen versteckst du am besten
hinter stärkeren Kämpfern</b>","<b>Wähle den Schützen</b>

Schützen versteckst du am besten hinter stärkeren Kämpfern",2026-09-22T09:01,beta,review
common,it,tutorial_hint_rifleman_card_select2,tutorial_hint_rifleman_card_select2,"<size=14><b>Scegli il Tiratore</b></size>

È meglio nascondere i Tiratori
dietro a Combattenti più forti</b>","<b>Scegli il Tiratore</b>

È meglio nascondere i Tiratori dietro a Combattenti più forti",2026-09-22T09:01,beta,review
common,th,tutorial_hint_rifleman_card_select2,tutorial_hint_rifleman_card_select2,"<size=14><b>เลือกพลยิง</b></size>

ควรซ่อนพลยิงไว้
หลังนักรบที่แข็งแกร่งกว่า</b>","<b>เลือกพลปืน</b>

ควรซ่อนพลปืนไว้ด้านหลังนักสู้ที่แข็งแกร่งกว่า",2026-09-22T09:01,beta,review
common,id,tutorial_hint_rifleman_card_select2,tutorial_hint_rifleman_card_select2,"<size=14><b>Pilih Penembak</b></size>

Sebaiknya sembunyikan Penembak
di balik Petarung yang lebih kuat</b>","<b>Pilih Penembak</b>

Sebaiknya sembunyikan Penembak di balik Petarung yang lebih kuat",2026-09-22T09:01,beta,review
common,cn,tutorial_hint_rifleman_card_select2,tutorial_hint_rifleman_card_select2,"<size=14><b>选择射手</b></size>

最好将射手藏在
更强大的战士身后</b>","<b>选择步枪手</b>

最好把步枪手藏在更强的战士后面",2026-09-22T09:01,beta,review
common,kr,tutorial_hint_rifleman_card_select2,tutorial_hint_rifleman_card_select2,"<size=14><b>저격수를 선택하세요</b></size>

저격수는 더 강한
전사들 뒤에 숨기는 것이 좋습니다</b>","<b>저격수를 선택하세요</b>

저격수는 더 강한 전투원 뒤에 숨기는 것이 좋습니다",2026-09-22T09:01,beta,review
common,jp,tutorial_hint_rifleman_card_select2,tutorial_hint_rifleman_card_select2,"<size=14><b>射手を選べ</b></size>

射手はより強力な
戦士の後ろに隠れるのがベスト</b>","<b>射手を選択</b>

射手はより強力な戦士の後ろに隠すのがおすすめ",2026-09-22T09:01,beta,review
common,tr,tutorial_hint_rifleman_card_select2,tutorial_hint_rifleman_card_select2,"<size=14><b>Nişancıyı Seç</b></size>

Nişancıları daha güçlü
Savaşçıların arkasına saklamak daha iyidir</b>","<b>Nişancıyı Seç</b>

Nişancıları daha güçlü Savaşçıların arkasına saklamak daha iyidir",2026-09-22T09:01,beta,review
common,vi,tutorial_hint_rifleman_card_select2,tutorial_hint_rifleman_card_select2,"<size=14><b>Chọn Xạ thủ</b></size>

Tốt nhất nên giấu Xạ thủ
sau các Chiến binh mạnh hơn</b>","<b>Chọn Xạ thủ</b>

Tốt nhất nên giấu Xạ thủ sau các Chiến binh mạnh hơn",2026-09-22T09:01,beta,review
common,nl,tutorial_hint_rifleman_card_select2,tutorial_hint_rifleman_card_select2,"<size=14><b>Kies de Schutter</b></size>

Je kunt Schutters het beste
achter sterkere Vechters verbergen</b>","<b>Kies de Schutter</b>

Je kunt Schutters het beste achter sterkere Vechters verbergen",2026-09-22T09:01,beta,review
rename,ru,dialogue_text_intro_start_0,dialog_text_intro_start_0,"О, это была великолепная битва! Мы нагнали Золотых Гарпий, и уже предвкушали легкую наживу...","О, это была великолепная битва! Мы нагнали Золотых Гарпий, и уже предвкушали легкую наживу…",,weblate,ru-ellipsis
rename,en,dialogue_text_intro_start_0,dialog_text_intro_start_0,"Oh, it was a glorious battle! We caught up with the Golden Harpies, and were already anticipating an easy loot...","Oh, it was a glorious battle! We caught up with the Golden Harpies, and were already anticipating an easy loot…",,weblate,cleanup
rename,es,dialogue_text_intro_start_0,dialog_text_intro_start_0,"¡Oh, fue una batalla gloriosa! Alcanzamos a las Arpías Doradas y ya anticipábamos un botín fácil...","¡Oh, fue una batalla gloriosa! Alcanzamos a las Arpías Doradas y ya anticipábamos un botín fácil…",,weblate,cleanup
rename,fr,dialogue_text_intro_start_0,dialog_text_intro_start_0,"Oh, c'était une bataille glorieuse ! Nous avons rattrapé les Harpies Dorées, et nous nous attendions déjà à un butin facile...","Oh, c'était une bataille glorieuse ! Nous avons rattrapé les Harpies Dorées, et nous nous attendions déjà à un butin facile…",,weblate,cleanup
rename,pt,dialogue_text_intro_start_0,dialog_text_intro_start_0,"Oh, foi uma batalha gloriosa! Alcançamos as Harpias Douradas e já estávamos antecipando um saque fácil...","Oh, foi uma batalha gloriosa! Alcançamos as Harpias Douradas e já estávamos antecipando um saque fácil…",,weblate,cleanup
rename,pl,dialogue_text_intro_start_0,dialog_text_intro_start_0,"Och, to była wspaniała bitwa! Dogoniliśmy Złote Harpie i już spodziewaliśmy się łatwego łupu...","Och, to była wspaniała bitwa! Dogoniliśmy Złote Harpie i już spodziewaliśmy się łatwego łupu…",,weblate,cleanup
rename,de,dialogue_text_intro_start_0,dialog_text_intro_start_0,"Oh, es war eine glorreiche Schlacht! Wir holten die Goldenen Harpyien ein und freuten uns schon auf eine leichte Beute...","Oh, es war eine glorreiche Schlacht! Wir holten die Goldenen Harpyien ein und freuten uns schon auf eine leichte Beute…",,weblate,cleanup
rename,it,dialogue_text_intro_start_0,dialog_text_intro_start_0,"Oh, è stata una battaglia gloriosa! Abbiamo raggiunto le Arpie Dorate e stavamo già anticipando un facile bottino...","Oh, è stata una battaglia gloriosa! Abbiamo raggiunto le Arpie Dorate e stavamo già anticipando un facile bottino…",,weblate,cleanup
rename,th,dialogue_text_intro_start_0,dialog_text_intro_start_0,โอ้ มันเป็นการต่อสู้ที่รุ่งโรจน์! เราตามทันเหล่าฮาร์ปีทองคำ และกำลังคาดหวังการปล้นสะดมง่ายๆ...,โอ้ มันเป็นการต่อสู้ที่รุ่งโรจน์! เราตามทันเหล่าฮาร์ปีทองคำ และกำลังคาดหวังการปล้นสะดมง่ายๆ…,,weblate,cleanup
rename,id,dialogue_text_intro_start_0,dialog_text_intro_start_0,"Oh, itu adalah pertempuran yang mulia! Kami menyusul Harpy Emas, dan sudah mengantisipasi jarahan yang mudah...","Oh, itu adalah pertempuran yang mulia! Kami menyusul Harpy Emas, dan sudah mengantisipasi jarahan yang mudah…",,weblate,cleanup
rename,kr,dialogue_text_intro_start_0,dialog_text_intro_start_0,"오, 훌륭한 전투였어! 골든 하피들을 따라잡았고, 쉬운 전리품을 이미 기대하고 있었지...","오, 훌륭한 전투였어! 골든 하피들을 따라잡았고, 쉬운 전리품을 이미 기대하고 있었지…",,weblate,cleanup
rename,jp,dialogue_text_intro_start_0,dialog_text_intro_start_0,おお、それは輝かしい戦いだった！私たちは黄金のハーピーたちに追いつき、すでに簡単な戦利品を期待していた...,おお、それは輝かしい戦いだった！私たちは黄金のハーピーたちに追いつき、すでに簡単な戦利品を期待していた…,,weblate,cleanup
rename,tr,dialogue_text_intro_start_0,dialog_text_intro_start_0,"Ah, muhteşem bir savaştı! Altın Harpiler'e yetiştik ve kolay bir ganimet bekliyorduk...","Ah, muhteşem bir savaştı! Altın Harpiler'e yetiştik ve kolay bir ganimet bekliyorduk…",,weblate,cleanup
rename,vi,dialogue_text_intro_start_0,dialog_text_intro_start_0,"Ồ, đó là một trận chiến vinh quang! Chúng tôi đã bắt kịp những con Harpy Vàng, và đã mong đợi một chiến lợi phẩm dễ dàng...","Ồ, đó là một trận chiến vinh quang! Chúng tôi đã bắt kịp những con Harpy Vàng, và đã mong đợi một chiến lợi phẩm dễ dàng…",,weblate,cleanup
rename,nl,dialogue_text_intro_start_0,dialog_text_intro_start_0,"Oh, het was een glorieuze strijd! We haalden de Gouden Harpyen in en anticipeerden al op een gemakkelijke buit...","Oh, het was een glorieuze strijd! We haalden de Gouden Harpyen in en anticipeerden al op een gemakkelijke buit…",,weblate,cleanup
rename,fr,dialogue_text_intro_end_0,dialog_text_intro_end_0,Et nous les avons écrasés ! Nous les avons acculés comme des rats !,Et nous les avons écrasés ! Nous les avons acculés comme des rats !,,weblate,cleanup
rename,ru,dialogue_text_intro_end_1,dialog_text_intro_end_1,Но потом... Потом произошло кое-что странное.,Но потом… Потом произошло кое-что странное.,,weblate,ru-ellipsis
rename,fr,dialogue_text_campaign_0_0_6_miniboss_1,dialog_text_campaign_0_0_6_miniboss_1,"Douce Lizzy ! Je vois que tu n'arrives vraiment pas à te calmer, n'est-ce pas ?","Douce Lizzy ! Je vois que tu n'arrives vraiment pas à te calmer, n'est-ce pas ?",,weblate,cleanup
rename,fr,dialogue_text_campaign_0_0_6_miniboss_2,dialog_text_campaign_0_0_6_miniboss_2,Rends-moi mon navire ! Et mon or !,Rends-moi mon navire ! Et mon or !,,weblate,cleanup
rename,fr,dialogue_text_campaign_0_0_6_miniboss_win_1,dialog_text_campaign_0_0_6_miniboss_win_1,Comment a-t-il osé me lancer ce pauvre excuse de capitaine contre moi !,Comment a-t-il osé me lancer ce pauvre excuse de capitaine contre moi !,,weblate,cleanup
rename,fr,dialogue_text_campaign_0_0_6_miniboss_win_2,dialog_text_campaign_0_0_6_miniboss_win_2,"Hissez les voiles ! La prochaine fois, il ne s'échappera pas de moi !","Hissez les voiles ! La prochaine fois, il ne s'échappera pas de moi !",,weblate,cleanup
rename,fr,dialogue_text_campaign_0_0_14_miniboss_1,dialog_text_campaign_0_0_14_miniboss_1,"Hé toi, sur le sloop ! Qu'est-ce que tu viens renifler ici ?","Hé toi, sur le sloop ! Qu'est-ce que tu viens renifler ici ?",,weblate,cleanup
rename,fr,dialogue_text_campaign_0_0_14_miniboss_2,dialog_text_campaign_0_0_14_miniboss_2,"Mince, voilà les Pirates du Tonnerre. Attends, c'est Kidd ! Hé, Kidd, c'est moi !","Mince, voilà les Pirates du Tonnerre. Attends, c'est Kidd ! Hé, Kidd, c'est moi !",,weblate,cleanup
rename,fr,dialogue_text_campaign_0_0_14_miniboss_3,dialog_text_campaign_0_0_14_miniboss_3,Toi ! Je le savais ! Tu vas payer pour Rickert !,Toi ! Je le savais ! Tu vas payer pour Rickert !,,weblate,cleanup
rename,fr,dialogue_text_campaign_0_0_14_miniboss_win_1,dialog_text_campaign_0_0_14_miniboss_win_1,"Le rhum t'a-t-il frappé à la tête, Kidd ? Que se passe-t-il ?","Le rhum t'a-t-il frappé à la tête, Kidd ? Que se passe-t-il ?",,weblate,cleanup
rename,fr,dialogue_text_campaign_0_0_14_miniboss_win_3,dialog_text_campaign_0_0_14_miniboss_win_3,"Si tu ne l'as pas remarqué, je n'ai plus mon navire ! Cet enfoiré de Moonblood m'a trompé et a emmené mon galion !","Si tu ne l'as pas remarqué, je n'ai plus mon navire ! Cet enfoiré de Moonblood m'a trompé et a emmené mon galion !",,weblate,cleanup
rename,ru,dialogue_text_campaign_0_0_14_miniboss_win_4,dialog_text_campaign_0_0_14_miniboss_win_4,"Старик Мунблад... Наверное, я мог бы сам догадаться. Ты прости меня, Рид. В последнее время здесь творятся совсем странные вещи. И держись подальше от Риккерта. Он и раньше был странным, но сейчас…","Старик Мунблад… Наверное, я мог бы сам догадаться. Ты прости меня, Рид. В последнее время здесь творятся совсем странные вещи. И держись подальше от Риккерта. Он и раньше был странным, но сейчас…",,weblate,ru-ellipsis
rename,vi,dialogue_text_campaign_0_0_14_miniboss_win_4,dialog_text_campaign_0_0_14_miniboss_win_4,"Lão già Moonblood... đáng lẽ tôi phải tự mình nghĩ ra. Tôi xin lỗi, Reid. Gần đây, những chuyện kỳ lạ vẫn luôn xảy ra quanh đây. Và hãy tránh xa Rickert ra. Gã luôn kỳ quặc, nhưng giờ thì...","Lão già Moonblood... đáng lẽ tôi phải tự mình nghĩ ra. Tôi xin lỗi, Reid. Gần đây, những chuyện kỳ lạ vẫn luôn xảy ra quanh đây. Và hãy tránh xa Rickert ra. Gã luôn kỳ quặc, nhưng giờ thì…",,weblate,cleanup
rename,nl,dialogue_text_campaign_0_0_14_miniboss_win_4,dialog_text_campaign_0_0_14_miniboss_win_4,"Oude man Moonblood... dat had ik zelf moeten bedenken. Het spijt me, Reid. De laatste tijd gebeuren er vreemde dingen hier. En blijf uit de buurt van Rickert. Hij was altijd al vreemd, maar nu...","Oude man Moonblood... dat had ik zelf moeten bedenken. Het spijt me, Reid. De laatste tijd gebeuren er vreemde dingen hier. En blijf uit de buurt van Rickert. Hij was altijd al vreemd, maar nu…",,weblate,cleanup
rename,fr,dialogue_text_campaign_0_0_22_miniboss_1,dialog_text_campaign_0_0_22_miniboss_1,Alors tu es le Charpentier Rickert ?,Alors tu es le Charpentier Rickert ?,,weblate,cleanup
rename,en,dialogue_text_campaign_0_0_22_miniboss_2,dialog_text_campaign_0_0_22_miniboss_2,"We don't like this nickname, Princess. 'Shipwright, fix my vessel, Shipwright, stop looking at me like that.' Bad name, Princess.","We don't like this nickname, Princess. 'Shipwright, fix my vessel, Shipwright, stop looking at me like that.' Bad name, Princess",,weblate,cleanup
rename,es,dialogue_text_campaign_0_0_22_miniboss_2,dialog_text_campaign_0_0_22_miniboss_2,"No nos gusta este apodo, princesa. 'Carpintero, repara mi nave, Carpintero, deja de mirarme así.' Mal nombre, princesa.","No nos gusta este apodo, princesa. 'Carpintero, repara mi nave, Carpintero, deja de mirarme así.' Mal nombre, princesa",,weblate,cleanup
rename,fr,dialogue_text_campaign_0_0_22_miniboss_2,dialog_text_campaign_0_0_22_miniboss_2,"Nous n'aimons pas ce surnom, Princesse. 'Charpentier, répare mon vaisseau, Charpentier, arrête de me regarder comme ça.' Mauvais nom, Princesse.","Nous n'aimons pas ce surnom, Princesse. 'Charpentier, répare mon vaisseau, Charpentier, arrête de me regarder comme ça.' Mauvais nom, Princesse",,weblate,cleanup
rename,pt,dialogue_text_campaign_0_0_22_miniboss_2,dialog_text_campaign_0_0_22_miniboss_2,"Não gostamos desse apelido, Princesa. 'Carpinteiro, conserte minha embarcação, Carpinteiro, pare de me olhar assim.' Nome ruim, Princesa.","Não gostamos desse apelido, Princesa. 'Carpinteiro, conserte minha embarcação, Carpinteiro, pare de me olhar assim.' Nome ruim, Princesa",,weblate,cleanup
rename,pl,dialogue_text_campaign_0_0_22_miniboss_2,dialog_text_campaign_0_0_22_miniboss_2,"Nie lubimy tego przydomku, Księżniczko. 'Stolarz, napraw moją jednostkę, Stolarz, przestań patrzeć na mnie w ten sposób.' Złe imię, Księżniczko.","Nie lubimy tego przydomku, Księżniczko. 'Stolarz, napraw moją jednostkę, Stolarz, przestań patrzeć na mnie w ten sposób.' Złe imię, Księżniczko",,weblate,cleanup
rename,de,dialogue_text_campaign_0_0_22_miniboss_2,dialog_text_campaign_0_0_22_miniboss_2,"Wir mögen diesen Spitznamen nicht, Prinzessin. 'Schiffszimmermann, repariere mein Schiff, Schiffszimmermann, hör auf, so zu schauen.' Schlechter Name, Prinzessin.","Wir mögen diesen Spitznamen nicht, Prinzessin. 'Schiffszimmermann, repariere mein Schiff, Schiffszimmermann, hör auf, so zu schauen.' Schlechter Name, Prinzessin",,weblate,cleanup
rename,it,dialogue_text_campaign_0_0_22_miniboss_2,dialog_text_campaign_0_0_22_miniboss_2,"Non ci piace questo soprannome, Principessa. 'Falegname, ripara la mia nave, Falegname, smettila di guardarmi così.' Brutto nome, Principessa.","Non ci piace questo soprannome, Principessa. 'Falegname, ripara la mia nave, Falegname, smettila di guardarmi così.' Brutto nome, Principessa",,weblate,cleanup
rename,id,dialogue_text_campaign_0_0_22_miniboss_2,dialog_text_campaign_0_0_22_miniboss_2,"Kami tidak suka julukan ini, Putri. 'Tukang Kayu, perbaiki kapalku, Tukang Kayu, berhenti melihatku seperti itu.' Nama buruk, Putri.","Kami tidak suka julukan ini, Putri. 'Tukang Kayu, perbaiki kapalku, Tukang Kayu, berhenti melihatku seperti itu.' Nama buruk, Putri",,weblate,cleanup
rename,cn,dialogue_text_campaign_0_0_22_miniboss_2,dialog_text_campaign_0_0_22_miniboss_2,我们不喜欢这个绰号，公主。‘木匠，修理我的船，木匠，别那样看着我。’糟糕的名字，公主。,我们不喜欢这个绰号，公主。‘木匠，修理我的船，木匠，别那样看着我。’糟糕的名字，公主,,weblate,cleanup
rename,kr,dialogue_text_campaign_0_0_22_miniboss_2,dialog_text_campaign_0_0_22_miniboss_2,"우리는 이 별명을 좋아하지 않아요, 공주님. '선박공, 내 배를 고쳐줘, 선박공, 그렇게 쳐다보지 마.' 나쁜 이름이에요, 공주님.","우리는 이 별명을 좋아하지 않아요, 공주님. '선박공, 내 배를 고쳐줘, 선박공, 그렇게 쳐다보지 마.' 나쁜 이름이에요, 공주님",,weblate,cleanup
rename,jp,dialogue_text_campaign_0_0_22_miniboss_2,dialog_text_campaign_0_0_22_miniboss_2,このニックネームは好きじゃない、プリンセス。「船大工、私の船を修理して、船大工、そんな風に見ないで。」悪い名前だ、プリンセス。,このニックネームは好きじゃない、プリンセス。「船大工、私の船を修理して、船大工、そんな風に見ないで。」悪い名前だ、プリンセス,,weblate,cleanup
rename,tr,dialogue_text_campaign_0_0_22_miniboss_2,dialog_text_campaign_0_0_22_miniboss_2,"Bu lakap hoşumuza gitmiyor, Prenses. 'Gemi İnşaatçısı, gemimi tamir et, Gemi İnşaatçısı, böyle bakmayı bırak.' Kötü bir isim, Prenses.","Bu lakap hoşumuza gitmiyor, Prenses. 'Gemi İnşaatçısı, gemimi tamir et, Gemi İnşaatçısı, böyle bakmayı bırak.' Kötü bir isim, Prenses",,weblate,cleanup
rename,vi,dialogue_text_campaign_0_0_22_miniboss_2,dialog_text_campaign_0_0_22_miniboss_2,"Chúng tôi không thích cái biệt danh đó, Công chúa. 'Thợ đóng tàu, sửa tàu cho tôi đi, Thợ đóng tàu, đừng nhìn tôi như thế nữa.' Cái tên tồi tệ, Công chúa à.","Chúng tôi không thích cái biệt danh đó, Công chúa. 'Thợ đóng tàu, sửa tàu cho tôi đi, Thợ đóng tàu, đừng nhìn tôi như thế nữa.' Cái tên tồi tệ, Công chúa à",,weblate,cleanup
rename,nl,dialogue_text_campaign_0_0_22_miniboss_2,dialog_text_campaign_0_0_22_miniboss_2,"We houden niet van die bijnaam, Prinses. 'Scheepsbouwer, repareer mijn schip, Scheepsbouwer, kijk me niet zo aan.' Slechte naam, Prinses.","We houden niet van die bijnaam, Prinses. 'Scheepsbouwer, repareer mijn schip, Scheepsbouwer, kijk me niet zo aan.' Slechte naam, Prinses",,weblate,cleanup
rename,es,dialogue_text_campaign_0_0_22_miniboss_4,dialog_text_campaign_0_0_22_miniboss_4,"¿Qué? ¡La princesa nos está mintiendo! ¡Lo sé con certeza! Chicos, enséñenle a no mentir, o los enviaré a alimentar a mi amigo.","¿Qué? ¡La princesa nos está mintiendo! ¡Lo sé con certeza! Chicos, enséñenle a no mentir, o los enviaré a alimentar a mi amigo!",2026-08-16T07:19,beta,review
rename,fr,dialogue_text_campaign_0_0_22_miniboss_4,dialog_text_campaign_0_0_22_miniboss_4,"Quoi ? La Princesse nous ment ! Je le sais avec certitude ! Les gars, apprenez-lui à ne pas mentir, ou je vous enverrai nourrir mon ami !","Quoi ? La Princesse nous ment ! Je le sais avec certitude ! Les gars, apprenez-lui à ne pas mentir, ou je vous enverrai nourrir mon ami !",,weblate,cleanup
rename,fr,dialogue_text_campaign_0_0_boss_2,dialog_text_campaign_0_0_boss_2,"Oh, la méchante princesse ne sait pas... Rickert n'a maintenant qu'un seul ami. Et lui non plus n'aime pas les gens mauvais !","Oh, la méchante princesse ne sait pas... Rickert n'a maintenant qu'un seul ami. Et lui non plus n'aime pas les gens mauvais !",,weblate,cleanup
rename,fr,dialogue_text_campaign_0_0_boss_win_1,dialog_text_campaign_0_0_boss_win_1,Qu'est-ce que c'est que cette créature ? Comment l'as-tu apprivoisée ?,Qu'est-ce que c'est que cette créature ? Comment l'as-tu apprivoisée ?,,weblate,cleanup
rename,fr,dialogue_text_campaign_0_0_boss_win_2,dialog_text_campaign_0_0_boss_win_2,"La Corne Sanglante ! Un gentil capitaine sur un navire aux voiles rouges l'a donné à Rickert, et maintenant Rickert a un ami. Mais nous ne le dirons pas à cette méchante princesse ! Non, non !","La Corne Sanglante ! Un gentil capitaine sur un navire aux voiles rouges l'a donné à Rickert, et maintenant Rickert a un ami. Mais nous ne le dirons pas à cette méchante princesse ! Non, non !",,weblate,cleanup
rename,fr,dialogue_text_campaign_0_0_boss_win_3,dialog_text_campaign_0_0_boss_win_3,Des voiles rouges ? C'est définitivement Moonblood ! Où est-il allé ?,Des voiles rouges ? C'est définitivement Moonblood ! Où est-il allé ?,,weblate,cleanup
rename,fr,dialogue_text_campaign_0_0_boss_win_4,dialog_text_campaign_0_0_boss_win_4,"La princesse stupide ne sait pas qu'il n'y a qu'un seul chemin ici : vers le nord, vers la <color=#1DEEFC>Terre des Vents Glacés.</color> Le gentil capitaine veut prier les dieux à l'Autel. La princesse stupide ne sait pas, mais nous ne lui dirons rien !","La princesse stupide ne sait pas qu'il n'y a qu'un seul chemin ici : vers le nord, vers la <color=#1DEEFC>Terre des Vents Glacés.</color> Le gentil capitaine veut prier les dieux à l'Autel. La princesse stupide ne sait pas, mais nous ne lui dirons rien !",,weblate,cleanup
rename,en,dialogue_text_campaign_0_0_boss_afterReward,dialog_text_campaign_0_0_boss_afterReward,"We are heading to Frostwind Edge! It's a dangerous place, we'll need a better ship. Let's buy a <color=#1DEEFC>brand new brig.</color> And a pint of rum! It's on me!","We are heading to Frostwind Edge! It's a dangerous place, we'll need a better ship. Let's buy a <color=#1DEEFC>brand new brig.</color> And a pint of rum! It's on me.",2026-08-16T07:19,beta,review
rename,es,dialogue_text_campaign_0_0_boss_afterReward,dialog_text_campaign_0_0_boss_afterReward,"¡Nos dirigimos a Filo Vientofrio! Es un lugar peligroso, necesitaremos un barco mejor. Comprémos un <color=#1DEEFC>bergantín nuevo.</color> ¡Y una pinta de ron! ¡Yo invito!","¡Nos dirigimos a Filo Vientofrio! Es un lugar peligroso, necesitaremos un barco mejor. Comprémos un <color=#1DEEFC>bergantín nuevo.</color> ¡Y una pinta de ron! ¡Yo invito.",2026-08-16T07:19,beta,review
rename,fr,dialogue_text_campaign_0_0_boss_afterReward,dialog_text_campaign_0_0_boss_afterReward,"Nous nous dirigeons vers le Bord du Vent Glacial ! C'est un endroit dangereux, nous aurons besoin d'un meilleur navire. Achetons un <color=#1DEEFC>brick flambant neuf.</color> Et une pinte de rhum ! C'est pour moi !","Nous nous dirigeons vers le Bord du Vent Glacial ! C'est un endroit dangereux, nous aurons besoin d'un meilleur navire. Achetons un <color=#1DEEFC>brick flambant neuf.</color> Et une pinte de rhum ! C'est pour moi .",2026-08-16T07:19,beta,review
rename,pt,dialogue_text_campaign_0_0_boss_afterReward,dialog_text_campaign_0_0_boss_afterReward,"Estamos indo para Frostwind Edge! É um lugar perigoso, precisaremos de um navio melhor. Vamos comprar um <color=#1DEEFC>bergantim novinho em folha.</color> E uma caneca de rum! Por minha conta!","Estamos indo para Frostwind Edge! É um lugar perigoso, precisaremos de um navio melhor. Vamos comprar um <color=#1DEEFC>bergantim novinho em folha.</color> E uma caneca de rum! Por minha conta.",2026-08-16T07:19,beta,review
rename,pl,dialogue_text_campaign_0_0_boss_afterReward,dialog_text_campaign_0_0_boss_afterReward,"Kierujemy się do Krawędzi Mroźnego Wiatru! To niebezpieczne miejsce, będziemy potrzebować lepszego statku. Kupmy <color=#1DEEFC>nowiutkiego bryga.</color> I kufel rumu! Ja stawiam!","Kierujemy się do Krawędzi Mroźnego Wiatru! To niebezpieczne miejsce, będziemy potrzebować lepszego statku. Kupmy <color=#1DEEFC>nowiutkiego bryga.</color> I kufel rumu! Ja stawiam.",2026-08-16T07:19,beta,review
rename,de,dialogue_text_campaign_0_0_boss_afterReward,dialog_text_campaign_0_0_boss_afterReward,"Wir steuern Frostwind-Klippe an! Das ist ein gefährlicher Ort, wir brauchen ein besseres Schiff. Lasst uns eine <color=#1DEEFC>brandneue Brigg</color> kaufen. Und ein Pint Rum! Geht auf mich!","Wir steuern Frostwind-Klippe an! Das ist ein gefährlicher Ort, wir brauchen ein besseres Schiff. Lasst uns eine <color=#1DEEFC>brandneue Brigg</color> kaufen. Und ein Pint Rum! Geht auf mich.",2026-08-16T07:19,beta,review
rename,it,dialogue_text_campaign_0_0_boss_afterReward,dialog_text_campaign_0_0_boss_afterReward,"Ci stiamo dirigendo verso il Limite di Ghiaccio! È un posto pericoloso, avremo bisogno di una nave migliore. Compriamo un <color=#1DEEFC>brigantino nuovo di zecca.</color> E una pinta di rum! Offro io!","Ci stiamo dirigendo verso il Limite di Ghiaccio! È un posto pericoloso, avremo bisogno di una nave migliore. Compriamo un <color=#1DEEFC>brigantino nuovo di zecca.</color> E una pinta di rum! Offro io.",2026-08-16T07:19,beta,review
rename,id,dialogue_text_campaign_0_0_boss_afterReward,dialog_text_campaign_0_0_boss_afterReward,"Kita menuju ke Frostwind Edge! Ini tempat yang berbahaya, kita akan membutuhkan kapal yang lebih baik. Mari kita beli <color=#1DEEFC>kapal brigantine baru.</color> Dan satu pint rum! Aku yang traktir!","Kita menuju ke Frostwind Edge! Ini tempat yang berbahaya, kita akan membutuhkan kapal yang lebih baik. Mari kita beli <color=#1DEEFC>kapal brigantine baru.</color> Dan satu pint rum! Aku yang traktir.",2026-08-16T07:19,beta,review
rename,cn,dialogue_text_campaign_0_0_boss_afterReward,dialog_text_campaign_0_0_boss_afterReward,我们要去寒风之崖！那是个危险的地方，我们需要一艘更好的船。我们买一艘<color=#1DEEFC>全新的双桅船</color>吧。还有一品脱朗姆酒！我请客！,我们要去寒风之崖！那是个危险的地方，我们需要一艘更好的船。我们买一艘<color=#1DEEFC>全新的双桅船</color>吧。还有一品脱朗姆酒！我请客。,2026-08-16T07:19,beta,review
rename,kr,dialogue_text_campaign_0_0_boss_afterReward,dialog_text_campaign_0_0_boss_afterReward,우리는 프로스트윈드 엣지로 향하고 있어! 위험한 곳이라 더 좋은 배가 필요해. <color=#1DEEFC>새 브리그 선</color>을 사자. 그리고 럼주 한 파인트! 내가 쏠게!,우리는 프로스트윈드 엣지로 향하고 있어! 위험한 곳이라 더 좋은 배가 필요해. <color=#1DEEFC>새 브리그 선</color>을 사자. 그리고 럼주 한 파인트! 내가 쏠게.,2026-08-16T07:19,beta,review
rename,jp,dialogue_text_campaign_0_0_boss_afterReward,dialog_text_campaign_0_0_boss_afterReward,我々はフロストウィンド・エッジに向かっている！危険な場所だから、もっと良い船が必要だ。<color=#1DEEFC>真新しいブリッグ</color>を買おう。そしてラム酒を1パイント！おごりだ！,我々はフロストウィンド・エッジに向かっている！危険な場所だから、もっと良い船が必要だ。<color=#1DEEFC>真新しいブリッグ</color>を買おう。そしてラム酒を1パイント！おごりだ。,2026-08-16T07:19,beta,review
rename,tr,dialogue_text_campaign_0_0_boss_afterReward,dialog_text_campaign_0_0_boss_afterReward,"Frostwind Edge'e gidiyoruz! Tehlikeli bir yer, daha iyi bir gemiye ihtiyacımız olacak. <color=#1DEEFC>Sıfır bir brig.</color> ve bir pint rom alalım! Benden!","Frostwind Edge'e gidiyoruz! Tehlikeli bir yer, daha iyi bir gemiye ihtiyacımız olacak. <color=#1DEEFC>Sıfır bir brig.</color> ve bir pint rom alalım! Benden.",2026-08-16T07:19,beta,review
rename,vi,dialogue_text_campaign_0_0_boss_afterReward,dialog_text_campaign_0_0_boss_afterReward,"Chúng ta đang hướng đến Frostwind Edge! Đó là một nơi nguy hiểm, chúng ta sẽ cần một con tàu tốt hơn. Hãy mua một <color=#1DEEFC>chiếc brig mới tinh.</color> Và một vại rượu rum! Tôi khao!","Chúng ta đang hướng đến Frostwind Edge! Đó là một nơi nguy hiểm, chúng ta sẽ cần một con tàu tốt hơn. Hãy mua một <color=#1DEEFC>chiếc brig mới tinh.</color> Và một vại rượu rum! Tôi khao.",2026-08-16T07:19,beta,review
rename,nl,dialogue_text_campaign_0_0_boss_afterReward,dialog_text_campaign_0_0_boss_afterReward,"We gaan naar Frostwind Edge! Het is een gevaarlijke plek, we hebben een beter schip nodig. Laten we een <color=#1DEEFC>gloednieuwe brik</color> kopen. En een pint rum! Op mijn kosten!","We gaan naar Frostwind Edge! Het is een gevaarlijke plek, we hebben een beter schip nodig. Laten we een <color=#1DEEFC>gloednieuwe brik</color> kopen. En een pint rum! Op mijn kosten.",2026-08-16T07:19,beta,review
rename,fr,dialogue_text_campaign_1_0_region_2,dialog_text_campaign_1_0_region_2,"Cependant, le chemin n'est pas court. Et il ne sera guère paisible. Préparez-vous tous, nous partons !","Cependant, le chemin n'est pas court. Et il ne sera guère paisible. Préparez-vous tous, nous partons !",,weblate,cleanup
rename,fr,dialogue_text_campaign_1_0_6_miniboss_1,dialog_text_campaign_1_0_6_miniboss_1,"Cela fait longtemps, capitaine Reed. Je suppose que vous êtes ici pour Moonblood ? Eh bien, vous devrez attendre votre tour.","Cela fait longtemps, capitaine Reed. Je suppose que vous êtes ici pour Moonblood ? Eh bien, vous devrez attendre votre tour.",,weblate,cleanup
rename,fr,dialogue_text_campaign_1_0_6_miniboss_2,dialog_text_campaign_1_0_6_miniboss_2,Capitaine Terreur ! Il a réussi à t'embêter aussi ? Pourquoi ne pas unir nos forces ?,Capitaine Terreur ! Il a réussi à t'embêter aussi ? Pourquoi ne pas unir nos forces ?,,weblate,cleanup
rename,fr,dialogue_text_campaign_1_0_6_miniboss_4,dialog_text_campaign_1_0_6_miniboss_4,"Oh non ! C'est mon navire, et la vie de Moonblood est aussi la mienne !","Oh non ! C'est mon navire, et la vie de Moonblood est aussi la mienne !",,weblate,cleanup
rename,fr,dialogue_text_campaign_1_0_6_miniboss_win_1,dialog_text_campaign_1_0_6_miniboss_win_1,Merde ! Je ne peux pas laisser Terror couler mon navire !,Merde ! Je ne peux pas laisser Terror couler mon navire !,,weblate,cleanup
rename,ru,dialogue_text_campaign_1_0_14_miniboss_1,dialog_text_campaign_1_0_14_miniboss_1,"Кажется, я знаю этот флаг... Это что, Кривой Джек?","Кажется, я знаю этот флаг… Это что, Кривой Джек?",,weblate,ru-ellipsis
rename,fr,dialogue_text_campaign_1_0_14_miniboss_1,dialog_text_campaign_1_0_14_miniboss_1,"Je crois que je connais ce drapeau... C'est Crooked Jack, non ?","Je crois que je connais ce drapeau... C'est Crooked Jack, non ?",,weblate,cleanup
rename,fr,dialogue_text_campaign_1_0_14_miniboss_2,dialog_text_campaign_1_0_14_miniboss_2,"Ha ha ! Elizabeth Reed, nous nous retrouvons ! L'heure est venue de régler nos comptes !","Ha ha ! Elizabeth Reed, nous nous retrouvons ! L'heure est venue de régler nos comptes !",,weblate,cleanup
rename,fr,dialogue_text_campaign_1_0_14_miniboss_3,dialog_text_campaign_1_0_14_miniboss_3,"Jack, la dernière défaite ne t'a pas suffi ?","Jack, la dernière défaite ne t'a pas suffi ?",,weblate,cleanup
rename,fr,dialogue_text_campaign_1_0_14_miniboss_4,dialog_text_campaign_1_0_14_miniboss_4,Tu m'as humilié ! Et tu vas le payer !,Tu m'as humilié ! Et tu vas le payer !,,weblate,cleanup
rename,fr,dialogue_text_campaign_1_0_14_miniboss_win_2,dialog_text_campaign_1_0_14_miniboss_win_2,Ce n'est pas la fin !,Ce n'est pas la fin !,,weblate,cleanup
rename,en,dialogue_text_campaign_1_0_14_miniboss_win_3,dialog_text_campaign_1_0_14_miniboss_win_3,Every time it's the same thing. Just find yourself another archenemy already.,Every time it's the same thing. Just find yourself another archenemy already,,weblate,cleanup
rename,es,dialogue_text_campaign_1_0_14_miniboss_win_3,dialog_text_campaign_1_0_14_miniboss_win_3,Siempre es lo mismo. Ya búscate otro archienemigo.,Siempre es lo mismo. Ya búscate otro archienemigo,,weblate,cleanup
rename,fr,dialogue_text_campaign_1_0_14_miniboss_win_3,dialog_text_campaign_1_0_14_miniboss_win_3,C'est toujours la même chose. Trouvez-vous un autre ennemi juré.,C'est toujours la même chose. Trouvez-vous un autre ennemi juré,,weblate,cleanup
rename,pt,dialogue_text_campaign_1_0_14_miniboss_win_3,dialog_text_campaign_1_0_14_miniboss_win_3,É sempre a mesma coisa. Arranja outro arqui-inimigo.,É sempre a mesma coisa. Arranja outro arqui-inimigo,,weblate,cleanup
rename,pl,dialogue_text_campaign_1_0_14_miniboss_win_3,dialog_text_campaign_1_0_14_miniboss_win_3,Za każdym razem to samo. Znajdź sobie wreszcie innego arcywroga.,Za każdym razem to samo. Znajdź sobie wreszcie innego arcywroga,,weblate,cleanup
rename,de,dialogue_text_campaign_1_0_14_miniboss_win_3,dialog_text_campaign_1_0_14_miniboss_win_3,Jedes Mal das Gleiche. Such dir endlich einen anderen Erzfeind.,Jedes Mal das Gleiche. Such dir endlich einen anderen Erzfeind,,weblate,cleanup
rename,it,dialogue_text_campaign_1_0_14_miniboss_win_3,dialog_text_campaign_1_0_14_miniboss_win_3,Ogni volta è la stessa storia. Trovati un altro arcinemico.,Ogni volta è la stessa storia. Trovati un altro arcinemico,,weblate,cleanup
rename,id,dialogue_text_campaign_1_0_14_miniboss_win_3,dialog_text_campaign_1_0_14_miniboss_win_3,Setiap kali selalu sama. Cari saja musuh bebuyutan yang lain.,Setiap kali selalu sama. Cari saja musuh bebuyutan yang lain,,weblate,cleanup
rename,cn,dialogue_text_campaign_1_0_14_miniboss_win_3,dialog_text_campaign_1_0_14_miniboss_win_3,每次都这样。你找个新的死对头吧。,每次都这样。你找个新的死对头吧,,weblate,cleanup
rename,kr,dialogue_text_campaign_1_0_14_miniboss_win_3,dialog_text_campaign_1_0_14_miniboss_win_3,매번 똑같은 일이 벌어지네. 그냥 다른 숙적을 찾아.,매번 똑같은 일이 벌어지네. 그냥 다른 숙적을 찾아,,weblate,cleanup
rename,jp,dialogue_text_campaign_1_0_14_miniboss_win_3,dialog_text_campaign_1_0_14_miniboss_win_3,いつも同じことの繰り返しだ。いい加減別の宿敵を見つけたらどうだ。,いつも同じことの繰り返しだ。いい加減別の宿敵を見つけたらどうだ,,weblate,cleanup
rename,tr,dialogue_text_campaign_1_0_14_miniboss_win_3,dialog_text_campaign_1_0_14_miniboss_win_3,Her seferinde aynı şey. Kendine bir baş düşman bul artık.,Her seferinde aynı şey. Kendine bir baş düşman bul artık,,weblate,cleanup
rename,vi,dialogue_text_campaign_1_0_14_miniboss_win_3,dialog_text_campaign_1_0_14_miniboss_win_3,Lúc nào cũng như vậy. Tìm một kẻ thù khác đi.,Lúc nào cũng như vậy. Tìm một kẻ thù khác đi,,weblate,cleanup
rename,nl,dialogue_text_campaign_1_0_14_miniboss_win_3,dialog_text_campaign_1_0_14_miniboss_win_3,Het is elke keer hetzelfde. Zoek jezelf een andere aartsvijand.,Het is elke keer hetzelfde. Zoek jezelf een andere aartsvijand,,weblate,cleanup
rename,ru,dialogue_text_campaign_1_0_22_miniboss_1,dialog_text_campaign_1_0_22_miniboss_1,Впереди ветхий корабль... Неужели это старый Барбосса?,Впереди ветхий корабль… Неужели это старый Барбосса?,,weblate,ru-ellipsis
rename,fr,dialogue_text_campaign_1_0_22_miniboss_1,dialog_text_campaign_1_0_22_miniboss_1,"Devant, un vieux navire... Est-ce le vieux Barbossa ?","Devant, un vieux navire... Est-ce le vieux Barbossa ?",,weblate,cleanup
rename,en,dialogue_text_campaign_1_0_22_miniboss_3,dialog_text_campaign_1_0_22_miniboss_3,Barbossa! You've been away from piracy for a long time...,Barbossa! You've been away from piracy for a long time…,,weblate,cleanup
rename,es,dialogue_text_campaign_1_0_22_miniboss_3,dialog_text_campaign_1_0_22_miniboss_3,¡Barbosa! Has estado fuera de la piratería durante mucho tiempo...,¡Barbosa! Has estado fuera de la piratería durante mucho tiempo…,,weblate,cleanup
rename,fr,dialogue_text_campaign_1_0_22_miniboss_3,dialog_text_campaign_1_0_22_miniboss_3,Barbossa ! Tu es éloigné de la piraterie depuis longtemps...,Barbossa ! Tu es éloigné de la piraterie depuis longtemps…,,weblate,cleanup
rename,pt,dialogue_text_campaign_1_0_22_miniboss_3,dialog_text_campaign_1_0_22_miniboss_3,Barbossa! Você está afastado da pirataria há muito tempo...,Barbossa! Você está afastado da pirataria há muito tempo…,,weblate,cleanup
rename,pl,dialogue_text_campaign_1_0_22_miniboss_3,dialog_text_campaign_1_0_22_miniboss_3,Barbossa! Dawno już opuściłeś piractwo...,Barbossa! Dawno już opuściłeś piractwo…,,weblate,cleanup
rename,de,dialogue_text_campaign_1_0_22_miniboss_3,dialog_text_campaign_1_0_22_miniboss_3,Barbossa! Du bist schon lange weg vom Piratenleben...,Barbossa! Du bist schon lange weg vom Piratenleben…,,weblate,cleanup
rename,it,dialogue_text_campaign_1_0_22_miniboss_3,dialog_text_campaign_1_0_22_miniboss_3,Barbossa! Sei lontano dalla pirateria da molto tempo...,Barbossa! Sei lontano dalla pirateria da molto tempo…,,weblate,cleanup
rename,th,dialogue_text_campaign_1_0_22_miniboss_3,dialog_text_campaign_1_0_22_miniboss_3,บาร์บอสซ่า! คุณห่างจากการเป็นโจรสลัดมานานแล้ว...,บาร์บอสซ่า! คุณห่างจากการเป็นโจรสลัดมานานแล้ว…,,weblate,cleanup
rename,id,dialogue_text_campaign_1_0_22_miniboss_3,dialog_text_campaign_1_0_22_miniboss_3,Barbossa! Kamu sudah lama meninggalkan dunia bajak laut...,Barbossa! Kamu sudah lama meninggalkan dunia bajak laut…,,weblate,cleanup
rename,kr,dialogue_text_campaign_1_0_22_miniboss_3,dialog_text_campaign_1_0_22_miniboss_3,바르보사! 너는 아주 오랫동안 해적에서 떠났잖아...,바르보사! 너는 아주 오랫동안 해적에서 떠났잖아…,,weblate,cleanup
rename,jp,dialogue_text_campaign_1_0_22_miniboss_3,dialog_text_campaign_1_0_22_miniboss_3,バルボッサ！君はもう長いこと海賊を離れているじゃないか...,バルボッサ！君はもう長いこと海賊を離れているじゃないか…,,weblate,cleanup
rename,tr,dialogue_text_campaign_1_0_22_miniboss_3,dialog_text_campaign_1_0_22_miniboss_3,Barbossa! Piratlıktan uzun zamandır uzaklaştın...,Barbossa! Piratlıktan uzun zamandır uzaklaştın…,,weblate,cleanup
rename,vi,dialogue_text_campaign_1_0_22_miniboss_3,dialog_text_campaign_1_0_22_miniboss_3,Barbossa! Ông đã rời xa giới cướp biển lâu lắm rồi...,Barbossa! Ông đã rời xa giới cướp biển lâu lắm rồi…,,weblate,cleanup
rename,nl,dialogue_text_campaign_1_0_22_miniboss_3,dialog_text_campaign_1_0_22_miniboss_3,Barbossa! Je bent al lang weg van piraterij...,Barbossa! Je bent al lang weg van piraterij…,,weblate,cleanup
rename,fr,dialogue_text_campaign_1_0_22_miniboss_4,dialog_text_campaign_1_0_22_miniboss_4,"C'est vrai. Mais Moonblood m'a rappelé une vieille dette. Ne pense pas que je sois heureux de cela. Équipage, chargez les canons !","C'est vrai. Mais Moonblood m'a rappelé une vieille dette. Ne pense pas que je sois heureux de cela. Équipage, chargez les canons !",,weblate,cleanup
rename,fr,dialogue_text_campaign_1_0_boss_3,dialog_text_campaign_1_0_boss_3,Il est parti comme ça ? Tu as fait un deal avec lui ? Et ta vengeance ?,Il est parti comme ça ? Tu as fait un deal avec lui ? Et ta vengeance ?,,weblate,cleanup
rename,es,dialogue_text_campaign_1_0_boss_4,dialog_text_campaign_1_0_boss_4,"A veces ocurren fuerzas incontrolables, Capitán Reed. Tu ex-cuartermaster es justo esa fuerza. A diferencia de ti...","A veces ocurren fuerzas incontrolables, Capitán Reed. Tu ex-cuartermaster es justo esa fuerza. A diferencia de ti…",,weblate,cleanup
rename,fr,dialogue_text_campaign_1_0_boss_4,dialog_text_campaign_1_0_boss_4,"Parfois, il y a des forces incontrôlables, capitaine Reed. Ton ancien quartier-maître est justement une de ces forces. Ce qui n'est pas le cas de toi...","Parfois, il y a des forces incontrôlables, capitaine Reed. Ton ancien quartier-maître est justement une de ces forces. Ce qui n'est pas le cas de toi…",,weblate,cleanup
rename,pt,dialogue_text_campaign_1_0_boss_4,dialog_text_campaign_1_0_boss_4,"Às vezes, existem forças incontroláveis, Capitão Reed. Seu ex-quartel-mestre é exatamente essa força. O que não se pode dizer de você...","Às vezes, existem forças incontroláveis, Capitão Reed. Seu ex-quartel-mestre é exatamente essa força. O que não se pode dizer de você…",,weblate,cleanup
rename,pl,dialogue_text_campaign_1_0_boss_4,dialog_text_campaign_1_0_boss_4,"Czasami zdarzają się siły, których nie da się kontrolować, kapitanie Reed. Twój były kwatermistrz to właśnie taka siła. Czego nie można powiedzieć o tobie...","Czasami zdarzają się siły, których nie da się kontrolować, kapitanie Reed. Twój były kwatermistrz to właśnie taka siła. Czego nie można powiedzieć o tobie…",,weblate,cleanup
rename,de,dialogue_text_campaign_1_0_boss_4,dialog_text_campaign_1_0_boss_4,"Manchmal gibt es unkontrollierbare Kräfte, Captain Reed. Dein ehemaliger Quartiermeister ist genau so eine Kraft. Was man über dich nicht sagen kann...","Manchmal gibt es unkontrollierbare Kräfte, Captain Reed. Dein ehemaliger Quartiermeister ist genau so eine Kraft. Was man über dich nicht sagen kann…",,weblate,cleanup
rename,it,dialogue_text_campaign_1_0_boss_4,dialog_text_campaign_1_0_boss_4,"A volte ci sono forze incontrollabili, Capitano Reed. Il tuo ex quartiermastro è proprio una di queste forze. Cosa che non si può dire di te...","A volte ci sono forze incontrollabili, Capitano Reed. Il tuo ex quartiermastro è proprio una di queste forze. Cosa che non si può dire di te…",,weblate,cleanup
rename,th,dialogue_text_campaign_1_0_boss_4,dialog_text_campaign_1_0_boss_4,"บางครั้งก็มีแรงที่ไม่สามารถควบคุมได้, กัปตันรีด. อดีตผู้ดูแลของคุณเป็นแรงที่ไม่สามารถควบคุมได้เช่นกัน. ซึ่งไม่สามารถพูดได้เกี่ยวกับคุณ...","บางครั้งก็มีแรงที่ไม่สามารถควบคุมได้, กัปตันรีด. อดีตผู้ดูแลของคุณเป็นแรงที่ไม่สามารถควบคุมได้เช่นกัน. ซึ่งไม่สามารถพูดได้เกี่ยวกับคุณ…",,weblate,cleanup
rename,id,dialogue_text_campaign_1_0_boss_4,dialog_text_campaign_1_0_boss_4,"Terkadang ada kekuatan yang tak terkontrol, Kapten Reed. Mantan kepala penjaga Anda adalah kekuatan seperti itu. Yang tidak bisa saya katakan tentang Anda...","Terkadang ada kekuatan yang tak terkontrol, Kapten Reed. Mantan kepala penjaga Anda adalah kekuatan seperti itu. Yang tidak bisa saya katakan tentang Anda…",,weblate,cleanup
rename,cn,dialogue_text_campaign_1_0_boss_4,dialog_text_campaign_1_0_boss_4,有时候，会有无法抗拒的力量，瑞德船长。你的前舵手正是这种力量。和你不一样...,有时候，会有无法抗拒的力量，瑞德船长。你的前舵手正是这种力量。和你不一样…,,weblate,cleanup
rename,kr,dialogue_text_campaign_1_0_boss_4,dialog_text_campaign_1_0_boss_4,"가끔은 제어할 수 없는 힘이 있죠, 리드 선장. 당신의 전 선임 수석 항해사는 바로 그런 힘이에요. 당신에게는 그렇지 않지만...","가끔은 제어할 수 없는 힘이 있죠, 리드 선장. 당신의 전 선임 수석 항해사는 바로 그런 힘이에요. 당신에게는 그렇지 않지만…",,weblate,cleanup
rename,tr,dialogue_text_campaign_1_0_boss_4,dialog_text_campaign_1_0_boss_4,"Bazen kontrol edilemeyen güçler vardır, Kaptan Reed. Eski çeyrekbaşınız tam olarak böyle bir güç. Senin hakkında söyleyemeyeceğimiz şeyler var...","Bazen kontrol edilemeyen güçler vardır, Kaptan Reed. Eski çeyrekbaşınız tam olarak böyle bir güç. Senin hakkında söyleyemeyeceğimiz şeyler var…",,weblate,cleanup
rename,nl,dialogue_text_campaign_1_0_boss_4,dialog_text_campaign_1_0_boss_4,"Soms zijn er krachten buiten onze macht, Kapitein Reed. Uw voormalige kwartiermeester is zo'n kracht. In tegenstelling tot u...","Soms zijn er krachten buiten onze macht, Kapitein Reed. Uw voormalige kwartiermeester is zo'n kracht. In tegenstelling tot u…",,weblate,cleanup
rename,en,dialogue_text_campaign_1_0_boss_win_1,dialog_text_campaign_1_0_boss_win_1,"What did Moonblood  bribe you with, Terror?","What did Moonblood bribe you with, Terror?",,weblate,cleanup
rename,fr,dialogue_text_campaign_1_0_boss_win_1,dialog_text_campaign_1_0_boss_win_1,"Avec quoi Moonblood t'a-t-il acheté, Terror ?","Avec quoi Moonblood t'a-t-il acheté, Terror ?",,weblate,cleanup
rename,es,dialogue_text_campaign_1_0_boss_win_2,dialog_text_campaign_1_0_boss_win_2,No me pagó ni una onza de oro. Y se fue hacia el este. Deberías haber visto lo que hizo con tu galeón...,No me pagó ni una onza de oro. Y se fue hacia el este. Deberías haber visto lo que hizo con tu galeón…,,weblate,cleanup
rename,fr,dialogue_text_campaign_1_0_boss_win_2,dialog_text_campaign_1_0_boss_win_2,Il ne m'a payé aucune once d'or. Et il est parti vers l'est. Tu aurais vu ce qu'il a fait à ton galion...,Il ne m'a payé aucune once d'or. Et il est parti vers l'est. Tu aurais vu ce qu'il a fait à ton galion…,,weblate,cleanup
rename,pt,dialogue_text_campaign_1_0_boss_win_2,dialog_text_campaign_1_0_boss_win_2,Ele não me pagou nem uma onça de ouro. E foi para o leste. Você deveria ver o que ele fez com seu galeão...,Ele não me pagou nem uma onça de ouro. E foi para o leste. Você deveria ver o que ele fez com seu galeão…,,weblate,cleanup
rename,pl,dialogue_text_campaign_1_0_boss_win_2,dialog_text_campaign_1_0_boss_win_2,"Nie zapłacił mi ani uncji złota. I poszedł na wschód. Powinnaś była zobaczyć, co zrobił z twoim galeonem...","Nie zapłacił mi ani uncji złota. I poszedł na wschód. Powinnaś była zobaczyć, co zrobił z twoim galeonem…",,weblate,cleanup
rename,de,dialogue_text_campaign_1_0_boss_win_2,dialog_text_campaign_1_0_boss_win_2,"Er hat mir keinen einzigen Unzen Gold gezahlt. Und er ist nach Osten gegangen. Du hättest gesehen, was er mit deinem Galeonen gemacht hat...","Er hat mir keinen einzigen Unzen Gold gezahlt. Und er ist nach Osten gegangen. Du hättest gesehen, was er mit deinem Galeonen gemacht hat…",,weblate,cleanup
rename,it,dialogue_text_campaign_1_0_boss_win_2,dialog_text_campaign_1_0_boss_win_2,Non mi ha pagato nemmeno un'oncia d'oro. E se n'è andato verso est. Avresti dovuto vedere cosa ha fatto con il tuo galeone...,Non mi ha pagato nemmeno un'oncia d'oro. E se n'è andato verso est. Avresti dovuto vedere cosa ha fatto con il tuo galeone…,,weblate,cleanup
rename,th,dialogue_text_campaign_1_0_boss_win_2,dialog_text_campaign_1_0_boss_win_2,เขาไม่ได้จ่ายทองแม้แต่สักออนซ์เดียว และเขาก็ไปทางทิศตะวันออก คุณควรเห็นสิ่งที่เขาทำกับเรือเกลียงของคุณ...,เขาไม่ได้จ่ายทองแม้แต่สักออนซ์เดียว และเขาก็ไปทางทิศตะวันออก คุณควรเห็นสิ่งที่เขาทำกับเรือเกลียงของคุณ…,,weblate,cleanup
rename,id,dialogue_text_campaign_1_0_boss_win_2,dialog_text_campaign_1_0_boss_win_2,Dia tidak membayar saya bahkan sebutir emas. Dan dia pergi ke timur. Anda seharusnya melihat apa yang dia lakukan dengan galeon Anda...,Dia tidak membayar saya bahkan sebutir emas. Dan dia pergi ke timur. Anda seharusnya melihat apa yang dia lakukan dengan galeon Anda…,,weblate,cleanup
rename,cn,dialogue_text_campaign_1_0_boss_win_2,dialog_text_campaign_1_0_boss_win_2,他没付我一盎司黄金。然后他朝东去了。你该看看他对你的战舰做了什么...,他没付我一盎司黄金。然后他朝东去了。你该看看他对你的战舰做了什么…,,weblate,cleanup
rename,kr,dialogue_text_campaign_1_0_boss_win_2,dialog_text_campaign_1_0_boss_win_2,그는 내게 금 한 온스도 지불하지 않았다. 그리고 동쪽으로 갔다. 네가 네 갤리온이 어떻게 됐는지 봤다면...,그는 내게 금 한 온스도 지불하지 않았다. 그리고 동쪽으로 갔다. 네가 네 갤리온이 어떻게 됐는지 봤다면…,,weblate,cleanup
rename,jp,dialogue_text_campaign_1_0_boss_win_2,dialog_text_campaign_1_0_boss_win_2,彼は私に金一オンスも払わなかった。そして東へ行った。あなたのガレオンがどうなったか、あなたは見たほうがいい...,彼は私に金一オンスも払わなかった。そして東へ行った。あなたのガレオンがどうなったか、あなたは見たほうがいい…,,weblate,cleanup
rename,tr,dialogue_text_campaign_1_0_boss_win_2,dialog_text_campaign_1_0_boss_win_2,Bana bir ons altın bile ödemedi. Ve doğuya gitti. Senin galeonunla ne yaptığına bakmalısın...,Bana bir ons altın bile ödemedi. Ve doğuya gitti. Senin galeonunla ne yaptığına bakmalısın…,,weblate,cleanup
rename,vi,dialogue_text_campaign_1_0_boss_win_2,dialog_text_campaign_1_0_boss_win_2,Anh ta không trả cho ta một xu vàng nào cả. Và anh ta đã đi về phía đông. Ngươi nên thấy những gì anh ta đã làm với chiếc thuyền của ngươi...,Anh ta không trả cho ta một xu vàng nào cả. Và anh ta đã đi về phía đông. Ngươi nên thấy những gì anh ta đã làm với chiếc thuyền của ngươi…,,weblate,cleanup
rename,nl,dialogue_text_campaign_1_0_boss_win_2,dialog_text_campaign_1_0_boss_win_2,Hij heeft me geen greintje goud betaald. En hij ging naar het oosten. Je had moeten zien wat hij met je galjoen heeft gedaan...,Hij heeft me geen greintje goud betaald. En hij ging naar het oosten. Je had moeten zien wat hij met je galjoen heeft gedaan…,,weblate,cleanup
rename,fr,dialogue_text_campaign_1_0_boss_win_3,dialog_text_campaign_1_0_boss_win_3,Mon galion ?,Mon galion ?,,weblate,cleanup
rename,vi,dialogue_text_campaign_1_0_boss_win_4,dialog_text_campaign_1_0_boss_win_4,Anh ta đã nguyền rủa con tàu. Và giờ đây những cánh buồm ngọc lục bảo của Chiếc Thuyền Ma Ám phát sáng trong bóng tối của màn đêm...,Anh ta đã nguyền rủa con tàu. Và giờ đây những cánh buồm ngọc lục bảo của Chiếc Thuyền Ma Ám phát sáng trong bóng tối của màn đêm…,,weblate,cleanup
rename,nl,dialogue_text_campaign_1_0_boss_win_4,dialog_text_campaign_1_0_boss_win_4,Hij heeft het schip vervloekt. En nu gloeien de smaragdgroene zeilen van het Vervloekte Galjoen in de duisternis van de nacht...,Hij heeft het schip vervloekt. En nu gloeien de smaragdgroene zeilen van het Vervloekte Galjoen in de duisternis van de nacht…,,weblate,cleanup
rename,fr,dialogue_text_campaign_1_0_boss_win_5,dialog_text_campaign_1_0_boss_win_5,Qu'est-ce qu'il a fait ?!,Qu'est-ce qu'il a fait ?!,,weblate,cleanup
rename,fr,dialogue_text_campaign_1_0_boss_win_6,dialog_text_campaign_1_0_boss_win_6,"À qui pries-tu, Capitaine Reed, lorsque la tempête vient te chercher ? Nérée ? Peut-être Njord ou Calypso ? Les dieux de Moonblood sont beaucoup plus puissants que ceux vénérés par les autres pirates. Ils lui répondent.","À qui pries-tu, Capitaine Reed, lorsque la tempête vient te chercher ? Nérée ? Peut-être Njord ou Calypso ? Les dieux de Moonblood sont beaucoup plus puissants que ceux vénérés par les autres pirates. Ils lui répondent.",,weblate,cleanup
rename,fr,dialogue_text_campaign_1_0_boss_win_7,dialog_text_campaign_1_0_boss_win_7,Mon navire... Moonblood répondra de tout ce qu'il a fait !,Mon navire... Moonblood répondra de tout ce qu'il a fait !,,weblate,cleanup
rename,en,dialogue_text_campaign_2_0_region_3,dialog_text_campaign_2_0_region_3,"But people like that usually know more than they let on. I’m sure if Moonblood  came here, it’s definitely to meet with her.","But people like that usually know more than they let on. I’m sure if Moonblood came here, it’s definitely to meet with her.",,weblate,cleanup
rename,fr,dialogue_text_campaign_2_0_6_miniboss_2,dialog_text_campaign_2_0_6_miniboss_2,Des cannibales ? Comment as-tu réussi à négocier avec eux ?,Des cannibales ? Comment as-tu réussi à négocier avec eux ?,,weblate,cleanup
rename,fr,dialogue_text_campaign_2_0_6_miniboss_3,dialog_text_campaign_2_0_6_miniboss_3,"Oh, ce n'est pas difficile du tout si vous pouvez leur offrir de la viande fraîche. Messieurs, votre déjeuner est arrivé !","Oh, ce n'est pas difficile du tout si vous pouvez leur offrir de la viande fraîche. Messieurs, votre déjeuner est arrivé !",,weblate,cleanup
rename,ru,dialogue_text_campaign_2_0_14_miniboss_1,dialog_text_campaign_2_0_14_miniboss_1,"Корабль Королевской армады, и здесь... Это неприятности. Лучше напасть первыми, они нас всё равно не пропустят.","Корабль Королевской армады, и здесь… Это неприятности. Лучше напасть первыми, они нас всё равно не пропустят.",,weblate,ru-ellipsis
rename,fr,dialogue_text_campaign_2_0_14_miniboss_2,dialog_text_campaign_2_0_14_miniboss_2,"Vaisseau non identifié ! Rendez-vous, et nous épargnerons vos vies !","Vaisseau non identifié ! Rendez-vous, et nous épargnerons vos vies !",,weblate,cleanup
rename,fr,dialogue_text_campaign_2_0_14_miniboss_win,dialog_text_campaign_2_0_14_miniboss_win,Qui sait qui se perd dans ces endroits. Que fait la Royale Armada ici ?,Qui sait qui se perd dans ces endroits. Que fait la Royale Armada ici ?,,weblate,cleanup
rename,fr,dialogue_text_campaign_2_0_22_miniboss_1,dialog_text_campaign_2_0_22_miniboss_1,Viande fraîche ! À bord ! Préparez-vous à devenir le déjeuner !,Viande fraîche ! À bord ! Préparez-vous à devenir le déjeuner !,,weblate,cleanup
rename,fr,dialogue_text_campaign_2_0_22_miniboss_2,dialog_text_campaign_2_0_22_miniboss_2,Encore les amis de Moonblood. Aux armes !,Encore les amis de Moonblood. Aux armes !,,weblate,cleanup
rename,fr,dialogue_text_campaign_2_0_boss_1,dialog_text_campaign_2_0_boss_1,"Merde, c'est une embuscade ! On dirait que Moonblood a appris aux cannibales à ressusciter les morts... Ou ce qu'il en reste.","Merde, c'est une embuscade ! On dirait que Moonblood a appris aux cannibales à ressusciter les morts... Ou ce qu'il en reste.",,weblate,cleanup
rename,fr,dialogue_text_campaign_2_0_boss_2,dialog_text_campaign_2_0_boss_2,"Amis, vous arrivez juste à temps pour le dîner ! Comme nous l'a promis notre cher ami ! Bienvenue à la table !","Amis, vous arrivez juste à temps pour le dîner ! Comme nous l'a promis notre cher ami ! Bienvenue à la table !",,weblate,cleanup
rename,fr,dialogue_text_campaign_2_0_boss_3,dialog_text_campaign_2_0_boss_3,Vous pensez toujours à la nourriture ici ?,Vous pensez toujours à la nourriture ici ?,,weblate,cleanup
rename,fr,dialogue_text_campaign_2_0_boss_win_1,dialog_text_campaign_2_0_boss_win_1,"Il nous a trompés ! Il a promis qu'avec la Pierre de Lune, nous serions invincibles !","Il nous a trompés ! Il a promis qu'avec la Pierre de Lune, nous serions invincibles !",,weblate,cleanup
rename,fr,dialogue_text_campaign_2_0_boss_win_2,dialog_text_campaign_2_0_boss_win_2,Avec la Pierre de Lune ? On dirait un autre cadeau de Moonblood. C'est grâce à lui qu'ils ont ressuscité les morts !,Avec la Pierre de Lune ? On dirait un autre cadeau de Moonblood. C'est grâce à lui qu'ils ont ressuscité les morts !,,weblate,cleanup
rename,ru,dialogue_text_campaign_2_0_boss_win_3,dialog_text_campaign_2_0_boss_win_3,"Даже знать не хочу, как его использовали, чтобы создавать этих скелетов... Но, может быть, он еще пригодится.","Даже знать не хочу, как его использовали, чтобы создавать этих скелетов… Но, может быть, он еще пригодится.",,weblate,ru-ellipsis
rename,fr,dialogue_text_campaign_2_1_region_1,dialog_text_campaign_2_1_region_1,Êtes-vous Malika la chamane dont tout le monde parle dans ces eaux ? J'ai quelques questions.,Êtes-vous Malika la chamane dont tout le monde parle dans ces eaux ? J'ai quelques questions.,,weblate,cleanup
rename,fr,dialogue_text_campaign_2_1_region_3,dialog_text_campaign_2_1_region_3,"Les affaires honnêtes, c'est mon truc. Nous avons une pierre intéressante, elle pourrait être un bon paiement. Qu'est-ce que Moonblood voulait de toi ? Et qu'est-ce que cet or qui tombe du ciel ?","Les affaires honnêtes, c'est mon truc. Nous avons une pierre intéressante, elle pourrait être un bon paiement. Qu'est-ce que Moonblood voulait de toi ? Et qu'est-ce que cet or qui tombe du ciel ?",,weblate,cleanup
rename,es,dialogue_text_campaign_2_1_region_4,dialog_text_campaign_2_1_region_4,"Esto es una cosa poderosa, niña. Aceptaré tu regalo. Pero el regalo es solo uno. Y hay dos preguntas. Moonblood necesitaba lo mismo que tú. En cuanto a la segunda pregunta...","Esto es una cosa poderosa, niña. Aceptaré tu regalo. Pero el regalo es solo uno. Y hay dos preguntas. Moonblood necesitaba lo mismo que tú. En cuanto a la segunda pregunta…",,weblate,cleanup
rename,fr,dialogue_text_campaign_2_1_region_4,dialog_text_campaign_2_1_region_4,"C'est une chose puissante, enfant. J'accepterai ton cadeau. Mais le cadeau n'est qu'un. Et il y a deux questions. Moonblood avait besoin de la même chose que toi. Quant à la deuxième question...","C'est une chose puissante, enfant. J'accepterai ton cadeau. Mais le cadeau n'est qu'un. Et il y a deux questions. Moonblood avait besoin de la même chose que toi. Quant à la deuxième question…",,weblate,cleanup
rename,pt,dialogue_text_campaign_2_1_region_4,dialog_text_campaign_2_1_region_4,"Isso é uma coisa poderosa, criança. Eu aceitarei seu presente. Mas o presente é apenas um. E há duas perguntas. Moonblood precisava do mesmo que você. Quanto à segunda pergunta...","Isso é uma coisa poderosa, criança. Eu aceitarei seu presente. Mas o presente é apenas um. E há duas perguntas. Moonblood precisava do mesmo que você. Quanto à segunda pergunta…",,weblate,cleanup
rename,pl,dialogue_text_campaign_2_1_region_4,dialog_text_campaign_2_1_region_4,"To potężna rzecz, dziecko. Przyjmę twój dar. Ale dar jest tylko jeden. A pytań jest dwa. Moonblood potrzebował tego samego, co ty. Jeśli chodzi o drugie pytanie...","To potężna rzecz, dziecko. Przyjmę twój dar. Ale dar jest tylko jeden. A pytań jest dwa. Moonblood potrzebował tego samego, co ty. Jeśli chodzi o drugie pytanie…",,weblate,cleanup
rename,de,dialogue_text_campaign_2_1_region_4,dialog_text_campaign_2_1_region_4,"Das ist eine mächtige Sache, Kind. Ich werde dein Geschenk annehmen. Aber das Geschenk ist nur eines. Und es gibt zwei Fragen. Moonblood brauchte das gleiche wie du. Was die zweite Frage betrifft...","Das ist eine mächtige Sache, Kind. Ich werde dein Geschenk annehmen. Aber das Geschenk ist nur eines. Und es gibt zwei Fragen. Moonblood brauchte das gleiche wie du. Was die zweite Frage betrifft…",,weblate,cleanup
rename,it,dialogue_text_campaign_2_1_region_4,dialog_text_campaign_2_1_region_4,"Questa è una cosa potente, bambina. Accetterò il tuo dono. Ma il dono è uno solo. E ci sono due domande. Moonblood aveva bisogno della stessa cosa che te. Per quanto riguarda la seconda domanda...","Questa è una cosa potente, bambina. Accetterò il tuo dono. Ma il dono è uno solo. E ci sono due domande. Moonblood aveva bisogno della stessa cosa che te. Per quanto riguarda la seconda domanda…",,weblate,cleanup
rename,th,dialogue_text_campaign_2_1_region_4,dialog_text_campaign_2_1_region_4,นี่คือสิ่งที่ทรงพลัง ลูกสาว ข้าจะรับของขวัญของเจ้า แต่ของขวัญมีแค่หนึ่ง และมีคำถามสองข้อ มุนบลัดต้องการสิ่งเดียวกับเจ้า ส่วนคำถามที่สอง...,นี่คือสิ่งที่ทรงพลัง ลูกสาว ข้าจะรับของขวัญของเจ้า แต่ของขวัญมีแค่หนึ่ง และมีคำถามสองข้อ มุนบลัดต้องการสิ่งเดียวกับเจ้า ส่วนคำถามที่สอง…,,weblate,cleanup
rename,id,dialogue_text_campaign_2_1_region_4,dialog_text_campaign_2_1_region_4,"Ini adalah hal yang kuat, anak. Saya akan menerima hadiahmu. Tapi hadiah itu hanya satu. Dan ada dua pertanyaan. Moonblood membutuhkan hal yang sama seperti kamu. Mengenai pertanyaan kedua...","Ini adalah hal yang kuat, anak. Saya akan menerima hadiahmu. Tapi hadiah itu hanya satu. Dan ada dua pertanyaan. Moonblood membutuhkan hal yang sama seperti kamu. Mengenai pertanyaan kedua…",,weblate,cleanup
rename,kr,dialogue_text_campaign_2_1_region_4,dialog_text_campaign_2_1_region_4,"이건 강력한 것이다, 아이야. 나는 너의 선물을 받을 것이다. 하지만 선물은 하나뿐이다. 그리고 질문은 두 개다. 문블러드가 네가 필요로 한 것과 같은 것을 필요로 했다. 두 번째 질문에 대해서는...","이건 강력한 것이다, 아이야. 나는 너의 선물을 받을 것이다. 하지만 선물은 하나뿐이다. 그리고 질문은 두 개다. 문블러드가 네가 필요로 한 것과 같은 것을 필요로 했다. 두 번째 질문에 대해서는…",,weblate,cleanup
rename,jp,dialogue_text_campaign_2_1_region_4,dialog_text_campaign_2_1_region_4,これは強力なものだ、子供よ。私は君の贈り物を受け取るだろう。しかし贈り物は一つだけだ。そして質問は二つだ。ムーンブラッドは君と同じものが必要だった。二つ目の質問については...,これは強力なものだ、子供よ。私は君の贈り物を受け取るだろう。しかし贈り物は一つだけだ。そして質問は二つだ。ムーンブラッドは君と同じものが必要だった。二つ目の質問については…,,weblate,cleanup
rename,tr,dialogue_text_campaign_2_1_region_4,dialog_text_campaign_2_1_region_4,"Bu güçlü bir şey, çocuk. Hediyeni kabul edeceğim. Ama hediye yalnızca bir tane. Ve iki soru var. Moonblood senin ihtiyacın olan şeyi istedi. İkinci soruya gelince...","Bu güçlü bir şey, çocuk. Hediyeni kabul edeceğim. Ama hediye yalnızca bir tane. Ve iki soru var. Moonblood senin ihtiyacın olan şeyi istedi. İkinci soruya gelince…",,weblate,cleanup
rename,vi,dialogue_text_campaign_2_1_region_4,dialog_text_campaign_2_1_region_4,"Đây là một thứ mạnh mẽ, con gái. Ta sẽ nhận món quà của ngươi. Nhưng chỉ có một món quà. Và có tới hai câu hỏi. Moonblood cần điều tương tự như ngươi. Còn về câu hỏi thứ hai...","Đây là một thứ mạnh mẽ, con gái. Ta sẽ nhận món quà của ngươi. Nhưng chỉ có một món quà. Và có tới hai câu hỏi. Moonblood cần điều tương tự như ngươi. Còn về câu hỏi thứ hai…",,weblate,cleanup
rename,nl,dialogue_text_campaign_2_1_region_4,dialog_text_campaign_2_1_region_4,"Dit is een krachtig ding, kind. Ik zal je geschenk accepteren. Maar het geschenk is slechts één. En er zijn twee vragen. Moonblood had hetzelfde nodig als jij. Wat de tweede vraag betreft...","Dit is een krachtig ding, kind. Ik zal je geschenk accepteren. Maar het geschenk is slechts één. En er zijn twee vragen. Moonblood had hetzelfde nodig als jij. Wat de tweede vraag betreft…",,weblate,cleanup
rename,ru,dialogue_text_campaign_2_1_region_6,dialog_text_campaign_2_1_region_6,"Не слишком ли большая цена за один вопрос? И не слишком ли простой ответ за такой камень... Ладно, мы в деле. Говорил мне отец не связываться с колдунами…","Не слишком ли большая цена за один вопрос? И не слишком ли простой ответ за такой камень… Ладно, мы в деле. Говорил мне отец не связываться с колдунами…",,weblate,ru-ellipsis
rename,en,dialogue_text_campaign_2_1_region_6,dialog_text_campaign_2_1_region_6,"Isn't the price too high for a single question? And isn't the answer too simple for such a stone... Fine, we're in. My father told me not to mess with sorcerers...","Isn't the price too high for a single question? And isn't the answer too simple for such a stone... Fine, we're in. My father told me not to mess with sorcerers…",,weblate,cleanup
rename,es,dialogue_text_campaign_2_1_region_6,dialog_text_campaign_2_1_region_6,"¿No es demasiado alto el precio por una sola pregunta? Y ¿no es la respuesta demasiado simple para una piedra como esa...? Está bien, estamos en esto. Mi padre me dijo que no me metiera con los hechiceros...","¿No es demasiado alto el precio por una sola pregunta? Y ¿no es la respuesta demasiado simple para una piedra como esa...? Está bien, estamos en esto. Mi padre me dijo que no me metiera con los hechiceros…",,weblate,cleanup
rename,fr,dialogue_text_campaign_2_1_region_6,dialog_text_campaign_2_1_region_6,"Le prix n'est-il pas trop élevé pour une seule question ? Et la réponse n'est-elle pas trop simple pour une telle pierre... Bon, nous sommes dans le coup. Mon père m'a dit de ne pas m'impliquer avec les sorciers...","Le prix n'est-il pas trop élevé pour une seule question ? Et la réponse n'est-elle pas trop simple pour une telle pierre... Bon, nous sommes dans le coup. Mon père m'a dit de ne pas m'impliquer avec les sorciers…",,weblate,cleanup
rename,pt,dialogue_text_campaign_2_1_region_6,dialog_text_campaign_2_1_region_6,"O preço não é alto demais por uma única pergunta? E a resposta não é simples demais para uma pedra dessas...? Certo, estamos no jogo. Meu pai me disse para não me envolver com feiticeiros...","O preço não é alto demais por uma única pergunta? E a resposta não é simples demais para uma pedra dessas...? Certo, estamos no jogo. Meu pai me disse para não me envolver com feiticeiros…",,weblate,cleanup
rename,pl,dialogue_text_campaign_2_1_region_6,dialog_text_campaign_2_1_region_6,"Czy cena nie jest zbyt wysoka za jedno pytanie? A odpowiedź nie jest zbyt prosta jak na taki kamień...? Dobrze, jesteśmy w grze. Mój ojciec powiedział mi, żebym nie mieszał z czarodziejami...","Czy cena nie jest zbyt wysoka za jedno pytanie? A odpowiedź nie jest zbyt prosta jak na taki kamień...? Dobrze, jesteśmy w grze. Mój ojciec powiedział mi, żebym nie mieszał z czarodziejami…",,weblate,cleanup
rename,de,dialogue_text_campaign_2_1_region_6,dialog_text_campaign_2_1_region_6,"Ist der Preis nicht zu hoch für eine einzige Frage? Und ist die Antwort nicht zu einfach für einen solchen Stein...? Na gut, wir machen mit. Mein Vater hat mir gesagt, ich soll mich nicht mit Zauberern einlassen...","Ist der Preis nicht zu hoch für eine einzige Frage? Und ist die Antwort nicht zu einfach für einen solchen Stein...? Na gut, wir machen mit. Mein Vater hat mir gesagt, ich soll mich nicht mit Zauberern einlassen…",,weblate,cleanup
rename,it,dialogue_text_campaign_2_1_region_6,dialog_text_campaign_2_1_region_6,"Non è troppo alto il prezzo per una sola domanda? E la risposta non è troppo semplice per una pietra come quella...? Va bene, ci siamo. Mio padre mi ha detto di non mescolarmi con i maghi...","Non è troppo alto il prezzo per una sola domanda? E la risposta non è troppo semplice per una pietra come quella...? Va bene, ci siamo. Mio padre mi ha detto di non mescolarmi con i maghi…",,weblate,cleanup
rename,th,dialogue_text_campaign_2_1_region_6,dialog_text_campaign_2_1_region_6,ราคานี้ไม่สูงเกินไปสำหรับคำถามหนึ่งคำถามเหรอ? และคำตอบที่ได้ไม่ง่ายเกินไปสำหรับหินแบบนี้เหรอ...? เอาล่ะ เราจะทำมันกัน พ่อเคยบอกให้ฉันอย่ายุ่งกับพ่อมด...,ราคานี้ไม่สูงเกินไปสำหรับคำถามหนึ่งคำถามเหรอ? และคำตอบที่ได้ไม่ง่ายเกินไปสำหรับหินแบบนี้เหรอ...? เอาล่ะ เราจะทำมันกัน พ่อเคยบอกให้ฉันอย่ายุ่งกับพ่อมด…,,weblate,cleanup
rename,id,dialogue_text_campaign_2_1_region_6,dialog_text_campaign_2_1_region_6,"Apakah harga ini terlalu tinggi untuk satu pertanyaan? Dan apakah jawabannya terlalu sederhana untuk batu seperti itu...? Baiklah, kita masuk. Ayahku bilang aku tidak boleh terlibat dengan penyihir...","Apakah harga ini terlalu tinggi untuk satu pertanyaan? Dan apakah jawabannya terlalu sederhana untuk batu seperti itu...? Baiklah, kita masuk. Ayahku bilang aku tidak boleh terlibat dengan penyihir…",,weblate,cleanup
rename,kr,dialogue_text_campaign_2_1_region_6,dialog_text_campaign_2_1_region_6,"하나의 질문에 대한 대가가 너무 크지 않나요? 그리고 그런 돌에 대한 답이 너무 간단하지 않나요...? 알겠습니다, 우리는 할 수 있습니다. 아버지가 마법사와 엮이지 말라고 하셨는데...","하나의 질문에 대한 대가가 너무 크지 않나요? 그리고 그런 돌에 대한 답이 너무 간단하지 않나요...? 알겠습니다, 우리는 할 수 있습니다. 아버지가 마법사와 엮이지 말라고 하셨는데…",,weblate,cleanup
rename,tr,dialogue_text_campaign_2_1_region_6,dialog_text_campaign_2_1_region_6,"Bir soru için bu kadar yüksek bir fiyat mı? Ve bu taş için verilen cevap çok basit değil mi...? Tamam, işin içinde olacağız. Babam bana büyücülerle uğraşmamamı söylemişti...","Bir soru için bu kadar yüksek bir fiyat mı? Ve bu taş için verilen cevap çok basit değil mi...? Tamam, işin içinde olacağız. Babam bana büyücülerle uğraşmamamı söylemişti…",,weblate,cleanup
rename,vi,dialogue_text_campaign_2_1_region_6,dialog_text_campaign_2_1_region_6,"Cái giá có quá cao cho một câu hỏi không? Và câu trả lời có quá đơn giản cho một viên đá như vậy không... Được rồi, chúng tôi đồng ý. Cha tôi đã bảo tôi đừng dính líu đến phù thủy...","Cái giá có quá cao cho một câu hỏi không? Và câu trả lời có quá đơn giản cho một viên đá như vậy không... Được rồi, chúng tôi đồng ý. Cha tôi đã bảo tôi đừng dính líu đến phù thủy…",,weblate,cleanup
rename,nl,dialogue_text_campaign_2_1_region_6,dialog_text_campaign_2_1_region_6,"Is de prijs niet te hoog voor één vraag? En is het antwoord niet te simpel voor zo'n steen... Goed, we doen mee. Mijn vader zei me niet met tovenaars te sollen...","Is de prijs niet te hoog voor één vraag? En is het antwoord niet te simpel voor zo'n steen... Goed, we doen mee. Mijn vader zei me niet met tovenaars te sollen…",,weblate,cleanup
rename,ru,dialogue_text_campaign_2_1_6_miniboss_1,dialog_text_campaign_2_1_6_miniboss_1,Эти корабли... десятками они попадают на лавовые рифы в здешних водах. Вся история их походов истлеет здесь.,Эти корабли… десятками они попадают на лавовые рифы в здешних водах. Вся история их походов истлеет здесь.,,weblate,ru-ellipsis
rename,fr,dialogue_text_campaign_2_1_14_miniboss_1,dialog_text_campaign_2_1_14_miniboss_1,Équipage ! Aux postes de combat ! Quelqu'un veut jouer à la guerre navale !,Équipage ! Aux postes de combat ! Quelqu'un veut jouer à la guerre navale !,,weblate,cleanup
rename,vi,dialogue_text_campaign_2_1_14_miniboss_1,dialog_text_campaign_2_1_14_miniboss_1,"Đừng dằn vặt về họ, con gái. Con sẽ cứu hoàng tử khỏi cả những kẻ bắt cóc và những tên hầu phản bội.","Đừng dằn vặt về họ, con gái. Con sẽ cứu hoàng tử khỏi cả những kẻ bắt cóc và những tên hầu phản bội!",2026-08-16T07:19,beta,review
rename,nl,dialogue_text_campaign_2_1_14_miniboss_1,dialog_text_campaign_2_1_14_miniboss_1,"Kwel jezelf niet over hen, kind. Je zult de prins redden van zowel de ontvoerders als de verraderlijke dienaren.","Kwel jezelf niet over hen, kind. Je zult de prins redden van zowel de ontvoerders als de verraderlijke dienaren!",2026-08-16T07:19,beta,review
rename,fr,dialogue_text_campaign_2_1_14_miniboss_2,dialog_text_campaign_2_1_14_miniboss_2,"Rendez-moi mon fils, maudits cannibales !","Rendez-moi mon fils, maudits cannibales !",,weblate,cleanup
rename,en,dialogue_text_campaign_2_1_14_miniboss_win_1,dialog_text_campaign_2_1_14_miniboss_win_1,Did anyone hear what he shouted before the attack? It seems they mistook us for cannibals...,Did anyone hear what he shouted before the attack? It seems they mistook us for cannibals…,,weblate,cleanup
rename,es,dialogue_text_campaign_2_1_14_miniboss_win_1,dialog_text_campaign_2_1_14_miniboss_win_1,¿Alguien escuchó lo que gritó antes del ataque? Parece que nos confundieron con caníbales...,¿Alguien escuchó lo que gritó antes del ataque? Parece que nos confundieron con caníbales…,,weblate,cleanup
rename,fr,dialogue_text_campaign_2_1_14_miniboss_win_1,dialog_text_campaign_2_1_14_miniboss_win_1,Quelqu'un a-t-il entendu ce qu'il a crié avant l'attaque ? Il semble qu'ils nous ont pris pour des cannibales...,Quelqu'un a-t-il entendu ce qu'il a crié avant l'attaque ? Il semble qu'ils nous ont pris pour des cannibales…,,weblate,cleanup
rename,pt,dialogue_text_campaign_2_1_14_miniboss_win_1,dialog_text_campaign_2_1_14_miniboss_win_1,Alguém ouviu o que ele gritou antes do ataque? Parece que nos confundiram com canibais...,Alguém ouviu o que ele gritou antes do ataque? Parece que nos confundiram com canibais…,,weblate,cleanup
rename,pl,dialogue_text_campaign_2_1_14_miniboss_win_1,dialog_text_campaign_2_1_14_miniboss_win_1,"Ktoś słyszał, co krzyczał przed atakiem? Chyba wzięli nas za kanibali...","Ktoś słyszał, co krzyczał przed atakiem? Chyba wzięli nas za kanibali…",,weblate,cleanup
rename,de,dialogue_text_campaign_2_1_14_miniboss_win_1,dialog_text_campaign_2_1_14_miniboss_win_1,"Hat jemand gehört, was er vor dem Angriff geschrien hat? Es scheint, sie haben uns für Kannibalen gehalten...","Hat jemand gehört, was er vor dem Angriff geschrien hat? Es scheint, sie haben uns für Kannibalen gehalten…",,weblate,cleanup
rename,it,dialogue_text_campaign_2_1_14_miniboss_win_1,dialog_text_campaign_2_1_14_miniboss_win_1,Qualcuno ha sentito cosa ha gridato prima dell'attacco? Sembra che ci abbiano scambiato per cannibali...,Qualcuno ha sentito cosa ha gridato prima dell'attacco? Sembra che ci abbiano scambiato per cannibali…,,weblate,cleanup
rename,th,dialogue_text_campaign_2_1_14_miniboss_win_1,dialog_text_campaign_2_1_14_miniboss_win_1,มีใครได้ยินว่าเขาตะโกนว่าอะไรตอนก่อนการโจมตีไหม? ดูเหมือนพวกเขาจะเข้าใจว่าเราเป็นพวกกินคน...,มีใครได้ยินว่าเขาตะโกนว่าอะไรตอนก่อนการโจมตีไหม? ดูเหมือนพวกเขาจะเข้าใจว่าเราเป็นพวกกินคน…,,weblate,cleanup
rename,id,dialogue_text_campaign_2_1_14_miniboss_win_1,dialog_text_campaign_2_1_14_miniboss_win_1,Ada yang mendengar apa yang dia teriakkan sebelum serangan? Sepertinya mereka mengira kita kanibal...,Ada yang mendengar apa yang dia teriakkan sebelum serangan? Sepertinya mereka mengira kita kanibal…,,weblate,cleanup
rename,cn,dialogue_text_campaign_2_1_14_miniboss_win_1,dialog_text_campaign_2_1_14_miniboss_win_1,有人听到他在攻击前喊了什么吗？看起来他们把我们当成食人族了...,有人听到他在攻击前喊了什么吗？看起来他们把我们当成食人族了…,,weblate,cleanup
rename,kr,dialogue_text_campaign_2_1_14_miniboss_win_1,dialog_text_campaign_2_1_14_miniboss_win_1,누군가 그가 공격 전에 무엇을 외쳤는지 들었나요? 우리가 식인종으로 오해한 것 같아요...,누군가 그가 공격 전에 무엇을 외쳤는지 들었나요? 우리가 식인종으로 오해한 것 같아요…,,weblate,cleanup
rename,jp,dialogue_text_campaign_2_1_14_miniboss_win_1,dialog_text_campaign_2_1_14_miniboss_win_1,誰か攻撃前に彼が何を叫んだか聞いた？私たちを人食い族と間違えたようだ...,誰か攻撃前に彼が何を叫んだか聞いた？私たちを人食い族と間違えたようだ…,,weblate,cleanup
rename,tr,dialogue_text_campaign_2_1_14_miniboss_win_1,dialog_text_campaign_2_1_14_miniboss_win_1,"Herkes, saldırıdan önce ne bağırdığını duydu mu? Bizi yamyam sanmış gibiler...","Herkes, saldırıdan önce ne bağırdığını duydu mu? Bizi yamyam sanmış gibiler…",,weblate,cleanup
rename,vi,dialogue_text_campaign_2_1_14_miniboss_win_1,dialog_text_campaign_2_1_14_miniboss_win_1,Có ai nghe thấy hắn hét gì trước khi tấn công không? Có vẻ như họ nhầm chúng ta với lũ ăn thịt người...,Có ai nghe thấy hắn hét gì trước khi tấn công không? Có vẻ như họ nhầm chúng ta với lũ ăn thịt người…,,weblate,cleanup
rename,nl,dialogue_text_campaign_2_1_14_miniboss_win_1,dialog_text_campaign_2_1_14_miniboss_win_1,Heeft iemand gehoord wat hij schreeuwde voor de aanval? Het lijkt erop dat ze ons voor kannibalen aanzagen...,Heeft iemand gehoord wat hij schreeuwde voor de aanval? Het lijkt erop dat ze ons voor kannibalen aanzagen…,,weblate,cleanup
rename,ru,dialogue_text_campaign_2_1_14_miniboss_win_4,dialog_text_campaign_2_1_14_miniboss_win_4,"Малика! Прости нас, мы... мы искали людоедов. Они напали на нашу деревню и выкрали наших близких. Нам показалось, будто вы - одни из них...","Малика! Прости нас, мы… мы искали людоедов. Они напали на нашу деревню и выкрали наших близких. Нам показалось, будто вы - одни из них…",,weblate,ru-ellipsis
rename,en,dialogue_text_campaign_2_1_14_miniboss_win_4,dialog_text_campaign_2_1_14_miniboss_win_4,"Malika! Forgive us, we... we were searching for cannibals. They attacked our village and kidnapped our loved ones. We thought you were one of them...","Malika! Forgive us, we... we were searching for cannibals. They attacked our village and kidnapped our loved ones. We thought you were one of them…",,weblate,cleanup
rename,es,dialogue_text_campaign_2_1_14_miniboss_win_4,dialog_text_campaign_2_1_14_miniboss_win_4,"¡Malika! Perdona, nosotros... estábamos buscando caníbales. Atacaron nuestra aldea y secuestraron a nuestros seres queridos. Pensamos que eras uno de ellos...","¡Malika! Perdona, nosotros... estábamos buscando caníbales. Atacaron nuestra aldea y secuestraron a nuestros seres queridos. Pensamos que eras uno de ellos…",,weblate,cleanup
rename,fr,dialogue_text_campaign_2_1_14_miniboss_win_4,dialog_text_campaign_2_1_14_miniboss_win_4,"Malika ! Pardonne-nous, nous... nous cherchions des cannibales. Ils ont attaqué notre village et enlevé nos proches. Nous avons cru que vous en faisiez partie...","Malika ! Pardonne-nous, nous... nous cherchions des cannibales. Ils ont attaqué notre village et enlevé nos proches. Nous avons cru que vous en faisiez partie…",,weblate,cleanup
rename,pt,dialogue_text_campaign_2_1_14_miniboss_win_4,dialog_text_campaign_2_1_14_miniboss_win_4,"Malika! Perdoe-nos, nós... estávamos procurando canibais. Eles atacaram nossa aldeia e sequestraram nossos entes queridos. Achamos que você era um deles...","Malika! Perdoe-nos, nós... estávamos procurando canibais. Eles atacaram nossa aldeia e sequestraram nossos entes queridos. Achamos que você era um deles…",,weblate,cleanup
rename,pl,dialogue_text_campaign_2_1_14_miniboss_win_4,dialog_text_campaign_2_1_14_miniboss_win_4,"Malika! Przeproś nas, my... szukaliśmy kanibali. Zaatakowali naszą wioskę i porwali naszych bliskich. Pomyśleliśmy, że jesteście jednym z nich...","Malika! Przeproś nas, my... szukaliśmy kanibali. Zaatakowali naszą wioskę i porwali naszych bliskich. Pomyśleliśmy, że jesteście jednym z nich…",,weblate,cleanup
rename,de,dialogue_text_campaign_2_1_14_miniboss_win_4,dialog_text_campaign_2_1_14_miniboss_win_4,"Malika! Vergib uns, wir... wir haben nach Kannibalen gesucht. Sie griffen unser Dorf an und entführten unsere Lieben. Wir dachten, du wärst einer von ihnen...","Malika! Vergib uns, wir... wir haben nach Kannibalen gesucht. Sie griffen unser Dorf an und entführten unsere Lieben. Wir dachten, du wärst einer von ihnen…",,weblate,cleanup
rename,it,dialogue_text_campaign_2_1_14_miniboss_win_4,dialog_text_campaign_2_1_14_miniboss_win_4,"Malika! Perdona, noi... stavamo cercando cannibali. Hanno attaccato il nostro villaggio e rapito i nostri cari. Pensavamo che foste uno di loro...","Malika! Perdona, noi... stavamo cercando cannibali. Hanno attaccato il nostro villaggio e rapito i nostri cari. Pensavamo che foste uno di loro…",,weblate,cleanup
rename,th,dialogue_text_campaign_2_1_14_miniboss_win_4,dialog_text_campaign_2_1_14_miniboss_win_4,มาลิก้า! ขอโทษเราด้วย เรา... เรากำลังตามหาคนกินคน พวกเขาโจมตีหมู่บ้านของเราและลักพาตัวคนที่เรารัก เราคิดว่าคุณเป็นพวกเดียวกัน...,มาลิก้า! ขอโทษเราด้วย เรา... เรากำลังตามหาคนกินคน พวกเขาโจมตีหมู่บ้านของเราและลักพาตัวคนที่เรารัก เราคิดว่าคุณเป็นพวกเดียวกัน…,,weblate,cleanup
rename,id,dialogue_text_campaign_2_1_14_miniboss_win_4,dialog_text_campaign_2_1_14_miniboss_win_4,"Malika! Maafkan kami, kami... kami sedang mencari kanibal. Mereka menyerang desa kami dan menculik orang yang kami cintai. Kami mengira kamu adalah salah satu dari mereka...","Malika! Maafkan kami, kami... kami sedang mencari kanibal. Mereka menyerang desa kami dan menculik orang yang kami cintai. Kami mengira kamu adalah salah satu dari mereka…",,weblate,cleanup
rename,kr,dialogue_text_campaign_2_1_14_miniboss_win_4,dialog_text_campaign_2_1_14_miniboss_win_4,"말리카! 우리를 용서해줘, 우리는... 우리는 식인종을 찾고 있었어. 그들이 우리 마을을 공격하고 우리의 사랑하는 사람들을 납치했어. 우리는 너희가 그들 중 하나라고 생각했어...","말리카! 우리를 용서해줘, 우리는... 우리는 식인종을 찾고 있었어. 그들이 우리 마을을 공격하고 우리의 사랑하는 사람들을 납치했어. 우리는 너희가 그들 중 하나라고 생각했어…",,weblate,cleanup
rename,jp,dialogue_text_campaign_2_1_14_miniboss_win_4,dialog_text_campaign_2_1_14_miniboss_win_4,マリカ！許してくれ、私たちは...私たちは人食いを探していたんだ。彼らは私たちの村を襲い、私たちの大切な人たちを誘拐した。私たちはあなたたちがその一員だと思っていたんだ...,マリカ！許してくれ、私たちは...私たちは人食いを探していたんだ。彼らは私たちの村を襲い、私たちの大切な人たちを誘拐した。私たちはあなたたちがその一員だと思っていたんだ…,,weblate,cleanup
rename,tr,dialogue_text_campaign_2_1_14_miniboss_win_4,dialog_text_campaign_2_1_14_miniboss_win_4,"Malika! Bizi affet, biz... biz yamyamları arıyorduk. Köyümüze saldırdılar ve sevdiklerimizi kaçırdılar. Sizlerin onlardan biri olduğunu düşündük...","Malika! Bizi affet, biz... biz yamyamları arıyorduk. Köyümüze saldırdılar ve sevdiklerimizi kaçırdılar. Sizlerin onlardan biri olduğunu düşündük…",,weblate,cleanup
rename,vi,dialogue_text_campaign_2_1_14_miniboss_win_4,dialog_text_campaign_2_1_14_miniboss_win_4,"Malika! Xin tha thứ cho chúng tôi, chúng tôi... đang tìm kiếm lũ ăn thịt người. Chúng tấn công làng của chúng tôi và bắt cóc người thân của chúng tôi. Chúng tôi nghĩ các người là một trong số chúng...","Malika! Xin tha thứ cho chúng tôi, chúng tôi... đang tìm kiếm lũ ăn thịt người. Chúng tấn công làng của chúng tôi và bắt cóc người thân của chúng tôi. Chúng tôi nghĩ các người là một trong số chúng…",,weblate,cleanup
rename,nl,dialogue_text_campaign_2_1_14_miniboss_win_4,dialog_text_campaign_2_1_14_miniboss_win_4,"Malika! Vergeef ons, we... we waren op zoek naar kannibalen. Ze hebben ons dorp aangevallen en onze geliefden ontvoerd. We dachten dat jullie een van hen waren...","Malika! Vergeef ons, we... we waren op zoek naar kannibalen. Ze hebben ons dorp aangevallen en onze geliefden ontvoerd. We dachten dat jullie een van hen waren…",,weblate,cleanup
rename,fr,dialogue_text_campaign_2_1_boss_1,dialog_text_campaign_2_1_boss_1,"Malika ! Nous avions un accord, et maintenant tu viens chercher ton prince ? Ne pense pas que je te pardonnerai !","Malika ! Nous avions un accord, et maintenant tu viens chercher ton prince ? Ne pense pas que je te pardonnerai !",,weblate,cleanup
rename,fr,dialogue_text_campaign_2_1_boss_2,dialog_text_campaign_2_1_boss_2,"Hé, le grand ! Laisse les otages partir, et nous nous séparerons en paix !","Hé, le grand ! Laisse les otages partir, et nous nous séparerons en paix !",,weblate,cleanup
rename,fr,dialogue_text_campaign_2_1_boss_3,dialog_text_campaign_2_1_boss_3,"Oh, quelle noblesse ! Mais tu sais, les équipages royaux et les habitants des villages nous nourriront pendant longtemps si nous gardons les otages.","Oh, quelle noblesse ! Mais tu sais, les équipages royaux et les habitants des villages nous nourriront pendant longtemps si nous gardons les otages.",,weblate,cleanup
rename,fr,dialogue_text_campaign_2_1_boss_win_1,dialog_text_campaign_2_1_boss_win_1,"Ouvrez les cales, il est temps de libérer ces gens !","Ouvrez les cales, il est temps de libérer ces gens !",,weblate,cleanup
rename,ru,dialogue_text_campaign_2_1_boss_win_2,dialog_text_campaign_2_1_boss_win_2,"Вы... вы нас спасли. Вы не представляете, что это значит для нас...","Вы… вы нас спасли. Вы не представляете, что это значит для нас…",,weblate,ru-ellipsis
rename,en,dialogue_text_campaign_2_1_boss_win_2,dialog_text_campaign_2_1_boss_win_2,You... you saved us. You have no idea what this means to us...,You... you saved us. You have no idea what this means to us…,,weblate,cleanup
rename,es,dialogue_text_campaign_2_1_boss_win_2,dialog_text_campaign_2_1_boss_win_2,Ustedes... nos salvaron. No tienen idea de lo que esto significa para nosotros...,Ustedes... nos salvaron. No tienen idea de lo que esto significa para nosotros…,,weblate,cleanup
rename,fr,dialogue_text_campaign_2_1_boss_win_2,dialog_text_campaign_2_1_boss_win_2,Vous... vous nous avez sauvés. Vous n'avez aucune idée de ce que cela signifie pour nous...,Vous... vous nous avez sauvés. Vous n'avez aucune idée de ce que cela signifie pour nous…,,weblate,cleanup
rename,pt,dialogue_text_campaign_2_1_boss_win_2,dialog_text_campaign_2_1_boss_win_2,Vocês... nos salvaram. Vocês não têm ideia do que isso significa para nós...,Vocês... nos salvaram. Vocês não têm ideia do que isso significa para nós…,,weblate,cleanup
rename,pl,dialogue_text_campaign_2_1_boss_win_2,dialog_text_campaign_2_1_boss_win_2,"Wy... wy nas uratowaliście. Nie macie pojęcia, co to dla nas znaczy...","Wy... wy nas uratowaliście. Nie macie pojęcia, co to dla nas znaczy…",,weblate,cleanup
rename,de,dialogue_text_campaign_2_1_boss_win_2,dialog_text_campaign_2_1_boss_win_2,"Ihr... ihr habt uns gerettet. Ihr habt keine Ahnung, was das für uns bedeutet...","Ihr... ihr habt uns gerettet. Ihr habt keine Ahnung, was das für uns bedeutet…",,weblate,cleanup
rename,it,dialogue_text_campaign_2_1_boss_win_2,dialog_text_campaign_2_1_boss_win_2,Voi... ci avete salvato. Non avete idea di cosa significhi per noi...,Voi... ci avete salvato. Non avete idea di cosa significhi per noi…,,weblate,cleanup
rename,th,dialogue_text_campaign_2_1_boss_win_2,dialog_text_campaign_2_1_boss_win_2,คุณ... คุณช่วยพวกเราไว้ คุณไม่มีทางรู้เลยว่ามันหมายความกับพวกเรามากแค่ไหน...,คุณ... คุณช่วยพวกเราไว้ คุณไม่มีทางรู้เลยว่ามันหมายความกับพวกเรามากแค่ไหน…,,weblate,cleanup
rename,id,dialogue_text_campaign_2_1_boss_win_2,dialog_text_campaign_2_1_boss_win_2,Kalian... kalian telah menyelamatkan kami. Kalian tidak tahu betapa berarti ini bagi kami...,Kalian... kalian telah menyelamatkan kami. Kalian tidak tahu betapa berarti ini bagi kami…,,weblate,cleanup
rename,cn,dialogue_text_campaign_2_1_boss_win_2,dialog_text_campaign_2_1_boss_win_2,你们... 你们救了我们。你们不知道这对我们意味着什么...,你们... 你们救了我们。你们不知道这对我们意味着什么…,,weblate,cleanup
rename,kr,dialogue_text_campaign_2_1_boss_win_2,dialog_text_campaign_2_1_boss_win_2,당신들... 당신들이 우리를 구했어요. 이게 우리에게 얼마나 중요한지 모르실 거예요...,당신들... 당신들이 우리를 구했어요. 이게 우리에게 얼마나 중요한지 모르실 거예요…,,weblate,cleanup
rename,jp,dialogue_text_campaign_2_1_boss_win_2,dialog_text_campaign_2_1_boss_win_2,あなたたち... あなたたちが私たちを救った。これが私たちにとってどれほど意味があるか、あなたたちにはわからないでしょう...,あなたたち... あなたたちが私たちを救った。これが私たちにとってどれほど意味があるか、あなたたちにはわからないでしょう…,,weblate,cleanup
rename,tr,dialogue_text_campaign_2_1_boss_win_2,dialog_text_campaign_2_1_boss_win_2,Siz... bizi kurtardınız. Bunun bizim için ne kadar anlamlı olduğunu asla bilemezsiniz...,Siz... bizi kurtardınız. Bunun bizim için ne kadar anlamlı olduğunu asla bilemezsiniz…,,weblate,cleanup
rename,vi,dialogue_text_campaign_2_1_boss_win_2,dialog_text_campaign_2_1_boss_win_2,Các người... các người đã cứu chúng tôi. Các người không biết điều này có ý nghĩa thế nào với chúng tôi...,Các người... các người đã cứu chúng tôi. Các người không biết điều này có ý nghĩa thế nào với chúng tôi…,,weblate,cleanup
rename,nl,dialogue_text_campaign_2_1_boss_win_2,dialog_text_campaign_2_1_boss_win_2,Jullie... jullie hebben ons gered. Jullie hebben geen idee wat dit voor ons betekent...,Jullie... jullie hebben ons gered. Jullie hebben geen idee wat dit voor ons betekent…,,weblate,cleanup
rename,ru,dialogue_text_campaign_2_1_boss_win_3,dialog_text_campaign_2_1_boss_win_3,"Просто делаю свою работу. Но подожди, ты... ты не из деревни, верно?","Просто делаю свою работу. Но подожди, ты… ты не из деревни, верно?",,weblate,ru-ellipsis
rename,fr,dialogue_text_campaign_2_1_boss_win_3,dialog_text_campaign_2_1_boss_win_3,"Je fais juste mon travail. Mais attends, tu... tu n'es pas du village, n'est-ce pas ?","Je fais juste mon travail. Mais attends, tu... tu n'es pas du village, n'est-ce pas ?",,weblate,cleanup
rename,ru,dialogue_text_campaign_2_1_boss_win_4,dialog_text_campaign_2_1_boss_win_4,"Я... да, я Альбрехт. Принц и наследник Короны.","Я… да, я Альбрехт. Принц и наследник Короны.",,weblate,ru-ellipsis
rename,fr,dialogue_text_campaign_2_1_boss_afterReward_1,dialog_text_campaign_2_1_boss_afterReward_1,Qu'est-ce que ce cannibale a dit ? Quel accord a-t-il avec toi ?,Qu'est-ce que ce cannibale a dit ? Quel accord a-t-il avec toi ?,,weblate,cleanup
rename,ru,dialogue_text_campaign_2_1_boss_afterReward_3,dialog_text_campaign_2_1_boss_afterReward_3,"Что же до золота... Я скажу тебе то же, что и Мунбладу. Золото - дитя земли и небес. Оно не приковано к алтарю, оно не служит новым богам.","Что же до золота… Я скажу тебе то же, что и Мунбладу. Золото - дитя земли и небес. Оно не приковано к алтарю, оно не служит новым богам.",,weblate,ru-ellipsis
rename,fr,dialogue_text_campaign_3_0_14_miniboss_2,dialog_text_campaign_3_0_14_miniboss_2,Nous n'aimons pas les invités indésirables. Sortez de nos eaux !,Nous n'aimons pas les invités indésirables. Sortez de nos eaux !,,weblate,cleanup
rename,fr,dialogue_text_campaign_3_0_14_miniboss_3,dialog_text_campaign_3_0_14_miniboss_3,J'ai juste besoin de savoir quelque chose... N'avez-vous pas entendu parler des pierres tombant du ciel ?,J'ai juste besoin de savoir quelque chose... N'avez-vous pas entendu parler des pierres tombant du ciel ?,,weblate,cleanup
rename,fr,dialogue_text_campaign_3_0_14_miniboss_4,dialog_text_campaign_3_0_14_miniboss_4,"Je me fiche de ce dont vous avez besoin. Hé, les gars ! Chassez cette racaille de pirates loin de Dunport !","Je me fiche de ce dont vous avez besoin. Hé, les gars ! Chassez cette racaille de pirates loin de Dunport !",,weblate,cleanup
rename,fr,dialogue_text_campaign_3_0_22_miniboss_1,dialog_text_campaign_3_0_22_miniboss_1,"Hé, sur le navire ! Nous cherchons votre chef. Nous avons des questions !","Hé, sur le navire ! Nous cherchons votre chef. Nous avons des questions !",,weblate,cleanup
rename,fr,dialogue_text_campaign_3_0_22_miniboss_2,dialog_text_campaign_3_0_22_miniboss_2,Nous n'avons qu'une seule réponse : partez. Vous n'êtes pas les bienvenus ici.,Nous n'avons qu'une seule réponse : partez. Vous n'êtes pas les bienvenus ici.,,weblate,cleanup
rename,fr,dialogue_text_campaign_3_0_22_miniboss_win_1,dialog_text_campaign_3_0_22_miniboss_win_1,"Nous n'avons pas besoin de problèmes, seulement des réponses à nos questions. Où pouvons-nous trouver votre chef ?","Nous n'avons pas besoin de problèmes, seulement des réponses à nos questions. Où pouvons-nous trouver votre chef ?",,weblate,cleanup
rename,fr,dialogue_text_campaign_3_0_22_miniboss_win_2,dialog_text_campaign_3_0_22_miniboss_win_2,Sacrés pirates ! Mettez le cap au sud et vous le trouverez. J'espère qu'il vous donnera une bonne raclée !,Sacrés pirates ! Mettez le cap au sud et vous le trouverez. J'espère qu'il vous donnera une bonne raclée !,,weblate,cleanup
rename,fr,dialogue_text_campaign_3_0_boss_1,dialog_text_campaign_3_0_boss_1,"Hé les gars ! Comment ça se passe, la pêche ?","Hé les gars ! Comment ça se passe, la pêche ?",,weblate,cleanup
rename,fr,dialogue_text_campaign_3_0_boss_4,dialog_text_campaign_3_0_boss_4,"Quoi, je devrais juste te le dire ? Équipage, à l'attaque !","Quoi, je devrais juste te le dire ? Équipage, à l'attaque !",,weblate,cleanup
rename,fr,dialogue_text_campaign_3_0_boss_win_1,dialog_text_campaign_3_0_boss_win_1,"Arrêtez ! Assez ! Plus de sang. Je vous dirai tout ce que je sais. Mais après cela, vous nous laisserez tranquilles.","Arrêtez ! Assez ! Plus de sang. Je vous dirai tout ce que je sais. Mais après cela, vous nous laisserez tranquilles.",,weblate,cleanup
rename,fr,dialogue_text_campaign_3_1_region_4,dialog_text_campaign_3_1_region_4,"Des gens comme moi ? Donc, je ne suis pas la première à te demander cela ?","Des gens comme moi ? Donc, je ne suis pas la première à te demander cela ?",,weblate,cleanup
rename,ru,dialogue_text_campaign_3_1_6_miniboss_1,dialog_text_campaign_3_1_6_miniboss_1,"Еще одно дыхание жизни, еще одна душа, скованная цепями вечного страха...","Еще одно дыхание жизни, еще одна душа, скованная цепями вечного страха…",,weblate,ru-ellipsis
rename,en,dialogue_text_campaign_3_1_6_miniboss_1,dialog_text_campaign_3_1_6_miniboss_1,"Another breath of life, another soul bound by the chains of eternal fear...","Another breath of life, another soul bound by the chains of eternal fear…",,weblate,cleanup
rename,es,dialogue_text_campaign_3_1_6_miniboss_1,dialog_text_campaign_3_1_6_miniboss_1,"Otro aliento de vida, otra alma encadenada por las cadenas del miedo eterno...","Otro aliento de vida, otra alma encadenada por las cadenas del miedo eterno…",,weblate,cleanup
rename,fr,dialogue_text_campaign_3_1_6_miniboss_1,dialog_text_campaign_3_1_6_miniboss_1,"Un autre souffle de vie, une autre âme liée par les chaînes de la peur éternelle...","Un autre souffle de vie, une autre âme liée par les chaînes de la peur éternelle…",,weblate,cleanup
rename,pt,dialogue_text_campaign_3_1_6_miniboss_1,dialog_text_campaign_3_1_6_miniboss_1,"Mais um suspiro de vida, outra alma presa pelas correntes do medo eterno...","Mais um suspiro de vida, outra alma presa pelas correntes do medo eterno…",,weblate,cleanup
rename,pl,dialogue_text_campaign_3_1_6_miniboss_1,dialog_text_campaign_3_1_6_miniboss_1,"Kolejny oddech życia, kolejna dusza skrępowana łańcuchami wiecznego strachu...","Kolejny oddech życia, kolejna dusza skrępowana łańcuchami wiecznego strachu…",,weblate,cleanup
rename,de,dialogue_text_campaign_3_1_6_miniboss_1,dialog_text_campaign_3_1_6_miniboss_1,"Ein weiterer Atemzug des Lebens, eine weitere Seele, die von den Ketten der ewigen Angst gefesselt ist...","Ein weiterer Atemzug des Lebens, eine weitere Seele, die von den Ketten der ewigen Angst gefesselt ist…",,weblate,cleanup
rename,it,dialogue_text_campaign_3_1_6_miniboss_1,dialog_text_campaign_3_1_6_miniboss_1,"Un altro respiro di vita, un'altra anima legata dalle catene della paura eterna...","Un altro respiro di vita, un'altra anima legata dalle catene della paura eterna…",,weblate,cleanup
rename,th,dialogue_text_campaign_3_1_6_miniboss_1,dialog_text_campaign_3_1_6_miniboss_1,"ลมหายใจแห่งชีวิตอีกหนึ่งครั้ง, วิญญาณอีกหนึ่งดวงที่ถูกตรึงด้วยโซ่แห่งความกลัวนิรันดร์...","ลมหายใจแห่งชีวิตอีกหนึ่งครั้ง, วิญญาณอีกหนึ่งดวงที่ถูกตรึงด้วยโซ่แห่งความกลัวนิรันดร์…",,weblate,cleanup
rename,id,dialogue_text_campaign_3_1_6_miniboss_1,dialog_text_campaign_3_1_6_miniboss_1,"Satu napas kehidupan lagi, satu jiwa lagi yang terikat oleh rantai ketakutan abadi...","Satu napas kehidupan lagi, satu jiwa lagi yang terikat oleh rantai ketakutan abadi…",,weblate,cleanup
rename,kr,dialogue_text_campaign_3_1_6_miniboss_1,dialog_text_campaign_3_1_6_miniboss_1,"또 다른 삶의 숨결, 또 다른 영혼이 영원의 두려움의 사슬에 묶여 있다...","또 다른 삶의 숨결, 또 다른 영혼이 영원의 두려움의 사슬에 묶여 있다…",,weblate,cleanup
rename,jp,dialogue_text_campaign_3_1_6_miniboss_1,dialog_text_campaign_3_1_6_miniboss_1,もう一息の命、永遠の恐怖の鎖に縛られたもう一つの魂...,もう一息の命、永遠の恐怖の鎖に縛られたもう一つの魂…,,weblate,cleanup
rename,tr,dialogue_text_campaign_3_1_6_miniboss_1,dialog_text_campaign_3_1_6_miniboss_1,"Bir nefes hayat daha, sonsuz korkunun zincirleriyle bağlı bir başka ruh...","Bir nefes hayat daha, sonsuz korkunun zincirleriyle bağlı bir başka ruh…",,weblate,cleanup
rename,vi,dialogue_text_campaign_3_1_6_miniboss_1,dialog_text_campaign_3_1_6_miniboss_1,"Một hơi thở sự sống nữa, một linh hồn nữa bị xiềng xích bởi sợ hãi vĩnh cửu...","Một hơi thở sự sống nữa, một linh hồn nữa bị xiềng xích bởi sợ hãi vĩnh cửu…",,weblate,cleanup
rename,nl,dialogue_text_campaign_3_1_6_miniboss_1,dialog_text_campaign_3_1_6_miniboss_1,"Nog een adem van leven, nog een ziel gebonden door de ketenen van eeuwige angst...","Nog een adem van leven, nog een ziel gebonden door de ketenen van eeuwige angst…",,weblate,cleanup
rename,ru,dialogue_text_campaign_3_1_6_miniboss_2,dialog_text_campaign_3_1_6_miniboss_2,Ты... Ты кто такой?,Ты… Ты кто такой?,,weblate,ru-ellipsis
rename,fr,dialogue_text_campaign_3_1_6_miniboss_2,dialog_text_campaign_3_1_6_miniboss_2,Qui... Qui es-tu ?,Qui... Qui es-tu ?,,weblate,cleanup
rename,fr,dialogue_text_campaign_3_1_6_miniboss_4,dialog_text_campaign_3_1_6_miniboss_4,Un serviteur ? De quel serviteur s'agit-il ?,Un serviteur ? De quel serviteur s'agit-il ?,,weblate,cleanup
rename,ru,dialogue_text_campaign_3_1_6_miniboss_5,dialog_text_campaign_3_1_6_miniboss_5,Я получил свой дар. Я поделюсь им с миром... И все затонет в тишине вечной смерти...,Я получил свой дар. Я поделюсь им с миром… И все затонет в тишине вечной смерти…,,weblate,ru-ellipsis
rename,en,dialogue_text_campaign_3_1_6_miniboss_5,dialog_text_campaign_3_1_6_miniboss_5,I have received my gift. I will share it with the world... And everything will sink into the silence of eternal death...,I have received my gift. I will share it with the world... And everything will sink into the silence of eternal death…,,weblate,cleanup
rename,es,dialogue_text_campaign_3_1_6_miniboss_5,dialog_text_campaign_3_1_6_miniboss_5,He recibido mi don. Lo compartiré con el mundo... Y todo se hundirá en el silencio de la muerte eterna...,He recibido mi don. Lo compartiré con el mundo... Y todo se hundirá en el silencio de la muerte eterna…,,weblate,cleanup
rename,fr,dialogue_text_campaign_3_1_6_miniboss_5,dialog_text_campaign_3_1_6_miniboss_5,J'ai reçu mon don. Je le partagerai avec le monde... Et tout sombrera dans le silence de la mort éternelle...,J'ai reçu mon don. Je le partagerai avec le monde... Et tout sombrera dans le silence de la mort éternelle…,,weblate,cleanup
rename,pt,dialogue_text_campaign_3_1_6_miniboss_5,dialog_text_campaign_3_1_6_miniboss_5,Eu recebi meu presente. Vou compartilhá-lo com o mundo... E tudo afundará no silêncio da morte eterna...,Eu recebi meu presente. Vou compartilhá-lo com o mundo... E tudo afundará no silêncio da morte eterna…,,weblate,cleanup
rename,pl,dialogue_text_campaign_3_1_6_miniboss_5,dialog_text_campaign_3_1_6_miniboss_5,Otrzymałem swój dar. Podzielę się nim ze światem... A wszystko zatonie w ciszy wiecznej śmierci...,Otrzymałem swój dar. Podzielę się nim ze światem... A wszystko zatonie w ciszy wiecznej śmierci…,,weblate,cleanup
rename,de,dialogue_text_campaign_3_1_6_miniboss_5,dialog_text_campaign_3_1_6_miniboss_5,Ich habe mein Geschenk erhalten. Ich werde es mit der Welt teilen... Und alles wird im Schweigen des ewigen Todes versinken...,Ich habe mein Geschenk erhalten. Ich werde es mit der Welt teilen... Und alles wird im Schweigen des ewigen Todes versinken…,,weblate,cleanup
rename,it,dialogue_text_campaign_3_1_6_miniboss_5,dialog_text_campaign_3_1_6_miniboss_5,Ho ricevuto il mio dono. Lo condividerò con il mondo... E tutto affonderà nel silenzio della morte eterna...,Ho ricevuto il mio dono. Lo condividerò con il mondo... E tutto affonderà nel silenzio della morte eterna…,,weblate,cleanup
rename,th,dialogue_text_campaign_3_1_6_miniboss_5,dialog_text_campaign_3_1_6_miniboss_5,ฉันได้รับของขวัญของฉันแล้ว ฉันจะแบ่งปันมันกับโลก... และทุกสิ่งจะจมลงในความเงียบของความตายอันเป็นนิรันดร์...,ฉันได้รับของขวัญของฉันแล้ว ฉันจะแบ่งปันมันกับโลก... และทุกสิ่งจะจมลงในความเงียบของความตายอันเป็นนิรันดร์…,,weblate,cleanup
rename,id,dialogue_text_campaign_3_1_6_miniboss_5,dialog_text_campaign_3_1_6_miniboss_5,Saya telah menerima hadiah saya. Saya akan membagikannya dengan dunia... Dan semuanya akan tenggelam dalam keheningan kematian abadi...,Saya telah menerima hadiah saya. Saya akan membagikannya dengan dunia... Dan semuanya akan tenggelam dalam keheningan kematian abadi…,,weblate,cleanup
rename,cn,dialogue_text_campaign_3_1_6_miniboss_5,dialog_text_campaign_3_1_6_miniboss_5,我得到了我的礼物。我将与世界分享... 一切都将沉没在永恒死亡的寂静中...,我得到了我的礼物。我将与世界分享... 一切都将沉没在永恒死亡的寂静中…,,weblate,cleanup
rename,kr,dialogue_text_campaign_3_1_6_miniboss_5,dialog_text_campaign_3_1_6_miniboss_5,나는 내 선물을 받았다. 나는 그것을 세상과 나눌 것이다... 그리고 모든 것은 영원한 죽음의 침묵 속에 가라앉을 것이다...,나는 내 선물을 받았다. 나는 그것을 세상과 나눌 것이다... 그리고 모든 것은 영원한 죽음의 침묵 속에 가라앉을 것이다…,,weblate,cleanup
rename,tr,dialogue_text_campaign_3_1_6_miniboss_5,dialog_text_campaign_3_1_6_miniboss_5,Hediyemi aldım. Bunu dünyayla paylaşacağım... Ve her şey sonsuz ölümün sessizliğine batacak...,Hediyemi aldım. Bunu dünyayla paylaşacağım... Ve her şey sonsuz ölümün sessizliğine batacak…,,weblate,cleanup
rename,vi,dialogue_text_campaign_3_1_6_miniboss_5,dialog_text_campaign_3_1_6_miniboss_5,Ta đã nhận được món quà của mình. Ta sẽ chia sẻ nó với thế gian... Và tất cả sẽ chìm vào sự im lặng của cái chết vĩnh hằng...,Ta đã nhận được món quà của mình. Ta sẽ chia sẻ nó với thế gian... Và tất cả sẽ chìm vào sự im lặng của cái chết vĩnh hằng…,,weblate,cleanup
rename,nl,dialogue_text_campaign_3_1_6_miniboss_5,dialog_text_campaign_3_1_6_miniboss_5,Ik heb mijn geschenk ontvangen. Ik zal het met de wereld delen... En alles zal zinken in de stilte van de eeuwige dood...,Ik heb mijn geschenk ontvangen. Ik zal het met de wereld delen... En alles zal zinken in de stilte van de eeuwige dood…,,weblate,cleanup
rename,fr,dialogue_text_campaign_3_1_6_miniboss_win_1,dialog_text_campaign_3_1_6_miniboss_win_1,"Le sens-tu, toi aussi ? Leur regard glacial venu des profondeurs...","Le sens-tu, toi aussi ? Leur regard glacial venu des profondeurs...",,weblate,cleanup
rename,cn,dialogue_text_campaign_3_1_6_miniboss_win_1,dialog_text_campaign_3_1_6_miniboss_win_1,你也感觉到了吗？来自深渊的冰冷凝视……,你也感觉到了吗？来自深渊的冰冷凝视。,2026-08-16T07:19,beta,review
rename,jp,dialogue_text_campaign_3_1_6_miniboss_win_1,dialog_text_campaign_3_1_6_miniboss_win_1,お前も感じるか？深淵からの、奴らの氷のような視線を…,お前も感じるか？深淵からの、奴らの氷のような視線を。,2026-08-16T07:19,beta,review
rename,ru,dialogue_text_campaign_3_1_6_miniboss_win_2,dialog_text_campaign_3_1_6_miniboss_win_2,Твои слова... они... они безумны.,Твои слова… они… они безумны.,,weblate,ru-ellipsis
rename,ru,dialogue_text_campaign_3_1_6_miniboss_win_3,dialog_text_campaign_3_1_6_miniboss_win_3,"Безумие? Нет, это прозрение. Смерть... это единственное спасение.","Безумие? Нет, это прозрение. Смерть… это единственное спасение.",,weblate,ru-ellipsis
rename,fr,dialogue_text_campaign_3_1_6_miniboss_win_3,dialog_text_campaign_3_1_6_miniboss_win_3,"Folie ? Non, c'est l'illumination. La mort... est le seul salut.","Folie ? Non, c'est l'illumination. La mort... est le seul salut.",,weblate,cleanup
rename,pt,dialogue_text_campaign_3_1_6_miniboss_win_4,dialog_text_campaign_3_1_6_miniboss_win_4,Eu... Vamos apenas sair daqui...,Eu... Vamos apenas sair daqui…,,weblate,cleanup
rename,pl,dialogue_text_campaign_3_1_6_miniboss_win_4,dialog_text_campaign_3_1_6_miniboss_win_4,Ja... Po prostu stąd chodźmy...,Ja... Po prostu stąd chodźmy…,,weblate,cleanup
rename,de,dialogue_text_campaign_3_1_6_miniboss_win_4,dialog_text_campaign_3_1_6_miniboss_win_4,Ich... Lass uns einfach von hier verschwinden...,Ich... Lass uns einfach von hier verschwinden…,,weblate,cleanup
rename,it,dialogue_text_campaign_3_1_6_miniboss_win_4,dialog_text_campaign_3_1_6_miniboss_win_4,Io... Andiamo via da qui...,Io... Andiamo via da qui…,,weblate,cleanup
rename,th,dialogue_text_campaign_3_1_6_miniboss_win_4,dialog_text_campaign_3_1_6_miniboss_win_4,ฉัน... ไปจากที่นี่กันเถอะ...,ฉัน... ไปจากที่นี่กันเถอะ…,,weblate,cleanup
rename,id,dialogue_text_campaign_3_1_6_miniboss_win_4,dialog_text_campaign_3_1_6_miniboss_win_4,Aku... Ayo kita pergi dari sini...,Aku... Ayo kita pergi dari sini…,,weblate,cleanup
rename,cn,dialogue_text_campaign_3_1_6_miniboss_win_4,dialog_text_campaign_3_1_6_miniboss_win_4,我... 我们还是离开这里吧...,我... 我们还是离开这里吧…,,weblate,cleanup
rename,kr,dialogue_text_campaign_3_1_6_miniboss_win_4,dialog_text_campaign_3_1_6_miniboss_win_4,난... 그냥 여기서 나가자...,난... 그냥 여기서 나가자…,,weblate,cleanup
rename,jp,dialogue_text_campaign_3_1_6_miniboss_win_4,dialog_text_campaign_3_1_6_miniboss_win_4,僕は...とにかくここから立ち去ろう...,僕は...とにかくここから立ち去ろう…,,weblate,cleanup
rename,tr,dialogue_text_campaign_3_1_6_miniboss_win_4,dialog_text_campaign_3_1_6_miniboss_win_4,Ben... Hadi buradan gidelim...,Ben... Hadi buradan gidelim…,,weblate,cleanup
rename,vi,dialogue_text_campaign_3_1_6_miniboss_win_4,dialog_text_campaign_3_1_6_miniboss_win_4,Ta... Hãy rời khỏi nơi này thôi...,Ta... Hãy rời khỏi nơi này thôi…,,weblate,cleanup
rename,nl,dialogue_text_campaign_3_1_6_miniboss_win_4,dialog_text_campaign_3_1_6_miniboss_win_4,Ik... Laten we hier gewoon weg gaan...,Ik... Laten we hier gewoon weg gaan…,,weblate,cleanup
rename,fr,dialogue_text_campaign_3_1_14_miniboss_2,dialog_text_campaign_3_1_14_miniboss_2,Moonblood ! Tu ne pourras pas fuir éternellement !,Moonblood ! Tu ne pourras pas fuir éternellement !,,weblate,cleanup
rename,pt,dialogue_text_campaign_3_1_14_miniboss_3,dialog_text_campaign_3_1_14_miniboss_3,"Você está certa, Lizzie. Especialmente porque as coisas não deram certo com o príncipe. Aquela velha bruxa me enganou, me enviando para esses pescadores inúteis...","Você está certa, Lizzie. Especialmente porque as coisas não deram certo com o príncipe. Aquela velha bruxa me enganou, me enviando para esses pescadores inúteis…",,weblate,cleanup
rename,it,dialogue_text_campaign_3_1_14_miniboss_3,dialog_text_campaign_3_1_14_miniboss_3,"Hai ragione, Lizzie. Soprattutto perché non è andata bene con il principe. Quella vecchia strega mi ha ingannato, mandandomi da questi pescatori inutili...","Hai ragione, Lizzie. Soprattutto perché non è andata bene con il principe. Quella vecchia strega mi ha ingannato, mandandomi da questi pescatori inutili…",,weblate,cleanup
rename,th,dialogue_text_campaign_3_1_14_miniboss_3,dialog_text_campaign_3_1_14_miniboss_3,เธอพูดถูก ลิซซี่ ยิ่งไปกว่านั้น เรื่องของเจ้าชายมันไม่ได้ผล แม่แก่หลอกฉัน ส่งฉันไปให้พวกชาวประมงไม่ได้เรื่องพวกนี้...,เธอพูดถูก ลิซซี่ ยิ่งไปกว่านั้น เรื่องของเจ้าชายมันไม่ได้ผล แม่แก่หลอกฉัน ส่งฉันไปให้พวกชาวประมงไม่ได้เรื่องพวกนี้…,,weblate,cleanup
rename,fr,dialogue_text_campaign_3_1_14_miniboss_4,dialog_text_campaign_3_1_14_miniboss_4,"Eh bien, un quart de sang royal, c'est toujours du sang royal. Prenez-la vivante, les gars ! Je vous attendrai à l'Autel.","Eh bien, un quart de sang royal, c'est toujours du sang royal. Prenez-la vivante, les gars ! Je vous attendrai à l'Autel.",,weblate,cleanup
rename,fr,dialogue_text_campaign_3_1_14_miniboss_win,dialog_text_campaign_3_1_14_miniboss_win,"Un quart de sang royal ? De quoi parle-t-il ? Peu importe ! En avant, vers l'Autel ! Cette fois, Moonblood paiera pour tout.","Un quart de sang royal ? De quoi parle-t-il ? Peu importe ! En avant, vers l'Autel ! Cette fois, Moonblood paiera pour tout.",,weblate,cleanup
rename,fr,dialogue_text_campaign_3_1_22_miniboss_1,dialog_text_campaign_3_1_22_miniboss_1,"Dieux, quelle est cette puanteur ?","Dieux, quelle est cette puanteur ?",,weblate,cleanup
rename,fr,dialogue_text_campaign_3_1_22_miniboss_2,dialog_text_campaign_3_1_22_miniboss_2,C'est pas possible ! Ce capitaine... est mort ?,C'est pas possible ! Ce capitaine... est mort ?,,weblate,cleanup
rename,fr,dialogue_text_campaign_3_1_22_miniboss_3,dialog_text_campaign_3_1_22_miniboss_3,"Retournez sur vos pas, mortels ! Vous ne trouverez ici que votre propre perte.","Retournez sur vos pas, mortels ! Vous ne trouverez ici que votre propre perte.",,weblate,cleanup
rename,fr,dialogue_text_campaign_3_1_22_miniboss_win_1,dialog_text_campaign_3_1_22_miniboss_win_1,"Il est déjà mort, bien sûr, mais on devrait peut-être le noyer à nouveau ? Juste pour être sûr.","Il est déjà mort, bien sûr, mais on devrait peut-être le noyer à nouveau ? Juste pour être sûr.",,weblate,cleanup
rename,en,dialogue_text_campaign_3_1_22_miniboss_win_2,dialog_text_campaign_3_1_22_miniboss_win_2,Everything came from the darkness of the depths... And everything will return there...,Everything came from the darkness of the depths... And everything will return there…,,weblate,cleanup
rename,es,dialogue_text_campaign_3_1_22_miniboss_win_2,dialog_text_campaign_3_1_22_miniboss_win_2,Todo salió de la oscuridad de las profundidades... Y todo regresará allí...,Todo salió de la oscuridad de las profundidades... Y todo regresará allí…,,weblate,cleanup
rename,fr,dialogue_text_campaign_3_1_22_miniboss_win_2,dialog_text_campaign_3_1_22_miniboss_win_2,Tout est sorti de l'obscurité des profondeurs... Et tout y retournera...,Tout est sorti de l'obscurité des profondeurs... Et tout y retournera…,,weblate,cleanup
rename,pt,dialogue_text_campaign_3_1_22_miniboss_win_2,dialog_text_campaign_3_1_22_miniboss_win_2,Tudo veio da escuridão das profundezas... E tudo retornará para lá...,Tudo veio da escuridão das profundezas... E tudo retornará para lá…,,weblate,cleanup
rename,pl,dialogue_text_campaign_3_1_22_miniboss_win_2,dialog_text_campaign_3_1_22_miniboss_win_2,Wszystko wyszło z ciemności głębin... I wszystko tam wróci...,Wszystko wyszło z ciemności głębin... I wszystko tam wróci…,,weblate,cleanup
rename,de,dialogue_text_campaign_3_1_22_miniboss_win_2,dialog_text_campaign_3_1_22_miniboss_win_2,Alles kam aus der Dunkelheit der Tiefen... Und alles wird dorthin zurückkehren...,Alles kam aus der Dunkelheit der Tiefen... Und alles wird dorthin zurückkehren…,,weblate,cleanup
rename,it,dialogue_text_campaign_3_1_22_miniboss_win_2,dialog_text_campaign_3_1_22_miniboss_win_2,Tutto è venuto dall'oscurità delle profondità... E tutto vi farà ritorno...,Tutto è venuto dall'oscurità delle profondità... E tutto vi farà ritorno…,,weblate,cleanup
rename,th,dialogue_text_campaign_3_1_22_miniboss_win_2,dialog_text_campaign_3_1_22_miniboss_win_2,ทุกอย่างมาจากความมืดมิดของห้วงลึก... และทุกอย่างจะกลับไปที่นั่น...,ทุกอย่างมาจากความมืดมิดของห้วงลึก... และทุกอย่างจะกลับไปที่นั่น…,,weblate,cleanup
rename,id,dialogue_text_campaign_3_1_22_miniboss_win_2,dialog_text_campaign_3_1_22_miniboss_win_2,Semua berasal dari kegelapan kedalaman... Dan semua akan kembali ke sana...,Semua berasal dari kegelapan kedalaman... Dan semua akan kembali ke sana…,,weblate,cleanup
rename,kr,dialogue_text_campaign_3_1_22_miniboss_win_2,dialog_text_campaign_3_1_22_miniboss_win_2,모든 것은 심연의 어둠에서 나왔다... 그리고 모든 것은 그곳으로 돌아갈 것이다...,모든 것은 심연의 어둠에서 나왔다... 그리고 모든 것은 그곳으로 돌아갈 것이다…,,weblate,cleanup
rename,tr,dialogue_text_campaign_3_1_22_miniboss_win_2,dialog_text_campaign_3_1_22_miniboss_win_2,Her şey derinliklerin karanlığından geldi... Ve her şey oraya geri dönecek...,Her şey derinliklerin karanlığından geldi... Ve her şey oraya geri dönecek…,,weblate,cleanup
rename,vi,dialogue_text_campaign_3_1_22_miniboss_win_2,dialog_text_campaign_3_1_22_miniboss_win_2,Mọi thứ đến từ bóng tối của vực sâu... Và mọi thứ sẽ trở về đó...,Mọi thứ đến từ bóng tối của vực sâu... Và mọi thứ sẽ trở về đó…,,weblate,cleanup
rename,nl,dialogue_text_campaign_3_1_22_miniboss_win_2,dialog_text_campaign_3_1_22_miniboss_win_2,Alles kwam uit de duisternis van de diepten... En alles zal daar terugkeren...,Alles kwam uit de duisternis van de diepten... En alles zal daar terugkeren…,,weblate,cleanup
rename,fr,dialogue_text_campaign_3_1_boss_1,dialog_text_campaign_3_1_boss_1,"Moonblood, sale rat ! Plus d'endroit où fuir, hein ?","Moonblood, sale rat ! Plus d'endroit où fuir, hein ?",,weblate,cleanup
rename,fr,dialogue_text_campaign_3_1_boss_3,dialog_text_campaign_3_1_boss_3,Qu'est-ce que tu... Qu'est-ce que tu as fait au navire ? Qu'est-ce que tu t'es fait à toi-même ?,Qu'est-ce que tu... Qu'est-ce que tu as fait au navire ? Qu'est-ce que tu t'es fait à toi-même ?,,weblate,cleanup
rename,fr,dialogue_text_campaign_3_1_boss_win_1,dialog_text_campaign_3_1_boss_win_1,"Grand Tangaroa, pourquoi m'as-tu abandonné ? Ah, petite Lizzie. Est-ce ce que tu voulais ?","Grand Tangaroa, pourquoi m'as-tu abandonné ? Ah, petite Lizzie. Est-ce ce que tu voulais ?",,weblate,cleanup
rename,fr,dialogue_text_campaign_3_1_boss_win_2,dialog_text_campaign_3_1_boss_win_2,"Tu as détruit mon navire ! Mais peu importe, il y a assez d'or dans le ciel pour en acheter un nouveau. Dis-moi, comment comptais-tu l'obtenir !","Tu as détruit mon navire ! Mais peu importe, il y a assez d'or dans le ciel pour en acheter un nouveau. Dis-moi, comment comptais-tu l'obtenir !",,weblate,cleanup
rename,en,dialogue_text_campaign_3_1_boss_win_3,dialog_text_campaign_3_1_boss_win_3,"Lizzie... The gods demand a great price for gold. I tried to pay it off, but I was too late...","Lizzie... The gods demand a great price for gold. I tried to pay it off, but I was too late…",,weblate,cleanup
rename,es,dialogue_text_campaign_3_1_boss_win_3,dialog_text_campaign_3_1_boss_win_3,"Lizzie... Los dioses exigen un gran precio por el oro. Intenté pagarlo, pero llegué demasiado tarde...","Lizzie... Los dioses exigen un gran precio por el oro. Intenté pagarlo, pero llegué demasiado tarde…",,weblate,cleanup
rename,fr,dialogue_text_campaign_3_1_boss_win_3,dialog_text_campaign_3_1_boss_win_3,"Lizzie... Les dieux exigent un prix élevé pour l'or. J'ai essayé de le payer, mais il était trop tard...","Lizzie... Les dieux exigent un prix élevé pour l'or. J'ai essayé de le payer, mais il était trop tard…",,weblate,cleanup
rename,pt,dialogue_text_campaign_3_1_boss_win_3,dialog_text_campaign_3_1_boss_win_3,"Lizzie... Os deuses exigem um grande preço pelo ouro. Tentei pagá-lo, mas era tarde demais...","Lizzie... Os deuses exigem um grande preço pelo ouro. Tentei pagá-lo, mas era tarde demais…",,weblate,cleanup
rename,pl,dialogue_text_campaign_3_1_boss_win_3,dialog_text_campaign_3_1_boss_win_3,"Lizzie... Bogowie żądają wielkiej ceny za złoto. Próbowałem je spłacić, ale było za późno...","Lizzie... Bogowie żądają wielkiej ceny za złoto. Próbowałem je spłacić, ale było za późno…",,weblate,cleanup
rename,de,dialogue_text_campaign_3_1_boss_win_3,dialog_text_campaign_3_1_boss_win_3,"Lizzie... Die Götter verlangen einen hohen Preis für Gold. Ich habe versucht, ihn zu bezahlen, aber ich war zu spät...","Lizzie... Die Götter verlangen einen hohen Preis für Gold. Ich habe versucht, ihn zu bezahlen, aber ich war zu spät…",,weblate,cleanup
rename,it,dialogue_text_campaign_3_1_boss_win_3,dialog_text_campaign_3_1_boss_win_3,"Lizzie... Gli dei chiedono un prezzo alto per l'oro. Ho cercato di pagarlo, ma era troppo tardi...","Lizzie... Gli dei chiedono un prezzo alto per l'oro. Ho cercato di pagarlo, ma era troppo tardi…",,weblate,cleanup
rename,th,dialogue_text_campaign_3_1_boss_win_3,dialog_text_campaign_3_1_boss_win_3,ลิซซี่... เหล่าทวยเทพเรียกร้องค่าตอบแทนอันยิ่งใหญ่สำหรับทองคำ ข้าพยายามจะชดเชย แต่มันสายเกินไป...,ลิซซี่... เหล่าทวยเทพเรียกร้องค่าตอบแทนอันยิ่งใหญ่สำหรับทองคำ ข้าพยายามจะชดเชย แต่มันสายเกินไป…,,weblate,cleanup
rename,id,dialogue_text_campaign_3_1_boss_win_3,dialog_text_campaign_3_1_boss_win_3,"Lizzie... Para dewa meminta harga yang mahal untuk emas. Aku mencoba membayarnya, tapi aku terlambat...","Lizzie... Para dewa meminta harga yang mahal untuk emas. Aku mencoba membayarnya, tapi aku terlambat…",,weblate,cleanup
rename,tr,dialogue_text_campaign_3_1_boss_win_3,dialog_text_campaign_3_1_boss_win_3,Lizzie... Tanrılar altın için büyük bir bedel istiyor. Ödemeye çalıştım ama çok geçti...,Lizzie... Tanrılar altın için büyük bir bedel istiyor. Ödemeye çalıştım ama çok geçti…,,weblate,cleanup
rename,vi,dialogue_text_campaign_3_1_boss_win_3,dialog_text_campaign_3_1_boss_win_3,"Lizzie... Các vị thần đòi hỏi một cái giá rất lớn cho vàng. Ta đã cố trả nó, nhưng đã quá muộn...","Lizzie... Các vị thần đòi hỏi một cái giá rất lớn cho vàng. Ta đã cố trả nó, nhưng đã quá muộn…",,weblate,cleanup
rename,nl,dialogue_text_campaign_3_1_boss_win_3,dialog_text_campaign_3_1_boss_win_3,"Lizzie... De goden eisen een hoge prijs voor goud. Ik probeerde het af te betalen, maar ik was te laat...","Lizzie... De goden eisen een hoge prijs voor goud. Ik probeerde het af te betalen, maar ik was te laat…",,weblate,cleanup
rename,ru,dialogue_text_campaign_3_1_boss_afterReward_1,dialog_text_campaign_3_1_boss_afterReward_1,"Мунблад снова обманул меня. Он с кораблем на дне. А я здесь, с проклятым золотом и черной меткой...","Мунблад снова обманул меня. Он с кораблем на дне. А я здесь, с проклятым золотом и черной меткой…",,weblate,ru-ellipsis
rename,en,dialogue_text_campaign_3_1_boss_afterReward_1,dialog_text_campaign_3_1_boss_afterReward_1,"Moonblood tricked me again. He's at the bottom of the sea with the ship. And I'm here, with cursed gold and a black mark...","Moonblood tricked me again. He's at the bottom of the sea with the ship. And I'm here, with cursed gold and a black mark…",,weblate,cleanup
rename,es,dialogue_text_campaign_3_1_boss_afterReward_1,dialog_text_campaign_3_1_boss_afterReward_1,"Moonblood me engañó de nuevo. Está en el fondo del mar con el barco. Y yo estoy aquí, con oro maldito y una marca negra...","Moonblood me engañó de nuevo. Está en el fondo del mar con el barco. Y yo estoy aquí, con oro maldito y una marca negra…",,weblate,cleanup
rename,fr,dialogue_text_campaign_3_1_boss_afterReward_1,dialog_text_campaign_3_1_boss_afterReward_1,"Moonblood m'a encore trompé. Il est au fond de la mer avec le navire. Et je suis ici, avec de l'or maudit et une marque noire...","Moonblood m'a encore trompé. Il est au fond de la mer avec le navire. Et je suis ici, avec de l'or maudit et une marque noire…",,weblate,cleanup
rename,pt,dialogue_text_campaign_3_1_boss_afterReward_1,dialog_text_campaign_3_1_boss_afterReward_1,"Moonblood me enganou de novo. Ele está no fundo do mar com o navio. E eu estou aqui, com ouro amaldiçoado e uma marca negra...","Moonblood me enganou de novo. Ele está no fundo do mar com o navio. E eu estou aqui, com ouro amaldiçoado e uma marca negra…",,weblate,cleanup
rename,pl,dialogue_text_campaign_3_1_boss_afterReward_1,dialog_text_campaign_3_1_boss_afterReward_1,"Moonblood znowu mnie oszukał. Jest na dnie morza ze statkiem. A ja jestem tutaj, z przeklętym złotem i czarnym znakiem...","Moonblood znowu mnie oszukał. Jest na dnie morza ze statkiem. A ja jestem tutaj, z przeklętym złotem i czarnym znakiem…",,weblate,cleanup
rename,de,dialogue_text_campaign_3_1_boss_afterReward_1,dialog_text_campaign_3_1_boss_afterReward_1,"Moonblood hat mich wieder betrogen. Er liegt mit dem Schiff auf dem Meeresgrund. Und ich bin hier, mit verfluchtem Gold und einem schwarzen Mal...","Moonblood hat mich wieder betrogen. Er liegt mit dem Schiff auf dem Meeresgrund. Und ich bin hier, mit verfluchtem Gold und einem schwarzen Mal…",,weblate,cleanup
rename,it,dialogue_text_campaign_3_1_boss_afterReward_1,dialog_text_campaign_3_1_boss_afterReward_1,"Moonblood mi ha ingannato di nuovo. È in fondo al mare con la nave. E io sono qui, con oro maledetto e un marchio nero...","Moonblood mi ha ingannato di nuovo. È in fondo al mare con la nave. E io sono qui, con oro maledetto e un marchio nero…",,weblate,cleanup
rename,th,dialogue_text_campaign_3_1_boss_afterReward_1,dialog_text_campaign_3_1_boss_afterReward_1,มูนบลัดหลอกข้าอีกแล้ว มันอยู่ก้นทะเลพร้อมกับเรือ ส่วนข้าอยู่ที่นี่ พร้อมกับทองคำต้องสาปและรอยแผลเป็นสีดำ...,มูนบลัดหลอกข้าอีกแล้ว มันอยู่ก้นทะเลพร้อมกับเรือ ส่วนข้าอยู่ที่นี่ พร้อมกับทองคำต้องสาปและรอยแผลเป็นสีดำ…,,weblate,cleanup
rename,id,dialogue_text_campaign_3_1_boss_afterReward_1,dialog_text_campaign_3_1_boss_afterReward_1,"Moonblood menipuku lagi. Dia berada di dasar laut bersama kapal itu. Dan aku di sini, dengan emas terkutuk dan tanda hitam...","Moonblood menipuku lagi. Dia berada di dasar laut bersama kapal itu. Dan aku di sini, dengan emas terkutuk dan tanda hitam…",,weblate,cleanup
rename,kr,dialogue_text_campaign_3_1_boss_afterReward_1,dialog_text_campaign_3_1_boss_afterReward_1,"문블러드가 또 날 속였어. 그는 배와 함께 해저에 있지. 그리고 난 여기, 저주받은 금과 검은 표식을 가지고...","문블러드가 또 날 속였어. 그는 배와 함께 해저에 있지. 그리고 난 여기, 저주받은 금과 검은 표식을 가지고…",,weblate,cleanup
rename,tr,dialogue_text_campaign_3_1_boss_afterReward_1,dialog_text_campaign_3_1_boss_afterReward_1,"Moonblood beni yine kandırdı. Gemiyle birlikte denizin dibinde. Ve ben buradayım, lanetli altın ve kara bir işaretle...","Moonblood beni yine kandırdı. Gemiyle birlikte denizin dibinde. Ve ben buradayım, lanetli altın ve kara bir işaretle…",,weblate,cleanup
rename,vi,dialogue_text_campaign_3_1_boss_afterReward_1,dialog_text_campaign_3_1_boss_afterReward_1,"Moonblood lại lừa dối ta. Hắn đang ở dưới đáy biển cùng với con tàu. Còn ta ở đây, với vàng bị nguyền rủa và một vết đen...","Moonblood lại lừa dối ta. Hắn đang ở dưới đáy biển cùng với con tàu. Còn ta ở đây, với vàng bị nguyền rủa và một vết đen…",,weblate,cleanup
rename,nl,dialogue_text_campaign_3_1_boss_afterReward_1,dialog_text_campaign_3_1_boss_afterReward_1,"Moonblood heeft me weer bedrogen. Hij ligt met het schip op de zeebodem. En ik ben hier, met vervloekt goud en een zwarte vlek...","Moonblood heeft me weer bedrogen. Hij ligt met het schip op de zeebodem. En ik ben hier, met vervloekt goud en een zwarte vlek…",,weblate,cleanup
rename,fr,dialogue_text_campaign_4_0_region_1,dialog_text_campaign_4_0_region_1,Tempête maudite ! Je n'ai aucune idée d'où nous sommes. Il faudra des semaines avant que nous ne retrouvions notre cap.,Tempête maudite ! Je n'ai aucune idée d'où nous sommes. Il faudra des semaines avant que nous ne retrouvions notre cap.,,weblate,cleanup
rename,es,dialogue_text_campaign_4_0_region_2,dialog_text_campaign_4_0_region_2,"Espera, reconozco estas rocas...","Espera, reconozco estas rocas…",,weblate,cleanup
rename,fr,dialogue_text_campaign_4_0_region_2,dialog_text_campaign_4_0_region_2,"Attendez, je reconnais ces rochers...","Attendez, je reconnais ces rochers…",,weblate,cleanup
rename,pt,dialogue_text_campaign_4_0_region_2,dialog_text_campaign_4_0_region_2,"Espere, eu reconheço estas rochas...","Espere, eu reconheço estas rochas…",,weblate,cleanup
rename,th,dialogue_text_campaign_4_0_region_2,dialog_text_campaign_4_0_region_2,เดี๋ยวก่อน ฉันจำโขดหินพวกนี้ได้...,เดี๋ยวก่อน ฉันจำโขดหินพวกนี้ได้…,,weblate,cleanup
rename,tr,dialogue_text_campaign_4_0_region_2,dialog_text_campaign_4_0_region_2,"Dur, bu kayaları tanıyorum...","Dur, bu kayaları tanıyorum…",,weblate,cleanup
rename,vi,dialogue_text_campaign_4_0_region_2,dialog_text_campaign_4_0_region_2,"Chờ đã, tôi nhận ra những vách đá này...","Chờ đã, tôi nhận ra những vách đá này…",,weblate,cleanup
rename,nl,dialogue_text_campaign_4_0_region_2,dialog_text_campaign_4_0_region_2,"Wacht, ik herken deze rotsen...","Wacht, ik herken deze rotsen…",,weblate,cleanup
rename,fr,dialogue_text_campaign_4_0_region_3,dialog_text_campaign_4_0_region_3,"Ce sont les Eaux Prédatrices ! Les mercenaires de la Meute de Requins les considèrent comme leur foyer. Nous avons de la chance, je connais leur commandant, Jim Cowlers.","Ce sont les Eaux Prédatrices ! Les mercenaires de la Meute de Requins les considèrent comme leur foyer. Nous avons de la chance, je connais leur commandant, Jim Cowlers.",,weblate,cleanup
rename,es,dialogue_text_campaign_4_0_0_win_1,dialog_text_campaign_4_0_0_win_1,¿Qué demonios? Los mercenarios de la Manada suelen ser más amables. Se lo recordaré a Jim cuando nos encontremos...,¿Qué demonios? Los mercenarios de la Manada suelen ser más amables. Se lo recordaré a Jim cuando nos encontremos…,,weblate,cleanup
rename,fr,dialogue_text_campaign_4_0_0_win_1,dialog_text_campaign_4_0_0_win_1,Qu'est-ce que c'est que ça ? Les mercenaires de la Meute sont généralement plus amicaux. Je rappellerai ça à Jim lors de notre rencontre...,Qu'est-ce que c'est que ça ? Les mercenaires de la Meute sont généralement plus amicaux. Je rappellerai ça à Jim lors de notre rencontre…,,weblate,cleanup
rename,pt,dialogue_text_campaign_4_0_0_win_1,dialog_text_campaign_4_0_0_win_1,Que raio? Os mercenários do Bando costumam ser mais amigáveis. Vou lembrar Jim disso quando nos encontrarmos...,Que raio? Os mercenários do Bando costumam ser mais amigáveis. Vou lembrar Jim disso quando nos encontrarmos…,,weblate,cleanup
rename,it,dialogue_text_campaign_4_0_0_win_1,dialog_text_campaign_4_0_0_win_1,Che diavolo? I mercenari del Branco di solito sono più amichevoli. Lo ricorderò a Jim quando ci incontreremo...,Che diavolo? I mercenari del Branco di solito sono più amichevoli. Lo ricorderò a Jim quando ci incontreremo…,,weblate,cleanup
rename,th,dialogue_text_campaign_4_0_0_win_1,dialog_text_campaign_4_0_0_win_1,อะไรกัน? ปกติทหารรับจ้างของฝูงจะเป็นมิตรมากกว่านี้ ฉันจะเตือนจิมเรื่องนี้เมื่อเราได้พบกัน...,อะไรกัน? ปกติทหารรับจ้างของฝูงจะเป็นมิตรมากกว่านี้ ฉันจะเตือนจิมเรื่องนี้เมื่อเราได้พบกัน…,,weblate,cleanup
rename,id,dialogue_text_campaign_4_0_0_win_1,dialog_text_campaign_4_0_0_win_1,Apa-apaan? Tentara bayaran Kawanan biasanya lebih ramah. Akan kuingatkan Jim tentang ini saat kita bertemu...,Apa-apaan? Tentara bayaran Kawanan biasanya lebih ramah. Akan kuingatkan Jim tentang ini saat kita bertemu…,,weblate,cleanup
rename,tr,dialogue_text_campaign_4_0_0_win_1,dialog_text_campaign_4_0_0_win_1,Neler oluyor? Sürü paralı askerleri genellikle daha arkadaş canlısıdır. Jim'e bunu karşılaştığımızda hatırlatacağım...,Neler oluyor? Sürü paralı askerleri genellikle daha arkadaş canlısıdır. Jim'e bunu karşılaştığımızda hatırlatacağım…,,weblate,cleanup
rename,vi,dialogue_text_campaign_4_0_0_win_1,dialog_text_campaign_4_0_0_win_1,Cái quái gì vậy? Đám lính đánh thuê Bầy Cá mập thường thân thiện hơn. Tôi sẽ nhắc chuyện này với Jim khi gặp ông ấy...,Cái quái gì vậy? Đám lính đánh thuê Bầy Cá mập thường thân thiện hơn. Tôi sẽ nhắc chuyện này với Jim khi gặp ông ấy…,,weblate,cleanup
rename,nl,dialogue_text_campaign_4_0_0_win_1,dialog_text_campaign_4_0_0_win_1,Wat in hemelsnaam? De huurlingen van de Haaienstrook zijn meestal vriendelijker. Ik zal dit met Jim bespreken als ik hem zie...,Wat in hemelsnaam? De huurlingen van de Haaienstrook zijn meestal vriendelijker. Ik zal dit met Jim bespreken als ik hem zie…,,weblate,cleanup
rename,fr,dialogue_text_campaign_4_0_6_miniboss_2,dialog_text_campaign_4_0_6_miniboss_2,"Il n'est pas nécessaire de nous menacer. Nous sommes de vieux amis de votre commandant, laissez-nous passer !","Il n'est pas nécessaire de nous menacer. Nous sommes de vieux amis de votre commandant, laissez-nous passer !",,weblate,cleanup
rename,fr,dialogue_text_campaign_4_0_6_win_1,dialog_text_campaign_4_0_6_win_1,"Je ne comprends pas. Pourquoi nous ont-ils attaqués ? Soit ils sont tous devenus fous, soit quelque chose a radicalement changé depuis notre dernière rencontre avec Jim.","Je ne comprends pas. Pourquoi nous ont-ils attaqués ? Soit ils sont tous devenus fous, soit quelque chose a radicalement changé depuis notre dernière rencontre avec Jim.",,weblate,cleanup
rename,fr,dialogue_text_campaign_4_0_10_win_1,dialog_text_campaign_4_0_10_win_1,Homme à la mer ! Jim ?! Que fais-tu au milieu de la mer sur ces planches ?,Homme à la mer ! Jim ?! Que fais-tu au milieu de la mer sur ces planches ?,,weblate,cleanup
rename,fr,dialogue_text_campaign_4_0_10_win_2,dialog_text_campaign_4_0_10_win_2,"Je n'en crois pas mes yeux, c'est mon Elizabeth ! Les dieux ont entendu mes prières !","Je n'en crois pas mes yeux, c'est mon Elizabeth ! Les dieux ont entendu mes prières !",,weblate,cleanup
rename,en,dialogue_text_campaign_4_0_10_win_3,dialog_text_campaign_4_0_10_win_3,"You won't believe it, so much has happened here. It's a very long story. Let me dry off, we'll go up to your cabin, open a barrel of rum, and...","You won't believe it, so much has happened here. It's a very long story. Let me dry off, we'll go up to your cabin, open a barrel of rum, and…",,weblate,cleanup
rename,es,dialogue_text_campaign_4_0_10_win_3,dialog_text_campaign_4_0_10_win_3,"No te lo vas a creer, han pasado tantas cosas aquí. Es una historia muy larga. Déjame secarme, subiremos a tu camarote, abriremos un barril de ron, y...","No te lo vas a creer, han pasado tantas cosas aquí. Es una historia muy larga. Déjame secarme, subiremos a tu camarote, abriremos un barril de ron, y…",,weblate,cleanup
rename,fr,dialogue_text_campaign_4_0_10_win_3,dialog_text_campaign_4_0_10_win_3,"Tu ne vas pas le croire, il s'est passé tellement de choses ici. C'est une très longue histoire. Laisse-moi sécher, on montera dans ta cabine, on ouvrira un tonneau de rhum, et...","Tu ne vas pas le croire, il s'est passé tellement de choses ici. C'est une très longue histoire. Laisse-moi sécher, on montera dans ta cabine, on ouvrira un tonneau de rhum, et…",,weblate,cleanup
rename,pt,dialogue_text_campaign_4_0_10_win_3,dialog_text_campaign_4_0_10_win_3,"Você não vai acreditar, tanta coisa aconteceu aqui. É uma história muito longa. Deixe-me secar, vamos subir para a sua cabine, abrir um barril de rum e...","Você não vai acreditar, tanta coisa aconteceu aqui. É uma história muito longa. Deixe-me secar, vamos subir para a sua cabine, abrir um barril de rum e…",,weblate,cleanup
rename,pl,dialogue_text_campaign_4_0_10_win_3,dialog_text_campaign_4_0_10_win_3,"Nie uwierzysz, tyle się tu wydarzyło. To bardzo długa historia. Daj mi wyschnąć, pójdziemy do twojej kabiny, otworzymy beczkę rumu i...","Nie uwierzysz, tyle się tu wydarzyło. To bardzo długa historia. Daj mi wyschnąć, pójdziemy do twojej kabiny, otworzymy beczkę rumu i…",,weblate,cleanup
rename,de,dialogue_text_campaign_4_0_10_win_3,dialog_text_campaign_4_0_10_win_3,"Du wirst es nicht glauben, hier ist so viel passiert. Es ist eine sehr lange Geschichte. Lass mich trocknen, wir gehen in deine Kabine, öffnen ein Fass Rum und...","Du wirst es nicht glauben, hier ist so viel passiert. Es ist eine sehr lange Geschichte. Lass mich trocknen, wir gehen in deine Kabine, öffnen ein Fass Rum und…",,weblate,cleanup
rename,it,dialogue_text_campaign_4_0_10_win_3,dialog_text_campaign_4_0_10_win_3,"Non ci crederai, sono successe così tante cose qui. È una storia molto lunga. Fammi asciugare, saliremo nella tua cabina, apriremo una botte di rum e...","Non ci crederai, sono successe così tante cose qui. È una storia molto lunga. Fammi asciugare, saliremo nella tua cabina, apriremo una botte di rum e…",,weblate,cleanup
rename,th,dialogue_text_campaign_4_0_10_win_3,dialog_text_campaign_4_0_10_win_3,คุณจะไม่เชื่อหรอก มีเรื่องเกิดขึ้นมากมายที่นี่ มันเป็นเรื่องยาวมาก ขอฉันเช็ดตัวให้แห้งก่อน แล้วเราจะขึ้นไปที่ห้องโดยสารของคุณ เปิดถังรัม แล้วก็...,คุณจะไม่เชื่อหรอก มีเรื่องเกิดขึ้นมากมายที่นี่ มันเป็นเรื่องยาวมาก ขอฉันเช็ดตัวให้แห้งก่อน แล้วเราจะขึ้นไปที่ห้องโดยสารของคุณ เปิดถังรัม แล้วก็…,,weblate,cleanup
rename,id,dialogue_text_campaign_4_0_10_win_3,dialog_text_campaign_4_0_10_win_3,"Kamu tidak akan percaya, banyak sekali yang terjadi di sini. Ini cerita yang sangat panjang. Biarkan aku mengering, kita akan naik ke kabinmu, membuka tong rum, dan...","Kamu tidak akan percaya, banyak sekali yang terjadi di sini. Ini cerita yang sangat panjang. Biarkan aku mengering, kita akan naik ke kabinmu, membuka tong rum, dan…",,weblate,cleanup
rename,cn,dialogue_text_campaign_4_0_10_win_3,dialog_text_campaign_4_0_10_win_3,你不会相信的，这里发生了太多事情。这是一个很长的故事。让我先擦干，我们到你的船舱去，打开一桶朗姆酒，然后...,你不会相信的，这里发生了太多事情。这是一个很长的故事。让我先擦干，我们到你的船舱去，打开一桶朗姆酒，然后…,,weblate,cleanup
rename,kr,dialogue_text_campaign_4_0_10_win_3,dialog_text_campaign_4_0_10_win_3,"믿기지 않겠지만, 여기 너무 많은 일들이 일어났어. 아주 긴 이야기야. 몸 좀 말리고, 네 선실로 올라가서 럼주 통을 열고...","믿기지 않겠지만, 여기 너무 많은 일들이 일어났어. 아주 긴 이야기야. 몸 좀 말리고, 네 선실로 올라가서 럼주 통을 열고…",,weblate,cleanup
rename,jp,dialogue_text_campaign_4_0_10_win_3,dialog_text_campaign_4_0_10_win_3,信じられないだろうけど、ここでは本当にいろいろなことがあったんだ。とても長い話になる。乾かしてくれ。君の船室に行って、ラム酒の樽を開けて、そして...,信じられないだろうけど、ここでは本当にいろいろなことがあったんだ。とても長い話になる。乾かしてくれ。君の船室に行って、ラム酒の樽を開けて、そして…,,weblate,cleanup
rename,tr,dialogue_text_campaign_4_0_10_win_3,dialog_text_campaign_4_0_10_win_3,"İnanmayacaksın, burada çok şey oldu. Çok uzun bir hikaye. Kurumama izin ver, kabinine çıkalım, bir fıçı rom açalım ve...","İnanmayacaksın, burada çok şey oldu. Çok uzun bir hikaye. Kurumama izin ver, kabinine çıkalım, bir fıçı rom açalım ve…",,weblate,cleanup
rename,fr,dialogue_text_campaign_4_0_10_win_5,dialog_text_campaign_4_0_10_win_5,"Mon Elizabeth, je commençais à oublier à quel point tu es cruelle. Bon, alors une version courte pour les gens occupés : je ne suis plus le commandant de la Meute de Requins. Mais c'est temporaire !","Mon Elizabeth, je commençais à oublier à quel point tu es cruelle. Bon, alors une version courte pour les gens occupés : je ne suis plus le commandant de la Meute de Requins. Mais c'est temporaire !",,weblate,cleanup
rename,fr,dialogue_text_campaign_4_0_10_win_7,dialog_text_campaign_4_0_10_win_7,Avec moi ? Je n'ai encore rien accepté.,Avec moi ? Je n'ai encore rien accepté.,,weblate,cleanup
rename,en,dialogue_text_campaign_4_0_10_win_9,dialog_text_campaign_4_0_10_win_9,"Damn... Jim, I haven't forgotten anything. I...","Damn... Jim, I haven't forgotten anything. I…",,weblate,cleanup
rename,es,dialogue_text_campaign_4_0_10_win_9,dialog_text_campaign_4_0_10_win_9,"Maldita sea... Jim, no he olvidado nada. Yo...","Maldita sea... Jim, no he olvidado nada. Yo…",,weblate,cleanup
rename,fr,dialogue_text_campaign_4_0_10_win_9,dialog_text_campaign_4_0_10_win_9,"Mince... Jim, je n'ai rien oublié. Je...","Mince... Jim, je n'ai rien oublié. Je…",,weblate,cleanup
rename,pt,dialogue_text_campaign_4_0_10_win_9,dialog_text_campaign_4_0_10_win_9,"Droga... Jim, eu não esqueci nada. Eu...","Droga... Jim, eu não esqueci nada. Eu…",,weblate,cleanup
rename,pl,dialogue_text_campaign_4_0_10_win_9,dialog_text_campaign_4_0_10_win_9,"Cholera... Jim, niczego nie zapomniałam. Ja...","Cholera... Jim, niczego nie zapomniałam. Ja…",,weblate,cleanup
rename,de,dialogue_text_campaign_4_0_10_win_9,dialog_text_campaign_4_0_10_win_9,"Verdammt... Jim, ich habe nichts vergessen. Ich...","Verdammt... Jim, ich habe nichts vergessen. Ich…",,weblate,cleanup
rename,it,dialogue_text_campaign_4_0_10_win_9,dialog_text_campaign_4_0_10_win_9,"Maledizione... Jim, non ho dimenticato niente. Io...","Maledizione... Jim, non ho dimenticato niente. Io…",,weblate,cleanup
rename,id,dialogue_text_campaign_4_0_10_win_9,dialog_text_campaign_4_0_10_win_9,"Sial... Jim, aku tidak melupakan apa pun. Aku...","Sial... Jim, aku tidak melupakan apa pun. Aku…",,weblate,cleanup
rename,tr,dialogue_text_campaign_4_0_10_win_9,dialog_text_campaign_4_0_10_win_9,"Kahretsin... Jim, hiçbir şeyi unutmadım. Ben...","Kahretsin... Jim, hiçbir şeyi unutmadım. Ben…",,weblate,cleanup
rename,vi,dialogue_text_campaign_4_0_10_win_9,dialog_text_campaign_4_0_10_win_9,"Chết tiệt... Jim, tôi không quên gì cả. Tôi...","Chết tiệt... Jim, tôi không quên gì cả. Tôi…",,weblate,cleanup
rename,nl,dialogue_text_campaign_4_0_10_win_9,dialog_text_campaign_4_0_10_win_9,"Verdomme… Jim, ik ben niets vergeten. Ik...","Verdomme… Jim, ik ben niets vergeten. Ik…",,weblate,cleanup
rename,fr,dialogue_text_campaign_4_0_10_win_10,dialog_text_campaign_4_0_10_win_10,"Eh bien, c'est parfait ! Nous partons immédiatement ! D'abord, au fort de cet vautour d'Asper. Mes vieux copains s'amusent dans sa captivité. Je ne sais pas combien de temps Asper pourra encore tolérer ces abrutis, mais je me dépêcherais avant qu'ils ne soient pendus à la vergue.","Eh bien, c'est parfait ! Nous partons immédiatement ! D'abord, au fort de cet vautour d'Asper. Mes vieux copains s'amusent dans sa captivité. Je ne sais pas combien de temps Asper pourra encore tolérer ces abrutis, mais je me dépêcherais avant qu'ils ne soient pendus à la vergue.",,weblate,cleanup
rename,fr,dialogue_text_campaign_4_0_14_miniboss_1,dialog_text_campaign_4_0_14_miniboss_1,"Capitaine Reed, si je ne m'abuse. Il semble qu'il y ait eu un… malentendu lors de notre dernière rencontre. Nous recherchons notre ami commun, Jim le Juste. A-t-il croisé votre chemin ? La Meute s'inquiète pour lui.","Capitaine Reed, si je ne m'abuse. Il semble qu'il y ait eu un… malentendu lors de notre dernière rencontre. Nous recherchons notre ami commun, Jim le Juste. A-t-il croisé votre chemin ? La Meute s'inquiète pour lui.",,weblate,cleanup
rename,fr,dialogue_text_campaign_4_0_14_miniboss_2,dialog_text_campaign_4_0_14_miniboss_2,"Asper, vil rat ! Qu'est-ce que Byle t'a promis pour ta trahison ?","Asper, vil rat ! Qu'est-ce que Byle t'a promis pour ta trahison ?",,weblate,cleanup
rename,fr,dialogue_text_campaign_4_0_22_miniboss_1,dialog_text_campaign_4_0_22_miniboss_1,C'est un navire des Harpies Dorées. Que font-ils ici ?,C'est un navire des Harpies Dorées. Que font-ils ici ?,,weblate,cleanup
rename,fr,dialogue_text_campaign_4_0_22_miniboss_2,dialog_text_campaign_4_0_22_miniboss_2,"Bon vent, glorieux pirates ! Nous ne sommes pas ici pour nous battre. Je cherche le Commodore de la Meute de Requins, notre clan a une offre très tentante.","Bon vent, glorieux pirates ! Nous ne sommes pas ici pour nous battre. Je cherche le Commodore de la Meute de Requins, notre clan a une offre très tentante.",,weblate,cleanup
rename,en,dialogue_text_campaign_4_0_22_miniboss_3,dialog_text_campaign_4_0_22_miniboss_3,The Shark Pack Commodore is before you. The Pack is always ready to negotiate for a reasonable fee. I know the Golden Harpies are known for...,The Shark Pack Commodore is before you. The Pack is always ready to negotiate for a reasonable fee. I know the Golden Harpies are known for…,,weblate,cleanup
rename,es,dialogue_text_campaign_4_0_22_miniboss_3,dialog_text_campaign_4_0_22_miniboss_3,El Comodoro de la Manada de Tiburones está ante ti. La Manada siempre está dispuesta a negociar por una tarifa razonable. Sé que las Arpías Doradas son famosas por...,El Comodoro de la Manada de Tiburones está ante ti. La Manada siempre está dispuesta a negociar por una tarifa razonable. Sé que las Arpías Doradas son famosas por…,,weblate,cleanup
rename,fr,dialogue_text_campaign_4_0_22_miniboss_3,dialog_text_campaign_4_0_22_miniboss_3,Le Commodore de la Meute de Requins est devant vous. La Meute est toujours prête à négocier pour un prix raisonnable. Je sais que les Harpies Dorées sont réputées pour...,Le Commodore de la Meute de Requins est devant vous. La Meute est toujours prête à négocier pour un prix raisonnable. Je sais que les Harpies Dorées sont réputées pour…,,weblate,cleanup
rename,pt,dialogue_text_campaign_4_0_22_miniboss_3,dialog_text_campaign_4_0_22_miniboss_3,O Comodoro do Bando de Tubarões está diante de você. O Bando está sempre pronto para negociar por uma taxa razoável. Eu sei que as Harpias Douradas são famosas por...,O Comodoro do Bando de Tubarões está diante de você. O Bando está sempre pronto para negociar por uma taxa razoável. Eu sei que as Harpias Douradas são famosas por…,,weblate,cleanup
rename,pl,dialogue_text_campaign_4_0_22_miniboss_3,dialog_text_campaign_4_0_22_miniboss_3,"Komandor Rekiniej Watahy stoi przed tobą. Wataha jest zawsze gotowa negocjować za rozsądną opłatą. Wiem, że Złote Harpie słyną z...","Komandor Rekiniej Watahy stoi przed tobą. Wataha jest zawsze gotowa negocjować za rozsądną opłatą. Wiem, że Złote Harpie słyną z…",,weblate,cleanup
rename,de,dialogue_text_campaign_4_0_22_miniboss_3,dialog_text_campaign_4_0_22_miniboss_3,"Der Kommodore des Haifischrudels steht vor Ihnen. Das Rudel ist immer bereit, gegen eine angemessene Gebühr zu verhandeln. Ich weiß, die Goldenen Harpyien sind bekannt für...","Der Kommodore des Haifischrudels steht vor Ihnen. Das Rudel ist immer bereit, gegen eine angemessene Gebühr zu verhandeln. Ich weiß, die Goldenen Harpyien sind bekannt für…",,weblate,cleanup
rename,it,dialogue_text_campaign_4_0_22_miniboss_3,dialog_text_campaign_4_0_22_miniboss_3,Il Commodoro del Branco di Squali è di fronte a te. Il Branco è sempre pronto a negoziare per una tariffa ragionevole. So che le Arpie Dorate sono famose per...,Il Commodoro del Branco di Squali è di fronte a te. Il Branco è sempre pronto a negoziare per una tariffa ragionevole. So che le Arpie Dorate sono famose per…,,weblate,cleanup
rename,th,dialogue_text_campaign_4_0_22_miniboss_3,dialog_text_campaign_4_0_22_miniboss_3,ผู้บัญชาการฝูงฉลามอยู่ตรงหน้าท่าน ฝูงพร้อมที่จะเจรจาเสมอด้วยค่าธรรมเนียมที่สมเหตุสมผล ข้ารู้ว่าเหล่าฮาร์ปีสีทองมีชื่อเสียงในเรื่อง...,ผู้บัญชาการฝูงฉลามอยู่ตรงหน้าท่าน ฝูงพร้อมที่จะเจรจาเสมอด้วยค่าธรรมเนียมที่สมเหตุสมผล ข้ารู้ว่าเหล่าฮาร์ปีสีทองมีชื่อเสียงในเรื่อง…,,weblate,cleanup
rename,id,dialogue_text_campaign_4_0_22_miniboss_3,dialog_text_campaign_4_0_22_miniboss_3,Komodor Kawanan Hiu ada di hadapanmu. Kawanan selalu siap bernegosiasi dengan bayaran yang wajar. Aku tahu Golden Harpies terkenal karena...,Komodor Kawanan Hiu ada di hadapanmu. Kawanan selalu siap bernegosiasi dengan bayaran yang wajar. Aku tahu Golden Harpies terkenal karena…,,weblate,cleanup
rename,cn,dialogue_text_campaign_4_0_22_miniboss_3,dialog_text_campaign_4_0_22_miniboss_3,鲨鱼帮的准将就在你面前。我们总是乐于以合理的价格进行谈判。我知道，金鹰女妖以……闻名,鲨鱼帮的准将就在你面前。我们总是乐于以合理的价格进行谈判。我知道，金鹰女妖以……闻名……,2026-08-16T07:19,beta,review
rename,kr,dialogue_text_campaign_4_0_22_miniboss_3,dialog_text_campaign_4_0_22_miniboss_3,상어 떼의 제독이 바로 여기 있소. 우리 떼는 합당한 보수만 주면 언제든 협상할 준비가 되어 있소. 황금 하피는 ...으로 유명한 걸로 알고 있소만,상어 떼의 제독이 바로 여기 있소. 우리 떼는 합당한 보수만 주면 언제든 협상할 준비가 되어 있소. 황금 하피는 ...으로 유명한 걸로 알고 있소만…,2026-08-16T07:19,beta,review
rename,jp,dialogue_text_campaign_4_0_22_miniboss_3,dialog_text_campaign_4_0_22_miniboss_3,シャークパックの提督がお相手だ。パックは常に適正な料金で交渉する準備ができている。ゴールデン・ハーピーは…で有名だと聞いているが,シャークパックの提督がお相手だ。パックは常に適正な料金で交渉する準備ができている。ゴールデン・ハーピーは…で有名だと聞いているが……,2026-08-16T07:19,beta,review
rename,tr,dialogue_text_campaign_4_0_22_miniboss_3,dialog_text_campaign_4_0_22_miniboss_3,"Köpekbalığı Sürüsü Komodoru karşınızda. Sürü, makul bir ücret karşılığında her zaman pazarlık yapmaya hazırdır. Biliyorum, Altın Harpiyalar şunlarla ünlüdür...","Köpekbalığı Sürüsü Komodoru karşınızda. Sürü, makul bir ücret karşılığında her zaman pazarlık yapmaya hazırdır. Biliyorum, Altın Harpiyalar şunlarla ünlüdür…",,weblate,cleanup
rename,vi,dialogue_text_campaign_4_0_22_miniboss_3,dialog_text_campaign_4_0_22_miniboss_3,Chỉ huy Bầy Cá Mập đang đứng trước mặt cô đây. Bầy luôn sẵn sàng đàm phán – với một khoản phí hợp lý. Tôi biết Bầy Chim Ưng Vàng nổi tiếng là...,Chỉ huy Bầy Cá Mập đang đứng trước mặt cô đây. Bầy luôn sẵn sàng đàm phán – với một khoản phí hợp lý. Tôi biết Bầy Chim Ưng Vàng nổi tiếng là…,,weblate,cleanup
rename,nl,dialogue_text_campaign_4_0_22_miniboss_3,dialog_text_campaign_4_0_22_miniboss_3,De Commandant van de Haaienbende staat voor je. De Bende is altijd bereid tot onderhandelen – voor een redelijke prijs. Ik weet dat de Gouden Harpijen bekendstaan om...,De Commandant van de Haaienbende staat voor je. De Bende is altijd bereid tot onderhandelen – voor een redelijke prijs. Ik weet dat de Gouden Harpijen bekendstaan om…,,weblate,cleanup
rename,en,dialogue_text_campaign_4_0_22_miniboss_4,dialog_text_campaign_4_0_22_miniboss_4,"Jim Coulers, aka Righteous Jim, if I'm not mistaken? You're hard to miss. My sources tell me you no longer represent the Pack's interests. And the new Commodore is extremely interested in your person. Well, if I bring you along with the contract, maybe we can agree on more favorable terms...","Jim Coulers, aka Righteous Jim, if I'm not mistaken? You're hard to miss. My sources tell me you no longer represent the Pack's interests. And the new Commodore is extremely interested in your person. Well, if I bring you along with the contract, maybe we can agree on more favorable terms…",,weblate,cleanup
rename,es,dialogue_text_campaign_4_0_22_miniboss_4,dialog_text_campaign_4_0_22_miniboss_4,"Jim Coulers, alias Jim el Justo, si no me equivoco? Es difícil no reconocerlo. Mis fuentes me dicen que ya no representa los intereses de la Manada. Y el nuevo Comodoro está extremadamente interesado en su persona. Bueno, si lo traigo junto con el contrato, tal vez podamos acordar términos más favorables...","Jim Coulers, alias Jim el Justo, si no me equivoco? Es difícil no reconocerlo. Mis fuentes me dicen que ya no representa los intereses de la Manada. Y el nuevo Comodoro está extremadamente interesado en su persona. Bueno, si lo traigo junto con el contrato, tal vez podamos acordar términos más favorables…",,weblate,cleanup
rename,fr,dialogue_text_campaign_4_0_22_miniboss_4,dialog_text_campaign_4_0_22_miniboss_4,"Jim Coulers, alias Jim le Juste, si je ne me trompe ? Difficile de vous manquer. Mes sources m'ont dit que vous ne représentez plus les intérêts de la Meute. Et le nouveau Commodore est extrêmement intéressé par votre personne. Eh bien, si je vous amène avec le contrat, nous pourrons peut-être convenir de conditions plus favorables...","Jim Coulers, alias Jim le Juste, si je ne me trompe ? Difficile de vous manquer. Mes sources m'ont dit que vous ne représentez plus les intérêts de la Meute. Et le nouveau Commodore est extrêmement intéressé par votre personne. Eh bien, si je vous amène avec le contrat, nous pourrons peut-être convenir de conditions plus favorables…",,weblate,cleanup
rename,pt,dialogue_text_campaign_4_0_22_miniboss_4,dialog_text_campaign_4_0_22_miniboss_4,"Jim Coulers, também conhecido como Jim, o Justo, se não me engano? É difícil não o reconhecer. As minhas fontes dizem-me que já não representa os interesses do Bando. E o novo Comodoro está extremamente interessado na sua pessoa. Bem, se eu o trouxer junto com o contrato, talvez possamos concordar com termos mais favoráveis...","Jim Coulers, também conhecido como Jim, o Justo, se não me engano? É difícil não o reconhecer. As minhas fontes dizem-me que já não representa os interesses do Bando. E o novo Comodoro está extremamente interessado na sua pessoa. Bem, se eu o trouxer junto com o contrato, talvez possamos concordar com termos mais favoráveis…",,weblate,cleanup
rename,pl,dialogue_text_campaign_4_0_22_miniboss_4,dialog_text_campaign_4_0_22_miniboss_4,"Jim Coulers, znany również jako Sprawiedliwy Jim, jeśli się nie mylę? Trudno cię przeoczyć. Moje źródła donoszą, że nie reprezentujesz już interesów Watahy. A nowy Komandor jest niezmiernie zainteresowany twoją osobą. Cóż, jeśli przyprowadzę cię razem z kontraktem, być może uda nam się uzgodnić korzystniejsze warunki...","Jim Coulers, znany również jako Sprawiedliwy Jim, jeśli się nie mylę? Trudno cię przeoczyć. Moje źródła donoszą, że nie reprezentujesz już interesów Watahy. A nowy Komandor jest niezmiernie zainteresowany twoją osobą. Cóż, jeśli przyprowadzę cię razem z kontraktem, być może uda nam się uzgodnić korzystniejsze warunki…",,weblate,cleanup
rename,de,dialogue_text_campaign_4_0_22_miniboss_4,dialog_text_campaign_4_0_22_miniboss_4,"Jim Coulers, auch bekannt als Gerechter Jim, wenn ich mich nicht irre? Sie sind schwer zu übersehen. Meine Quellen sagen mir, dass Sie die Interessen des Rudels nicht mehr vertreten. Und der neue Kommodore ist sehr an Ihrer Person interessiert. Nun, wenn ich Sie zusammen mit dem Vertrag mitbringe, können wir uns vielleicht auf günstigere Bedingungen einigen...","Jim Coulers, auch bekannt als Gerechter Jim, wenn ich mich nicht irre? Sie sind schwer zu übersehen. Meine Quellen sagen mir, dass Sie die Interessen des Rudels nicht mehr vertreten. Und der neue Kommodore ist sehr an Ihrer Person interessiert. Nun, wenn ich Sie zusammen mit dem Vertrag mitbringe, können wir uns vielleicht auf günstigere Bedingungen einigen…",,weblate,cleanup
rename,it,dialogue_text_campaign_4_0_22_miniboss_4,dialog_text_campaign_4_0_22_miniboss_4,"Jim Coulers, alias Jim il Giusto, se non sbaglio? È difficile non riconoscerla. Le mie fonti mi dicono che non rappresenta più gli interessi del Branco. E il nuovo Commodoro è estremamente interessato alla sua persona. Bene, se la porto insieme al contratto, forse possiamo concordare termini più favorevoli...","Jim Coulers, alias Jim il Giusto, se non sbaglio? È difficile non riconoscerla. Le mie fonti mi dicono che non rappresenta più gli interessi del Branco. E il nuovo Commodoro è estremamente interessato alla sua persona. Bene, se la porto insieme al contratto, forse possiamo concordare termini più favorevoli…",,weblate,cleanup
rename,th,dialogue_text_campaign_4_0_22_miniboss_4,dialog_text_campaign_4_0_22_miniboss_4,จิม คูลเลอร์ส หรือ จิมผู้เที่ยงธรรม ถ้าข้าจำไม่ผิด? เป็นเรื่องยากที่จะไม่สังเกตท่าน แหล่งข่าวของข้าบอกว่าท่านไม่ได้เป็นตัวแทนผลประโยชน์ของฝูงอีกต่อไปแล้ว และผู้บัญชาการคนใหม่สนใจในตัวท่านเป็นอย่างมาก เอาล่ะ ถ้าข้านำท่านไปพร้อมกับสัญญา บางทีพวกเราอาจจะตกลงกันได้ภายใต้เงื่อนไขที่ดีกว่านี้...,จิม คูลเลอร์ส หรือ จิมผู้เที่ยงธรรม ถ้าข้าจำไม่ผิด? เป็นเรื่องยากที่จะไม่สังเกตท่าน แหล่งข่าวของข้าบอกว่าท่านไม่ได้เป็นตัวแทนผลประโยชน์ของฝูงอีกต่อไปแล้ว และผู้บัญชาการคนใหม่สนใจในตัวท่านเป็นอย่างมาก เอาล่ะ ถ้าข้านำท่านไปพร้อมกับสัญญา บางทีพวกเราอาจจะตกลงกันได้ภายใต้เงื่อนไขที่ดีกว่านี้…,,weblate,cleanup
rename,id,dialogue_text_campaign_4_0_22_miniboss_4,dialog_text_campaign_4_0_22_miniboss_4,"Jim Coulers, alias Jim yang Benar, jika aku tidak salah? Kau sulit untuk dilewatkan. Sumberku memberitahuku bahwa kau tidak lagi mewakili kepentingan Kawanan. Dan Komodor baru sangat tertarik padamu. Baiklah, jika aku membawamu bersama dengan kontrak, mungkin kita bisa menyetujui persyaratan yang lebih menguntungkan...","Jim Coulers, alias Jim yang Benar, jika aku tidak salah? Kau sulit untuk dilewatkan. Sumberku memberitahuku bahwa kau tidak lagi mewakili kepentingan Kawanan. Dan Komodor baru sangat tertarik padamu. Baiklah, jika aku membawamu bersama dengan kontrak, mungkin kita bisa menyetujui persyaratan yang lebih menguntungkan…",,weblate,cleanup
rename,kr,dialogue_text_campaign_4_0_22_miniboss_4,dialog_text_campaign_4_0_22_miniboss_4,"짐 쿨러스, 정의로운 짐이라고도 하던가? 틀리지 않았겠지? 쉽게 알아볼 수 있소. 내 정보통에 따르면 당신은 더 이상 상어 떼의 이익을 대변하지 않는다더군. 그리고 새 제독이 당신에게 큰 관심을 가지고 있소. 뭐, 계약서와 함께 당신을 데려간다면 좀 더 유리한 조건으로 합의할 수 있을지도 모르지...","짐 쿨러스, 정의로운 짐이라고도 하던가? 틀리지 않았겠지? 쉽게 알아볼 수 있소. 내 정보통에 따르면 당신은 더 이상 상어 떼의 이익을 대변하지 않는다더군. 그리고 새 제독이 당신에게 큰 관심을 가지고 있소. 뭐, 계약서와 함께 당신을 데려간다면 좀 더 유리한 조건으로 합의할 수 있을지도 모르지…",,weblate,cleanup
rename,tr,dialogue_text_campaign_4_0_22_miniboss_4,dialog_text_campaign_4_0_22_miniboss_4,"Jim Coulers, diğer adıyla Doğrucu Jim, yanılmıyorsam? Seni gözden kaçırmak zor. Kaynaklarım bana artık Sürü'nün çıkarlarını temsil etmediğini söyledi. Ve yeni Komodor şahsınızla son derece ilgili. Eh, eğer seni sözleşmeyle birlikte getirirsem, belki daha uygun koşullarda anlaşabiliriz...","Jim Coulers, diğer adıyla Doğrucu Jim, yanılmıyorsam? Seni gözden kaçırmak zor. Kaynaklarım bana artık Sürü'nün çıkarlarını temsil etmediğini söyledi. Ve yeni Komodor şahsınızla son derece ilgili. Eh, eğer seni sözleşmeyle birlikte getirirsem, belki daha uygun koşullarda anlaşabiliriz…",,weblate,cleanup
rename,vi,dialogue_text_campaign_4_0_22_miniboss_4,dialog_text_campaign_4_0_22_miniboss_4,"Jim Coulers, hay còn gọi là Jim Chính Trực, nếu tôi không nhầm? Khó mà không nhận ra anh. Nguồn tin của tôi nói anh không còn đại diện cho lợi ích của Bầy nữa. Và Chỉ huy mới rất quan tâm đến anh. Nếu tôi mang anh cùng với hợp đồng, có lẽ chúng ta có thể đàm phán với điều kiện tốt hơn...","Jim Coulers, hay còn gọi là Jim Chính Trực, nếu tôi không nhầm? Khó mà không nhận ra anh. Nguồn tin của tôi nói anh không còn đại diện cho lợi ích của Bầy nữa. Và Chỉ huy mới rất quan tâm đến anh. Nếu tôi mang anh cùng với hợp đồng, có lẽ chúng ta có thể đàm phán với điều kiện tốt hơn…",,weblate,cleanup
rename,nl,dialogue_text_campaign_4_0_22_miniboss_4,dialog_text_campaign_4_0_22_miniboss_4,"Jim Coulers, ook bekend als Rechtvaardige Jim, als ik me niet vergis? Je valt op. Mijn bronnen zeggen dat je de belangen van de Bende niet langer vertegenwoordigt. En de nieuwe Commandant is bijzonder geïnteresseerd in jou. Als ik jou samen met het contract aflever, kunnen we misschien gunstiger voorwaarden bedingen...","Jim Coulers, ook bekend als Rechtvaardige Jim, als ik me niet vergis? Je valt op. Mijn bronnen zeggen dat je de belangen van de Bende niet langer vertegenwoordigt. En de nieuwe Commandant is bijzonder geïnteresseerd in jou. Als ik jou samen met het contract aflever, kunnen we misschien gunstiger voorwaarden bedingen…",,weblate,cleanup
rename,fr,dialogue_text_campaign_4_0_22_miniboss_win_2,dialog_text_campaign_4_0_22_miniboss_win_2,Peut-être devrais-tu faire un effort et ne pas te montrer sur le pont à chaque fois que nous rencontrons un foutu navire ?,Peut-être devrais-tu faire un effort et ne pas te montrer sur le pont à chaque fois que nous rencontrons un foutu navire ?,,weblate,cleanup
rename,kr,dialogue_text_campaign_4_0_22_miniboss_win_2,dialog_text_campaign_4_0_22_miniboss_win_2,네가 노력해서 빌어먹을 배를 만날 때마다 갑판에 나타나지 않는 게 낫겠어.,네가 노력해서 빌어먹을 배를 만날 때마다 갑판에 나타나지 않는 게 낫겠어?,2026-08-16T07:19,beta,review
rename,fr,dialogue_text_campaign_4_0_boss_1,dialog_text_campaign_4_0_boss_1,"Asper ! Libère mes hommes et nous nous séparerons en paix ! Tu peux même garder cette forteresse moisie ! Si nous prenons le fort par la force, mon offre ne sera plus aussi généreuse !","Asper ! Libère mes hommes et nous nous séparerons en paix ! Tu peux même garder cette forteresse moisie ! Si nous prenons le fort par la force, mon offre ne sera plus aussi généreuse !",,weblate,cleanup
rename,en,dialogue_text_campaign_4_0_boss_2,dialog_text_campaign_4_0_boss_2,I'll take your offer into consideration...,I'll take your offer into consideration…,,weblate,cleanup
rename,es,dialogue_text_campaign_4_0_boss_2,dialog_text_campaign_4_0_boss_2,Tomaré su oferta en consideración...,Tomaré su oferta en consideración…,,weblate,cleanup
rename,fr,dialogue_text_campaign_4_0_boss_2,dialog_text_campaign_4_0_boss_2,Je prendrai votre offre en considération...,Je prendrai votre offre en considération…,,weblate,cleanup
rename,pt,dialogue_text_campaign_4_0_boss_2,dialog_text_campaign_4_0_boss_2,Vou ter a sua oferta em consideração...,Vou ter a sua oferta em consideração…,,weblate,cleanup
rename,pl,dialogue_text_campaign_4_0_boss_2,dialog_text_campaign_4_0_boss_2,Wezmę twoją ofertę pod uwagę...,Wezmę twoją ofertę pod uwagę…,,weblate,cleanup
rename,de,dialogue_text_campaign_4_0_boss_2,dialog_text_campaign_4_0_boss_2,Ich werde Ihr Angebot in Betracht ziehen...,Ich werde Ihr Angebot in Betracht ziehen…,,weblate,cleanup
rename,it,dialogue_text_campaign_4_0_boss_2,dialog_text_campaign_4_0_boss_2,Terrò in considerazione la sua offerta...,Terrò in considerazione la sua offerta…,,weblate,cleanup
rename,th,dialogue_text_campaign_4_0_boss_2,dialog_text_campaign_4_0_boss_2,ข้าจะรับข้อเสนอของท่านไว้พิจารณา...,ข้าจะรับข้อเสนอของท่านไว้พิจารณา…,,weblate,cleanup
rename,id,dialogue_text_campaign_4_0_boss_2,dialog_text_campaign_4_0_boss_2,Akan kupertimbangkan tawaranmu...,Akan kupertimbangkan tawaranmu…,,weblate,cleanup
rename,kr,dialogue_text_campaign_4_0_boss_2,dialog_text_campaign_4_0_boss_2,네 제안을 고려해 보겠소...,네 제안을 고려해 보겠소…,,weblate,cleanup
rename,tr,dialogue_text_campaign_4_0_boss_2,dialog_text_campaign_4_0_boss_2,Teklifinizi dikkate alacağım...,Teklifinizi dikkate alacağım…,,weblate,cleanup
rename,vi,dialogue_text_campaign_4_0_boss_2,dialog_text_campaign_4_0_boss_2,Tôi sẽ xem xét đề nghị của anh...,Tôi sẽ xem xét đề nghị của anh…,,weblate,cleanup
rename,nl,dialogue_text_campaign_4_0_boss_2,dialog_text_campaign_4_0_boss_2,Ik zal je voorstel overwegen...,Ik zal je voorstel overwegen…,,weblate,cleanup
rename,fr,dialogue_text_campaign_4_0_boss_3,dialog_text_campaign_4_0_boss_3,Eh bien... Il semble que vos conditions soient inacceptables !,Eh bien... Il semble que vos conditions soient inacceptables !,,weblate,cleanup
rename,fr,dialogue_text_campaign_4_0_boss_win_1,dialog_text_campaign_4_0_boss_win_1,"Mako, mon garçon, qu'est-ce qu'ils t'ont fait ? Attends, tu as toujours été comme ça.","Mako, mon garçon, qu'est-ce qu'ils t'ont fait ? Attends, tu as toujours été comme ça.",,weblate,cleanup
rename,fr,dialogue_text_campaign_4_0_boss_win_3,dialog_text_campaign_4_0_boss_win_3,"Je ne vois pas ton frère, Yago. Où est-il, tout va bien pour lui ?","Je ne vois pas ton frère, Yago. Où est-il, tout va bien pour lui ?",,weblate,cleanup
rename,en,dialogue_text_campaign_4_1_region_2,dialog_text_campaign_4_1_region_2,"If Byle has kept any traditions in the squad, then the most suitable place for execution is Sawtooth Cape. All traitors and rebels are taken there and fed to...","If Byle has kept any traditions in the squad, then the most suitable place for execution is Sawtooth Cape. All traitors and rebels are taken there and fed to…",,weblate,cleanup
rename,es,dialogue_text_campaign_4_1_region_2,dialog_text_campaign_4_1_region_2,"Si Byle ha conservado alguna tradición en el escuadrón, entonces el lugar más adecuado para la ejecución es el Cabo Dientes de Sierra. Todos los traidores y rebeldes son llevados allí y alimentados a...","Si Byle ha conservado alguna tradición en el escuadrón, entonces el lugar más adecuado para la ejecución es el Cabo Dientes de Sierra. Todos los traidores y rebeldes son llevados allí y alimentados a…",,weblate,cleanup
rename,fr,dialogue_text_campaign_4_1_region_2,dialog_text_campaign_4_1_region_2,"Si Byle a conservé des traditions dans l'escouade, alors l'endroit le plus approprié pour l'exécution est le Cap des Dents de Scie. Tous les traîtres et les rebelles y sont emmenés et donnés à manger à...","Si Byle a conservé des traditions dans l'escouade, alors l'endroit le plus approprié pour l'exécution est le Cap des Dents de Scie. Tous les traîtres et les rebelles y sont emmenés et donnés à manger à…",,weblate,cleanup
rename,pt,dialogue_text_campaign_4_1_region_2,dialog_text_campaign_4_1_region_2,"Se Byle manteve alguma tradição no esquadrão, então o local mais adequado para a execução é o Cabo Serra. Todos os traidores e rebeldes são levados para lá e dados como alimento a...","Se Byle manteve alguma tradição no esquadrão, então o local mais adequado para a execução é o Cabo Serra. Todos os traidores e rebeldes são levados para lá e dados como alimento a…",,weblate,cleanup
rename,pl,dialogue_text_campaign_4_1_region_2,dialog_text_campaign_4_1_region_2,"Jeśli Byle zachował jakiekolwiek tradycje w oddziale, to najbardziej odpowiednim miejscem egzekucji jest Przylądek Piłozębów. Wszyscy zdrajcy i buntownicy są tam zabierani i karmieni...","Jeśli Byle zachował jakiekolwiek tradycje w oddziale, to najbardziej odpowiednim miejscem egzekucji jest Przylądek Piłozębów. Wszyscy zdrajcy i buntownicy są tam zabierani i karmieni…",,weblate,cleanup
rename,de,dialogue_text_campaign_4_1_region_2,dialog_text_campaign_4_1_region_2,"Wenn Byle irgendwelche Traditionen in der Truppe beibehalten hat, dann ist der geeignetste Ort für eine Hinrichtung Kap Sägezahn. Alle Verräter und Aufständischen werden dorthin gebracht und verfüttert an...","Wenn Byle irgendwelche Traditionen in der Truppe beibehalten hat, dann ist der geeignetste Ort für eine Hinrichtung Kap Sägezahn. Alle Verräter und Aufständischen werden dorthin gebracht und verfüttert an…",,weblate,cleanup
rename,it,dialogue_text_campaign_4_1_region_2,dialog_text_campaign_4_1_region_2,"Se Byle ha mantenuto qualche tradizione nella squadra, allora il luogo più adatto per l'esecuzione è Capo Seghetto. Tutti i traditori e i ribelli vengono portati lì e dati in pasto a...","Se Byle ha mantenuto qualche tradizione nella squadra, allora il luogo più adatto per l'esecuzione è Capo Seghetto. Tutti i traditori e i ribelli vengono portati lì e dati in pasto a…",,weblate,cleanup
rename,th,dialogue_text_campaign_4_1_region_2,dialog_text_campaign_4_1_region_2,ถ้าไบลยังคงรักษาประเพณีใดๆ ไว้ในหน่วย สถานที่ที่เหมาะสมที่สุดสำหรับการประหารก็คือแหลมเลื่อย ทุกคนที่เป็นคนทรยศและกบฏจะถูกนำตัวไปที่นั่นและถูกป้อนให้กับ...,ถ้าไบลยังคงรักษาประเพณีใดๆ ไว้ในหน่วย สถานที่ที่เหมาะสมที่สุดสำหรับการประหารก็คือแหลมเลื่อย ทุกคนที่เป็นคนทรยศและกบฏจะถูกนำตัวไปที่นั่นและถูกป้อนให้กับ…,,weblate,cleanup
rename,id,dialogue_text_campaign_4_1_region_2,dialog_text_campaign_4_1_region_2,"Jika Byle masih mempertahankan tradisi apa pun di pasukan, maka tempat yang paling cocok untuk eksekusi adalah Tanjung Gerigi. Semua pengkhianat dan pemberontak dibawa ke sana dan dijadikan makanan untuk...","Jika Byle masih mempertahankan tradisi apa pun di pasukan, maka tempat yang paling cocok untuk eksekusi adalah Tanjung Gerigi. Semua pengkhianat dan pemberontak dibawa ke sana dan dijadikan makanan untuk…",,weblate,cleanup
rename,jp,dialogue_text_campaign_4_1_region_2,dialog_text_campaign_4_1_region_2,もしバイルが隊に何らかの伝統を残しているなら、処刑に最もふさわしい場所は鋸歯状岬だろう。すべての裏切り者と反逆者はそこに連れて行かれ、…に食わせられる。,もしバイルが隊に何らかの伝統を残しているなら、処刑に最もふさわしい場所は鋸歯状岬だろう。すべての裏切り者と反逆者はそこに連れて行かれ、…に食わせられる……,2026-08-16T07:19,beta,review
rename,tr,dialogue_text_campaign_4_1_region_2,dialog_text_campaign_4_1_region_2,"Eğer Byle, birlikte bir takım gelenekleri koruduysa infaz için en uygun yer Testerediş Burnu'dur. Tüm hainler ve isyancılar oraya götürülür ve yem olarak verilir...","Eğer Byle, birlikte bir takım gelenekleri koruduysa infaz için en uygun yer Testerediş Burnu'dur. Tüm hainler ve isyancılar oraya götürülür ve yem olarak verilir…",,weblate,cleanup
rename,vi,dialogue_text_campaign_4_1_region_2,dialog_text_campaign_4_1_region_2,"Nếu Byle vẫn giữ truyền thống cũ, thì nơi hành quyết thích hợp nhất là Mũi Răng Cưa. Tất cả những kẻ phản bội và nổi loạn đều bị đưa đến đó và cho ăn...","Nếu Byle vẫn giữ truyền thống cũ, thì nơi hành quyết thích hợp nhất là Mũi Răng Cưa. Tất cả những kẻ phản bội và nổi loạn đều bị đưa đến đó và cho ăn…",,weblate,cleanup
rename,nl,dialogue_text_campaign_4_1_region_2,dialog_text_campaign_4_1_region_2,"Als Byle nog enige traditie volgt, dan is Kaap Zaagtand de meest waarschijnlijke plek voor executies. Alle verraders en rebellen worden daarheen gebracht en gevoerd aan de...","Als Byle nog enige traditie volgt, dan is Kaap Zaagtand de meest waarschijnlijke plek voor executies. Alle verraders en rebellen worden daarheen gebracht en gevoerd aan de…",,weblate,cleanup
rename,fr,dialogue_text_campaign_4_1_region_3,dialog_text_campaign_4_1_region_3,"Oh non, épargnez-moi les détails. Equipage, hissez les voiles !","Oh non, épargnez-moi les détails. Equipage, hissez les voiles !",,weblate,cleanup
rename,fr,dialogue_text_campaign_4_1_6_miniboss_2,dialog_text_campaign_4_1_6_miniboss_2,"Ne t'es-tu pas un peu trop éloigné de chez toi, cannibale ? Peur de finir au fond avec ton Tyran ?","Ne t'es-tu pas un peu trop éloigné de chez toi, cannibale ? Peur de finir au fond avec ton Tyran ?",,weblate,cleanup
rename,fr,dialogue_text_campaign_4_1_6_miniboss_3,dialog_text_campaign_4_1_6_miniboss_3,"Byle a promis à ses frères un bon boulot, mais il n'a pas dit qu'on aurait aussi de savoureux et effrontés marins. J'aime ça !","Byle a promis à ses frères un bon boulot, mais il n'a pas dit qu'on aurait aussi de savoureux et effrontés marins. J'aime ça !",,weblate,cleanup
rename,fr,dialogue_text_campaign_4_1_14_miniboss_1,dialog_text_campaign_4_1_14_miniboss_1,"C'est ça, Byle Marteau ? Jim, à quoi tu pensais quand tu as accepté ce monstre dans la Meute ?","C'est ça, Byle Marteau ? Jim, à quoi tu pensais quand tu as accepté ce monstre dans la Meute ?",,weblate,cleanup
rename,fr,dialogue_text_campaign_4_1_14_miniboss_2,dialog_text_campaign_4_1_14_miniboss_2,"Jim le Juste ! Je te cherchais depuis si longtemps, et te voilà qui tombe entre mes mains. Bien, je n'aurai pas à revenir ici pour vous donner en pâture aux requins. Frères, mettez-les en pièces !","Jim le Juste ! Je te cherchais depuis si longtemps, et te voilà qui tombe entre mes mains. Bien, je n'aurai pas à revenir ici pour vous donner en pâture aux requins. Frères, mettez-les en pièces !",,weblate,cleanup
rename,fr,dialogue_text_campaign_4_1_14_miniboss_win_1,dialog_text_campaign_4_1_14_miniboss_win_1,"Yago, tu nous as fait suer pendant qu'on te sauvait. Tu ne penses pas du tout à ton commandant ?","Yago, tu nous as fait suer pendant qu'on te sauvait. Tu ne penses pas du tout à ton commandant ?",,weblate,cleanup
rename,fr,dialogue_text_campaign_4_1_14_miniboss_win_3,dialog_text_campaign_4_1_14_miniboss_win_3,"Ce n'est vraiment pas bien. La prochaine fois que tu iras nourrir les poissons, n'ose plus jamais te montrer devant moi !","Ce n'est vraiment pas bien. La prochaine fois que tu iras nourrir les poissons, n'ose plus jamais te montrer devant moi !",,weblate,cleanup
rename,fr,dialogue_text_campaign_4_1_22_miniboss_3,dialog_text_campaign_4_1_22_miniboss_3,"Ça commence à m'ennuyer. Frères, celui qui me rapporte leurs têtes recevra autant d'or qu'il pourra en emporter !","Ça commence à m'ennuyer. Frères, celui qui me rapporte leurs têtes recevra autant d'or qu'il pourra en emporter !",,weblate,cleanup
rename,fr,dialogue_text_campaign_4_1_boss_1,dialog_text_campaign_4_1_boss_1,"Il est temps d'en finir, Byle. Je suis venu prendre ce qui m'appartient de droit !","Il est temps d'en finir, Byle. Je suis venu prendre ce qui m'appartient de droit !",,weblate,cleanup
rename,fr,dialogue_text_campaign_4_1_boss_2,dialog_text_campaign_4_1_boss_2,"Tout ce qui t'appartient de droit, c'est une corde et une place sur la vergue. Puisque mes frères n'y arrivent pas, je vais te tuer moi-même !","Tout ce qui t'appartient de droit, c'est une corde et une place sur la vergue. Puisque mes frères n'y arrivent pas, je vais te tuer moi-même !",,weblate,cleanup
rename,fr,dialogue_text_campaign_4_1_boss_win_2,dialog_text_campaign_4_1_boss_win_2,"Oh, non, non, tu vas vivre, Byle Marteau. Vivre et regretter ta trahison. Une cellule au fort t'attend déjà. Yago, Mako ! Escortez Sir Marteau dans sa nouvelle demeure.","Oh, non, non, tu vas vivre, Byle Marteau. Vivre et regretter ta trahison. Une cellule au fort t'attend déjà. Yago, Mako ! Escortez Sir Marteau dans sa nouvelle demeure.",,weblate,cleanup
rename,fr,dialogue_text_campaign_4_1_boss_afterReward_2,dialog_text_campaign_4_1_boss_afterReward_2,Déjà ? Tu vas laisser un pauvre estropié seul au milieu de ces vauriens ?,Déjà ? Tu vas laisser un pauvre estropié seul au milieu de ces vauriens ?,,weblate,cleanup
rename,fr,dialogue_text_campaign_4_1_boss_afterReward_4,dialog_text_campaign_4_1_boss_afterReward_4,Tu me brises le cœur. Tu veux que je n'aie plus rien d'intact sur le côté gauche ?,Tu me brises le cœur. Tu veux que je n'aie plus rien d'intact sur le côté gauche ?,,weblate,cleanup
rename,fr,dialogue_text_campaign_4_1_boss_afterReward_7,dialog_text_campaign_4_1_boss_afterReward_7,"Tu veux dire - ne pas engager une bande de psychopathes cannibales à mon service ? Je ne sais pas, ça a l'air trop tentant. Bon vent, mon Elizabeth.","Tu veux dire - ne pas engager une bande de psychopathes cannibales à mon service ? Je ne sais pas, ça a l'air trop tentant. Bon vent, mon Elizabeth.",,weblate,cleanup
rename,th,ability_description_captain_heal_throw,ability_description_crew_captain_heal_throw,โยนถังยาวิเศษ {0} ถังไปยังลูกเรือพันธมิตร (ให้ความสำคัญกับคนที่บาดเจ็บ) รักษา: {1}/วินาที เป็นเวลา {2} วินาที,โยนถังน้ำยาฟื้นฟู {0} ถังใส่ลูกเรือพันธมิตร (เน้นผู้บาดเจ็บก่อน) การรักษา: {1}/วินาที เป็นเวลา {2} วินาที,,beta,review
rename,kr,ability_description_captain_heal_throw,ability_description_crew_captain_heal_throw,아군 선원에게 {0}개의 치료 물약 통을 던집니다 (부상자 우선). 치료: {2}초 동안 {1}/초,아군 선원들에게 {0}개의 치유 물약 통을 던집니다 (부상자 우선). 초당 {1}의 체력을 {2}초 동안 회복시킵니다,,beta,review
