context	ru	de	en	es	fr	it	ja	ko	zh_Hans	zh_Hant
hub1_first_1_1	Леон, вставай. Мы уже приехали.	Leon, steh auf. Wir sind schon da.	Leon, wake up. We're here.	Leon, levántate. Ya hemos llegado.	Leon, lève-toi. Nous sommes arrivés.	Leon, alzati. Siamo arrivati.	レオン、起きて。もう着いたよ。	레온, 일어나. 우리 벌써 도착했어.	莱昂，醒醒。我们到了。	雷恩，起來。我們到了。
hub1_first_1_2	Хорошо… Давно мы приехали?	Gut… Sind wir schon lange hier?	Alright… Have we been here long?	Bien… ¿Hace mucho que llegamos?	Bien… Nous sommes arrivés il y a longtemps ?	Va bene… È da tanto che siamo arrivati?	わかった… いつ着いたんだ？	좋아… 언제 도착했는데?	好吧……我们到多久了？	好…我們到了多久了？
hub1_first_1_3	Недавно. Ты проспал всю дорогу.	Nicht lange. Du hast die ganze Fahrt verschlafen.	Not long. You slept the whole way.	Hace poco. Te has dormido todo el camino.	Non. Tu as dormi tout le long du trajet.	Non molto. Hai dormito per tutto il viaggio.	さっきだよ。君は道中ずっと寝てた。	방금. 너는 길 내내 잠만 잤어.	刚到。你一路都在睡。	沒多久。你一路都在睡。
hub1_first_1_4	Проспал очередные виды на ебеня?	Hab ich wieder die Aussicht auf die Scheißgegend verpennt?	Slept through another set of shitty views?	¿Me he perdido las vistas de la mierda de siempre?	J'ai raté d'autres paysages de merde ?	Mi sono perso l'ennesimo panorama di merda?	またクソみたいな景色を見逃したのかよ？	또 씨발 촌구석 풍경이나 놓친 거야?	又错过了什么鸟不拉屎的风景？	又錯過了那些鳥不生蛋的地方？
hub1_first_1_5	Даже не знаю, как я это переживу.	Ich weiß nicht mal, wie ich das überleben soll.	Don't know how I'm gonna survive that.	No sé cómo voy a superar esto.	Je ne sais même pas comment je vais m'en remettre.	Non so nemmeno come farò a superarla.	どうやって生き延びようか。	이걸 어떻게 견뎌야 할지 모르겠네.	真不知道我该怎么熬过去。	我不知道我該怎麼活下去。
hub1_first_1_6	Добро пожаловать в Столицу.	Willkommen in der Hauptstadt.	Welcome to the capital.	Bienvenidos a la Capital.	Bienvenue dans la Capitale	Benvenuti nella Capitale.	首都へようこそ。	수도에 온 걸 환영하네.	欢迎来到帝都。	歡迎來到首都。
hub1_first_1_7	Ну, или в самую её «лучшую» часть — Рыбный тупик.	Nun, oder in ihrem „besten“ Teil – der Fisch-Sackgasse.	Well, or its “best” part — Fish Alley.	Bueno, o a su «mejor» parte: el Callejón del Pescado.	Enfin, dans sa « meilleure » partie — le Cul-de-sac des Poissons.	Beh, o nella sua parte più «bella»: il Vicolo dei Pesci.	まあ、その『最高の』部分、魚の袋小路へ、ってところかな。	음, 아니면 수도에서 가장 '좋은' 곳인 어항 골목이라고 해야겠군.	嗯，或者说它最“棒”的部分——鱼肠巷。	嗯，或者說，是它「最好」的部分——魚巷。
hub1_first_1_8	Построили недавно, ещё при третьем императоре Акито.	Erst kürzlich erbaut, noch unter dem dritten Kaiser Akito.	Built recently, back under the third Emperor Akito.	Lo construyeron hace poco, durante el reinado del tercer emperador Akito.	Construit récemment, sous le troisième empereur Akito.	Costruito di recente, ancora sotto il terzo imperatore Akito.	最近できたんだ、まだ三代目皇帝アキトの時代にね。	아키토 3세 황제 때 지은 지 얼마 안 된 곳이지.	刚建好没多久，还是在第三代皇帝明人时期。	最近才建好的，在第三任皇帝明人時期。
hub1_first_1_9	Он опять завёл эту шарманку.	Er hat schon wieder diese Leier angefangen.	He's started that broken record again.	Ha vuelto a empezar con la misma cantinela.	Il a encore ressorti son vieux disque.	Ha ricominciato con la solita tiritera.	またあの歴史講座を始めやがった。	저 녀석 또 그 역사 이야기를 꺼내는군.	他又开始念经了。	他又開始講那些老掉牙的故事了。
hub1_first_1_10	Я чёт подустал от этих уроков истории.	Ich bin irgendwie müde von diesen Geschichtsstunden.	I'm kinda tired of these history lessons.	Estoy un poco harto de estas lecciones de historia.	J'en ai un peu marre de ces leçons d'histoire.	Sono un po' stanco di queste lezioni di storia.	この歴史の授業にはちょっと飽きてきたぜ。	이 역사 강의는 좀 지겹다.	我有点听腻这些历史课了。	我有點厭倦這些歷史課了。
hub1_first_1_11	Все пауки такие?	Sind alle Spinnen so?	All you Spiders like that?	¿Todos los arañas son así?	Tous les araignées sont comme ça ?	Tutti i ragni sono così?	蜘蛛ってみんなこんな感じかよ？	거미들은 다 이래?	所有蜘蛛都这样吗？	所有蜘蛛都這樣嗎？
hub1_first_1_12	Хранители знаний, да	Hüter des Wissens, ja	Keepers of knowledge, yes	Guardianes del saber, sí	Gardiens du savoir, oui	Custodi della conoscenza, sì	知識の守護者、そうですね	지식의 수호자라, 그래	知识的守护者，没错。	知識的守護者，沒錯。
hub1_first_1_13	Скукота.	Langweilig.	Boring	Qué aburrimiento.	Ennuyeux	Che noia.	つまんねえな。	지루해.	无聊。	真無聊。
hub1_first_1_14	Очень интересно. И спасибо, что подкинули нас.	Sehr interessant. Und danke, dass Sie uns mitgenommen haben.	Very interesting. And thank you for the ride.	Muy interesante. Y gracias por traernos.	Très intéressant. Et merci de nous avoir déposés.	Molto interessante. E grazie per averci dato un passaggio.	とても興味深いです。それに、私たちを助けてくれてありがとうございます。	매우 흥미롭군요. 그리고 저희를 던져주셔서 감사합니다.	非常有趣。还有，谢谢你们捎我们一程。	很有趣。謝謝你載我們一程。
hub1_first_1_15	Без проблем.	Kein Problem.	No problem	De nada.	Pas de problème	Nessun problema.	問題ないよ。	별말씀을.	不客气。	沒問題。
hub1_first_1_16	Не мог пройти мимо вас, тем более напоминаете мне племянников.	Ich konnte nicht an euch vorbeigehen, zumal ihr mich an meine Neffen erinnert.	Couldn't just pass you by, especially since you remind me of my nephews	No podía pasar de largo, y más cuando me recordáis a mis sobrinos.	Je ne pouvais pas vous laisser, d’autant plus que vous me rappelez mes neveux	Non potevo non aiutarvi, soprattutto perché mi ricordate i miei nipoti.	見逃すわけにはいかなかった、特に君たちが甥っ子たちを思い出させるからね。	지나칠 수 없었어, 게다가 네들이 내 조카들을 떠올리게 하니.	我实在没法对你们视而不见，更何况你们让我想起了我的侄子们。	我不能錯過你們，更何況你們讓我想起了我的侄子們。
hub1_first_1_17	Только… с чешуей и шерстью.	Nur … mit Schuppen und Fell.	Only… with scales and fur.	Solo que… con escamas y pelo.	Seulement… avec des écailles et de la fourrure.	Solo… con squame e pelliccia.	ただ…鱗と毛皮付きで。	다만… 비늘과 털이 달린.	只不过……带着鳞片和皮毛。	只是…一個有鱗片，一個有毛髮。
hub1_first_1_18	Заглядывайте ко мне в «Тысячу мелочей»!	Schaut mal bei mir in den „Tausend Kleinigkeiten“ vorbei!	"Stop by my ""Thousand Trinkets"" sometime!"	¡Pasaos por mi «Mil baratijas»!	Passez me voir à la « Mille et une babioles » !	Venite a trovarmi a «Mille Cose»!	私の「千の雑貨」にも遊びに来てください！	「천 가지 잡동사니」에 들러보게!	有空来我的“千奇百怪”杂货铺坐坐！	歡迎隨時來我的「千種雜貨」！
hub1_first_1_19	Хорошо, спасибо!	Gut, danke!	Alright, thank you!	¡De acuerdo, gracias!	D’accord, merci !	Bene, grazie!	はい、ありがとうございます！	네, 감사합니다!	好的，谢谢！	好的，謝謝！
hub1_first_1_20	У меня здесь есть свои дела. Встретимся позже	Ich habe hier meine eigenen Angelegenheiten. Wir sehen uns später	I have my own business here. See you later	Tengo mis propios asuntos aquí. Nos vemos luego	J’ai mes propres affaires ici. On se voit plus tard	Ho i miei affari qui. Ci vediamo dopo	ここで用事がある。後で会おう	나 여기 할 일이 있네. 나중에 보자	我在这里还有些事要办。我们晚点见。	我這裡還有事。我們晚點再見。
hub1_first_1_21	А как мне тебя найти?	Und wie finde ich dich?	How am I gonna find you?	¿Y cómo te encuentro?	Et comment je te trouve, moi ?	E come faccio a trovarti?	どうやったらお前を見つけられるんだ？	어떻게 널 찾으면 돼?	那我怎么找你？	那我怎麼找你？
hub1_first_1_22	Я тебя сам найду.	Ich werde dich selbst finden.	I'll find you myself.	Yo te encontraré.	Je te trouverai moi-même.	Ti troverò io.	俺が自分で見つけてやる。	내가 직접 널 찾을 거야.	我会自己找到你的。	我會自己找到你的。
hub1_first_1_23	У меня от него чешуя дыбом стоит.	Mir stellen sich die Schuppen auf, wenn ich ihn sehe.	He makes my scales crawl.	Se me erizan las escamas con él.	Il me donne la chair de poule.	Mi fa rizzare le squame.	あいつのせいで鱗が逆立つぜ。	쟤만 보면 온몸에 소름이 끼쳐.	他让我鳞片都竖起来了。	他讓我鱗片都豎起來了。
hub1_first_1_24	Серьезно, Хадзуо его собрат, но рядом с ним, я не чувствую такого страха.	Im Ernst, Hazuo ist sein Bruder, aber in seiner Nähe verspüre ich keine solche Angst.	Seriously, Hazuo's his kin, but I don't feel that kinda fear around him.	En serio, Hazuo es su hermano, pero a su lado no siento tanto miedo.	Sérieusement, Hazuo est son frère, mais à côté de lui, je ne ressens pas une telle peur.	Seriamente, Hazuo è un suo simile, ma vicino a lui non sento questa paura.	本当に、ハズオはあいつの同族だけど、あの横にいるとこんな恐怖は感じない。	진짜로, 하즈오는 쟤 동족인데도 쟤 옆에 있을 때만큼 두렵지 않아.	说真的，哈祖欧是他同族，但在他身边我没感觉到这种恐惧。	說真的，葉月是他的同伴，但在他身邊，我卻沒有那種恐懼感。
hub1_first_1_25	А я думал, вы лучшие подружки.	Ich dachte, ihr wärt beste Freundinnen.	I thought you two were besties.	Y yo que pensaba que erais las mejores amigas.	Et moi qui pensais que vous étiez les meilleures amies du monde.	E io che pensavo foste migliori amiche.	てっきり親友同士かと思ってたぜ。	둘이 죽이 잘 맞는 친구인 줄 알았는데.	我还以为你们是最好的闺蜜呢。	我還以為你們是最好的朋友呢。
hub1_first_1_26	Ха-ха. Что будем дальше делать?	Ha-ha. Was machen wir als Nächstes?	Haha. What're we gonna do next?	Ja, ja. ¿Qué hacemos ahora?	Ha-ha. Qu'est-ce qu'on fait maintenant ?	Ah-ah. Cosa facciamo adesso?	はは。次はどうする？	하하. 이제 뭐 할까?	哈哈。我们接下来做什么？	哈哈。我們接下來要做什麼？
hub1_first_1_27	Кажется, я не ел целую вечность.	Ich glaube, ich habe eine Ewigkeit nichts gegessen.	I ain't eaten in ages.	Creo que no he comido en siglos.	J'ai l'impression de n'avoir pas mangé depuis une éternité.	Mi sembra di non mangiare da un'eternità.	永遠ぶりに飯を食ってない気がする。	거의 영겁만에 먹는 것 같아.	感觉我好像一辈子没吃过东西了。	我好像很久沒吃東西了。
hub1_first_1_28	Может, набьём животы?	Sollen wir uns die Bäuche vollschlagen?	How 'bout we fill our bellies?	¿Y si nos llenamos la barriga?	Et si on se remplissait la panse ?	Forse ci riempiamo la pancia?	腹ごしらえしねえか？	빈 속이나 채울까?	要不我们先填饱肚子？	要不要去填飽肚子？
hub1_first_1_29	Можно.	Können wir.	We can.	Vale.	On peut.	Va bene.	いいよ。	그럴까요.	可以。	可以。
hub1_overlook_1_1	Ого! Как же тут… я не знаю… КРАСИВО!	Wow! Wie… ich weiß nicht… SCHÖN!	Whoa! This place is so… I don't know… BEAUTIFUL!	¡Guau! ¡Qué… no sé… QUÉ BONITO!	Oh ! Comme c'est… je ne sais pas… BEAU !	Oh! Com'è qui... non so... BELLO!	うわっ！ここは…なんつーか…キレイだぜ！	와! 여기 얼마나… 뭐라 해야… 예쁘네!	哇！这里真是……我不知道怎么说……太他妈漂亮了！	哇！這裡真是……我不知道……太美了！
hub1_overlook_1_2	Тут? Это же просто трущобы.	Hier? Das ist doch nur ein Elendsviertel.	Here? This is just a slum.	¿Aquí? Esto es solo un barrio bajo.	Ici ? Ce ne sont que des taudis.	Qui? Ma queste sono solo baraccopoli.	ここ？ただのスラム街じゃないか。	여기? 그냥 빈민가잖아.	这里？这不就是贫民窟嘛。	這裡？這只不過是貧民窟罷了。
hub1_overlook_1_3	Я никогда не видел такого большого города!	Ich habe noch nie so eine große Stadt gesehen!	I've never seen such a big city	¡Nunca había visto una ciudad tan grande!	Je n'ai jamais vu une ville aussi grande	Non ho mai visto una città così grande!	こんな大きな街、初めて見たぜ！	이렇게 큰 도시는 처음 봐!	我从没见过这么大的城市！	我從沒見過這麼大的城市！
hub1_overlook_1_4	Думаю, сама Столица тебя поразит!	Ich glaube, die Hauptstadt selbst wird dich umhauen!	I think the capital itself will amaze you	¡Creo que la Capital te sorprenderá!	Je pense que la Capitale elle-même te surprendra	Credo che la Capitale stessa ti sorprenderà!	首都そのものは君を驚かせると思うよ！	수도 자체는 널 더 놀라게 할 거야!	我想，帝都本身就会让你大吃一惊！	我想，首都本身就會讓你大吃一驚！
hub1_overlook_1_5	А тут как раз рамен подают. Пойдем!	Und hier gibt es gerade Ramen. Komm schon!	And they serve ramen right here. Let's go	Y aquí sirven ramen. ¡Vamos!	Et ici, ils servent du ramen. Allons-y	E qui servono proprio il ramen. Andiamo!	ちょうどラーメンが出てるよ。行こう！	여기서 라멘을 파네. 가자!	这儿正好有拉面卖。走吧！	這裡正好有拉麵。我們走吧！
hub1_ramen_1_1	Это что за фигня?!	Was zum Teufel ist das?!	What the fuck is this?!	¿¡Qué coño es esto!?	C'est quoi ce bordel ?!	Che cazzo è questo?!	なんだこりゃ？！	이게 뭐야?!	这他妈是什么玩意儿？！	這是什麼鬼東西？！
hub1_ramen_1_2	Это рамен. Никогда такого не пробовал что ли?	Das ist Ramen. Hast du so etwas noch nie probiert?	It's ramen. You never tried it before?	Es ramen. ¿Nunca lo habías probado?	C'est du ramen. Tu n'en as jamais goûté, c'est ça ?	È ramen. Non l'hai mai provato?	ラーメンだよ。食べたことないの？	라멘이야. 한번도 먹어본 적 없어?	这是拉面。你从来没吃过吗？	這是拉麵。你從沒吃過嗎？
hub1_ramen_1_3	Нет. У нас в деревне такого не готовили.	Nein. In unserem Dorf wurde so etwas nicht gekocht.	Nah. They didn't make this in my village.	No. En mi aldea no cocinaban esto.	Non. Dans notre village, on ne préparait pas ça.	No. Nel mio villaggio non lo cucinavano.	ああ。俺の村じゃこんなの作らなかった。	응. 우리 마을에선 이런 거 안 만들었어.	没有。我们村里不做这个。	沒有。我們村子裡沒人做這個。
hub1_ramen_1_4	А потом я ел только… с пола…	Und danach habe ich nur noch… vom Boden gegessen…	And after that, I only ate… off the floor…	Y luego solo comía… del suelo…	Et après, je n'ai mangé que… par terre…	E dopo ho mangiato solo… dal pavimento…	それからは…床からしか…食べてなくて…	그 다음엔... 바닥에서만 먹었고…	而且后来我只吃……地上的……	然後我只吃過……地上的……
hub1_ramen_1_5	Ясно.	Verstehe.	I see	Ya veo.	Je vois	Capisco.	なるほど。	알겠어.	明白了。	明白了。
hub1_ramen_1_6	Попробуй скорее. Тебе понравится.	Probier es schnell. Es wird dir schmecken.	Try it quickly. You'll like it.	Pruébalo rápido. Te gustará.	Goûte vite. Tu vas aimer.	Provalo subito. Ti piacerà.	早く食べてみて。気に入るよ。	빨리 먹어봐. 마음에 들 거야.	快尝尝吧。你会喜欢的。	快嚐嚐。你會喜歡的。
hub1_ramen_1_7	ЕБАТЬ. КАК. ВКУСНО.	VERDAMMT. IST. DAS. LECKER.	FUCK. THAT'S. GOOD.	¡JODER. QUÉ. RICO.	PUTAIN. QUE. C'EST. BON.	CAZZO. CHE. BUONO.	クソうまい！	씨발. 존나. 맛있네.	卧槽。真。他妈的。好吃。	他媽的。真。好。吃。
hub1_ramen_1_9	Я всегда говорю. Ешь рамен - БУДЕШЬ КАК КАМЕНЬ!	Ich sage immer: Iss Ramen – DANN BIST DU HART WIE EIN STEIN!	I always say. Eat ramen, and you'll BE HARD AS A ROCK!	Siempre lo digo. ¡Come ramen y SERÁS DURO COMO UNA PIEDRA!	Je dis toujours. Mange du ramen — TU SERAS SOLIDE COMME UN ROC !	Lo dico sempre. Mangia ramen e SARAI FORTE COME UNA ROCCIA!	いつも言ってるだろ。ラーメン食えば石のように強くなるぜ！	난 항상 말하지. 라멘을 먹으면 돌처럼 단단해진다고!	我常说。吃了拉面——你就硬如磐石！	我總是說。吃拉麵——你就會像石頭一樣硬！
hub1_ramen_1_10	ЗАТКНИСЬ, СТАРЫЙ! Не приставай к ним!	HALT DIE KLAPPE, ALTER! Belästige sie nicht!	SHUT UP, OLD MAN! Leave 'em alone!	¡CÁLLATE, VIEJO! ¡No los molestes!	TAIS-TOI, VIEUX ! Ne les embête pas	ZITTO, VECCHIO! Non infastidirli!	黙れ、ジジイ！あの人たちに構うな！	닥쳐, 늙은이! 그들한테 시끄럽게 굴지 마!	闭嘴，老东西！别缠着他们！	閉嘴，老頭！別煩他們！
hub1_ramen_1_11	Да я ничего не делал!	Ich hab doch gar nichts gemacht!	But I ain't doin' nothin'!	¡Pero si no he hecho nada!	Mais je n'ai rien fait	Ma non ho fatto niente!	何もしてないってば！	난 아무것도 안 했어!	我啥也没干啊！	我什麼都沒做！
hub1_ramen_1_12	Вот и не делай!	Dann mach auch nichts!	Then don't!	¡Pues no hagas nada!	Alors ne fais rien	E non fare niente!	だったらするな！	그러니까 하지 마!	那就别干！	那就別做！
hub1_ramen_1_13	Нам нужно где-то остановиться.	Wir müssen irgendwo unterkommen.	We need somewhere to stay.	Necesitamos un sitio donde quedarnos.	Nous devons nous arrêter quelque part	Dobbiamo trovare un posto dove stare.	どこか泊まる場所が必要ですね。	우리 잠깐 쉴 곳이 필요해요.	我们需要找个地方落脚。	我們需要找個地方落腳。
hub1_ramen_1_14	Мне все равно!	Ist mir scheißegal!	I don't give a shit!	¡Me da igual!	Je m'en fous	Non mi interessa!	どうでもいいぜ！	난 상관없어!	我无所谓！	我才不管！
hub1_ramen_1_15	Я хочу только узнать, кому продали мою сестру!	Ich will nur wissen, an wen meine Schwester verkauft wurde!	All I wanna know is who my sister was sold to!	¡Solo quiero saber a quién le vendieron a mi hermana!	Je veux juste savoir à qui ma sœur a été vendue !	Voglio solo sapere a chi hanno venduto mia sorella!	俺はただ、妹が誰に売られたか知りたいだけだ！	난 내 누나를 누구한테 팔았는지나 알고 싶을 뿐이야!	我只想知道他们把姐姐卖给了谁！	我只想知道，我的妹妹被賣給了誰！
hub1_ramen_1_16	И как ты это сделаешь?	Und wie willst du das anstellen?	And how will you do that?	¿Y cómo vas a hacer eso?	Et comment vas-tu faire ça ?	E come farai?	どうやって？	그걸 어떻게 알아낼 건데?	你打算怎么做？	你打算怎麼做？
hub1_ramen_1_17	Без понятия.	Keine Ahnung.	No fuckin' idea.	Ni idea.	Aucune idée.	Non ne ho idea.	知るかよ。	모르겠다.	没头绪。	不知道。
hub1_ramen_1_18	Нам нужна комната на несколько дней.	Wir brauchen ein Zimmer für ein paar Tage.	We need a room for a few days.	Necesitamos una habitación para unos días.	Il nous faut une chambre pour quelques jours	Ci serve una stanza per qualche giorno.	数日間、部屋を借りたいのですが。	우리 며칠 묵을 방이 필요해요.	我们需要一个房间住几天。	我們需要一間房間住幾天。
hub1_ramen_1_19	Отлично! А мне нужны постояльцы!	Ausgezeichnet! Und ich brauche Gäste!	Great! And I need lodgers!	¡Genial! ¡Y yo necesito huéspedes!	Parfait ! Et moi, j’ai besoin de clients !	Ottimo! E a me servono degli ospiti!	良かった！宿泊客が欲しかったんだ！	좋아! 나한텐 숙박객이 필요하단 말이야!	太好了！我正需要住客！	太好了！我正需要房客！
hub1_ramen_1_20	Ты подслушивал?	Hast du gelauscht?	Were you eavesdropping?	¿Estabas escuchando a escondidas?	Tu écoutais aux portes ?	Stavi origliando?	盗み聞きしてたのか？	너 엿들었냐?	你偷听了？	你偷聽？
hub1_ramen_1_21	Так я всегда подслушиваю.	Das tue ich immer.	I always eavesdrop.	Siempre escucho a escondidas.	J’écoute toujours aux portes.	Io origlio sempre.	いつも聞いてるよ。	난 항상 엿들어.	我向来都偷听。	我一直都在偷聽啊。
hub1_ramen_1_22	Вы можете спать в подсобке за раменной.	Ihr könnt im Hinterzimmer des Ramen-Ladens schlafen.	You can sleep in the back room behind the ramen shop.	Podéis dormir en el almacén, detrás del ramen.	Vous pouvez dormir dans l’arrière-boutique, derrière le ramen-ya	Potete dormire nel ripostiglio dietro la ramen-ya.	ラーメン屋の裏の物置で寝ていいよ。	라멘 가게 뒤에 있는 창고에서 자도 돼.	你们可以睡在拉面摊后面的储藏室。	你們可以睡在拉麵店後面的儲藏室。
hub1_ramen_1_23	Только учтите! Все шиитаке посчитаны.	Aber seid gewarnt! Alle Shiitake sind gezählt.	Just so you know! All shiitake are accounted for.	¡Pero tened en cuenta! Todos los shiitake están contados.	Mais attention ! Tous les shiitake sont comptés.	Ma attenzione! Tutti gli shiitake sono contati.	ただしな！シイタケは全部数えてあるからな！	단, 명심해! 표고버섯은 다 세놨으니까.	不过记住！所有香菇都清点过了。	不過你們要記住！所有的香菇我都數過了。
hub1_ramen_1_24	… что за нахрен шиитаке…	…was zum Teufel sind Shiitake…	… what the fuck are shiitake…	… ¿qué coño es un shiitake…?	… c’est quoi, ces putains de shiitake…	...che cazzo sono gli shiitake…	…シイタケって何だよ…	...씨발 대체 표고버섯이 뭐야…	……香菇他妈是什么鬼……	……香菇他媽的是什麼鬼東西……
hub1_ramen_1_25	Мы бы с радостью у вас остановились.	Wir würden sehr gerne bei Ihnen bleiben.	We'd gladly stay with you.	Nos encantaría quedarnos con usted.	Nous serions ravis de rester chez vous	Saremmo felici di fermarci da voi.	喜んでお世話になります。	기꺼이 여기서 묵겠습니다.	我们很乐意借宿。	我們很樂意住在你這裡。
hub1_ramen_1_26	Но у нас совсем немного денег.	Aber wir haben nur sehr wenig Geld.	But we don't have much money.	Pero tenemos muy poco dinero.	Mais nous avons très peu d’argent.	Ma abbiamo pochi soldi.	ですが、お金がほとんどなくて。	하지만 돈이 거의 없어요.	但我们钱不多。	但我們沒什麼錢。
hub1_ramen_1_27	А мне и не нужны деньги.	Ich brauche kein Geld.	I don't need money.	Y a mí no me hace falta el dinero.	Je n’ai pas besoin d’argent.	E a me non servono soldi.	金はいらねえよ。	난 돈 필요 없어.	我又不要钱。	我也不需要錢。
hub1_ramen_1_28	Я на вас новые рецепты раменов опробую! По рукам?	Ich werde neue Ramen-Rezepte an euch ausprobieren! Einverstanden?	I'll try out new ramen recipes on ya! Deal?	¡Voy a probar nuevas recetas de ramen con vosotros! ¿Trato hecho?	Je vais tester de nouvelles recettes de ramen sur vous ! Marché conclu ?	Proverò su di voi nuove ricette di ramen! Ci stai?	お前らで新しいラーメンのレシピ試させてくれ！いいな？	내가 너희한테 새로운 라멘 레시피를 시험해 볼 거야! 거래 성사?	我拿你们试试新拉面配方！成交？	我會在你們身上試驗新的拉麵食譜！成交嗎？
hub1_ramen_1_29	По рукам!	Einverstanden!	Deal!	¡Trato hecho!	Marché conclu !	Ci sto!	いいぜ！	거래 성사!	成交！	成交！
hub1_ramen_1_30	А нам бы еще какого-нибудь проводника для города…	Wir bräuchten noch einen Führer für die Stadt…	We could use a guide for the city…	Y nosotros necesitaríamos otro guía para la ciudad…	Il nous faudrait aussi un guide pour la ville…	Ma ci servirebbe una guida per la città…	街の案内人も何人か欲しいんだけど…	그리고 도시 안내를 해 줄 가이드도 좀 구해야겠는데…	我们还需要个城里带路的……	我們還需要一個城市嚮導……
hub1_ramen_1_31	Мы тут совсем не ориентируемся…	Wir finden uns hier überhaupt nicht zurecht…	We're completely lost here…	Aquí no nos orientamos para nada…	Nous ne nous y retrouvons pas du tout…	Non ci orientiamo per niente…	僕たち、ここら辺の地理が全然わからなくて…	우린 여길 전혀 모르니까…	我们在这儿完全摸不着方向……	我們在這裡完全迷失方向了……
hub1_ramen_1_32	Никто из наших отсюда носа не высунет в Столицу…	Niemand von uns wagt sich von hier in die Hauptstadt…	None of our folk'll stick their nose out into the capital…	Ninguno de los nuestros asoma la nariz por la Capital…	Aucun des nôtres ne mettra le nez dehors dans la Capitale…	Nessuno dei nostri metterebbe il naso fuori di qui per andare nella Capitale…	うちの者で首都に出るような奴はおらん…	우리 중 누구도 여기서 수도 쪽으로 코를 내밀지 않아…	我们这儿没人敢在帝都露脸……	我們的人沒有一個會踏進首都……
hub1_ramen_1_33	Хотя, загляните в чайный домик.	Schaut doch mal im Teehaus vorbei.	Though, check out the tea house.	Aunque, pasad por la casa de té.	Cependant, passez au salon de thé.	Comunque, fate un salto alla casa da tè.	まあ、茶屋を覗いてみな。	하지만, 찻집에 한번 가 보는 게 어때.	不过，你们可以去茶屋看看。	不過，你們可以去茶館看看。
hub1_ramen_1_34	Девочки госпожи Яэко частенько в городе бывают.	Die Mädchen von Lady Yaeko sind oft in der Stadt unterwegs.	Lady Yaeko's girls are often in the city.	Las chicas de la señora Yaeko suelen estar por la ciudad.	Les filles de Madame Yaeko sont souvent en ville.	Le ragazze della signora Yaeko sono spesso in città.	八重子様の娘たちはよく街に出てるからな。	야에코 부인의 여자애들이 자주 도시에 나가거든.	八重子女士手下的姑娘们常去城里走动。	八重子小姐的女孩們經常在城裡。
hub1_ramen_1_35	Как их найти?	Wie finden wir sie?	How do we find 'em?	¿Cómo las encontramos?	Comment les trouver ?	Come le troviamo?	どうやって見つける？	어디서 찾지?	怎么找她们？	怎麼找到她們？
hub1_ramen_1_36	Вот тут у нас главное место Рыбного тупика - моя раменная!	Hier ist der wichtigste Ort in der Fisch-Sackgasse – mein Ramen-Laden!	Right here's the main spot in Fish Alley - my ramen shop!	Aquí tenemos el lugar principal del Callejón del Pescado: ¡mi ramen!	Ici, c'est le cœur du Cul-de-sac des Poissons, mon Ramen-ya !	Qui abbiamo il posto principale del Vicolo dei Pesci: la mia ramen-ya!	ここが魚の袋小路のメインスポット、わしのラーメン屋じゃ！	여기 어항 골목의 중심지가 바로 내 라멘 가게야!	鱼肠巷最热闹的地方就是我的拉面摊！	這裡就是魚巷最重要的地點——我的拉麵店！
hub1_ramen_1_37	Но это вы и так знаете.	Aber das wisst ihr ja schon.	But you already know that.	Pero eso ya lo sabéis.	Mais ça, vous le savez déjà.	Ma questo lo sapete già.	まあ、それはお前らも知ってるだろうが。	하지만 그건 너희도 이미 알지.	不过这个你们已经知道了。	不過你們也知道。
hub1_ramen_1_38	Пойдете вот сюда - окажетесь на пристани.	Gehst du hier lang, kommst du zur Anlegestelle.	Go this way and you'll end up at the pier.	Si vais por aquí, llegaréis al muelle.	Si vous allez par là, vous arriverez au quai.	Andando di qua, arriverete al molo.	こっちへ行けば桟橋に出るぜ。	여기로 가면 부두에 도착해.	往这边走——就到码头了。	從這裡走——你就會到碼頭了。
hub1_ramen_1_39	Вот на этот корабль лучше не соваться.	Diesem Schiff solltest du besser fernbleiben.	Better not mess with that ship.	Es mejor que no os acerquéis a este barco.	Mieux vaut ne pas s’aventurer sur ce bateau	È meglio non salire su questa nave.	あの船には近づかない方がいい。	저 배에는 함부로 가지 않는 게 좋아.	最好别靠近那艘船。	這艘船最好別靠近。
hub1_ramen_1_40	Если конечно не хотите встретиться с морскими волками.	Es sei denn, du willst den Seewölfen begegnen.	Unless you wanna meet some sea dogs, that is.	A no ser que queráis encontraros con los lobos de mar, claro.	À moins que vous ne vouliez rencontrer les loups de mer	A meno che non vogliate incontrare i lupi di mare, ovviamente.	海の狼どもに会いたくなければな。	바다 늑대들을 만나고 싶지 않다면 말이지.	除非你想会会那些海盗。	除非你想見見那些海狼。
hub1_ramen_1_41	Свернете сюда и окажетесь в банях, шикарное место для отдыха.	Biegst du hier ab, kommst du zu den Bädern, ein schicker Ort zum Entspannen.	Turn here and you'll be at the bathhouse, a great place to relax.	Si giráis por aquí, llegaréis a los baños, un lugar estupendo para relajarse.	Tournez ici et vous serez aux bains, un endroit magnifique pour se détendre.	Girate qui e vi ritroverete ai bagni, un posto fantastico per rilassarsi.	ここを曲がれば銭湯だ、くつろげるぜ。	여기로 꺾으면 목욕탕이 나오는데, 휴식하기 딱 좋은 곳이야.	从这儿拐弯就是澡堂，放松的好地方。	從這裡轉彎，你就會到澡堂了，那裡是個放鬆的好地方。
hub1_ramen_1_42	Тут будет лавка травника,	Hier ist der Kräuterladen,	There'll be a herbalist's shop here,	Aquí estará la tienda del herbolario,	Ici, il y aura la boutique de l’herboriste,	Qui ci sarà la bottega dell'erborista,	ここが薬草屋で、	여긴 약초상이 있고,	这儿是草药铺，	這裡會有個藥草店，
hub1_ramen_1_43	а тут барахолка.	und hier der Trödelladen.	and a junk shop here.	y aquí el mercadillo.	et là, le marché aux puces	e qui un mercatino delle pulci.	ここが骨董屋だ。	여긴 잡화점이야.	那边是旧货市场。	這裡則是跳蚤市場。
hub1_ramen_1_44	А прямо над нами находится чайный домик.	Und direkt über uns ist das Teehaus.	And right above us is the tea house.	Y justo encima de nosotros está la casa de té.	Et juste au-dessus de nous se trouve la maison de thé	E proprio sopra di noi c'è la casa da tè.	真上には茶屋がある。	그리고 우리 바로 위에는 찻집이 있어.	正上方就是茶屋。	茶館就在我們正上方。
hub1_ramen_1_45	Если запутаетесь, изучите нашу карту.	Wenn du dich verirrst, schau auf unsere Karte.	If you get lost, check our map.	Si os perdéis, consultad nuestro mapa.	Si vous êtes perdu, consultez notre carte	Se vi perdete, consultate la nostra mappa.	迷ったら地図を見ろ。	길을 잃으면 우리 지도를 보면 돼.	要是迷路了，就看看我们的地图。	如果你迷路了，就看看我們的地圖吧。
hub1_ramen_1_46	Ясно, погнали.	Klar, los geht's.	Got it, let's go.	Vale, vamos.	Clair, allons-y	Chiaro, andiamo.	わかった、行くぜ。	알겠어, 가자.	明白，走吧。	知道了，走吧。
hub1_fisherman_quest_1_1	Вот что еще вспомнил…	Mir fällt da noch was ein …	Oh, I just remembered something else…	Ah, y otra cosa que recordé…	Ah, et j’ai aussi pensé à…	Ah, un'altra cosa che mi è venuta in mente…	もう一つ思い出した…	아, 하나 더 생각났는데…	对了，还有件事……	我又想起一件事……
hub1_fisherman_quest_1_2	Может сделаете для меня кое-чего, молодежь?	Könntet ihr mir einen Gefallen tun, junge Leute?	Maybe you young'uns can do somethin' for me?	¿Podríais hacerme un favor, jovenzuelos?	Vous ne pourriez pas me rendre un service, les jeunes ?	Potreste farmi un favore, giovanotti?	若い衆、わしのために一つ頼みを聞いてくれんか？	나 좀 도와줄래, 젊은이들?	年轻人，能帮我个忙吗？	年輕人，能幫我做點事嗎？
hub1_fisherman_quest_1_3	А то мне самому лень.	Ich bin zu faul dazu.	I'm too lazy to do it myself.	Es que me da pereza.	J'ai la flemme de le faire moi-même.	Sono troppo pigro per farlo da solo.	自分で行くのは面倒でな。	내가 직접 하기엔 귀찮아서 말이야.	我自己懒得去。	我自己懶得動。
hub1_fisherman_quest_1_4	Вам по пути!	Es ist auf eurem Weg!	It's on your way!	¡Os pilla de camino!	C'est sur votre chemin !	È sulla vostra strada!	ついでだしな！	가는 길에 딱이잖아!	你们顺路！	反正你們順路！
hub1_fisherman_quest_1_5	Ладно, что нужно?	Na gut, was braucht ihr?	Alright, what do you need?	Vale, ¿qué necesitas?	Bon, qu'est-ce qu'il faut ?	Va bene, cosa ti serve?	わかった、何だ？	좋아, 뭘 하면 돼?	好吧，要什么？	好吧，需要什麼？
hub1_fisherman_quest_1_6	Заберите у рыбака на пристани нефритового угря…	Holt den Jadeaal vom Fischer am Kai…	Get a jade eel from the fisherman at the pier…	Cogedle al pescador del muelle una anguila de jade…	Allez chercher une anguille de jade auprès du pêcheur sur le quai…	Prendete l'anguilla di giada dal pescatore al molo…	桟橋の漁師から翡翠のウナギをもらってきて…	부두에 있는 어부한테서 옥 같은 장어 좀 가져와…	去码头找渔民要条玉鳗来……	去碼頭找漁夫拿玉鰻……
hub1_fisherman_quest_1_7	Приготовлю божественный рамен!	Ich koche göttlichen Ramen!	I'll make divine ramen!	¡Prepararé un ramen divino!	Je préparerai un ramen divin !	Preparerò un ramen divino!	神々しいラーメンを作るぞ！	신선한 라멘을 만들어 주지!	我给你们做碗神仙拉面！	我會做出一碗神級拉麵！
hub1_fisherman_quest_1_8	Всего-то? Да без проблем.	Das ist alles? Kein Problem.	That's all? No problem.	¿Solo eso? Sin problema.	C'est tout ? Pas de problème.	Tutto qui? Nessun problema.	それだけか？ 問題ないぜ。	그거 뿐이야? 문제없어.	就这？小意思。	就這？沒問題。
hub1_fisherman_quest_1_9	Сейчас вообще не до того, извини.	Gerade keine Zeit dafür, tut mir leid.	Got no time for that right now, sorry	Ahora mismo no puedo, lo siento.	Je n'ai pas le temps pour ça, désolé	Ora non posso proprio, scusa.	今はそれどころじゃない、悪い。	지금은 그럴 상황이 아니야, 미안.	现在真没空，抱歉。	現在沒空，抱歉。
hub1_fisherman_quest_1_10	Эх, ладно. Выгуляю свои старые кости.	Ach, na gut. Dann muss ich meine alten Knochen wohl selbst ausführen.	Ugh, fine. I'll walk my old bones myself	Uf, bueno. Sacaré a pasear mis viejos huesos.	Pff, d'accord. Je vais dégourdir mes vieilles jambes	Ah, va bene. Porterò a spasso le mie vecchie ossa.	ええい、仕方ない。この老いぼれが自分で歩くか。	에이, 그래. 내가 이 늙은 뼈를 끌고 다녀야겠네.	唉，好吧。我这把老骨头自己溜达去。	唉，好吧。我這把老骨頭就活動一下吧。
hub1_teahouse_1_1	Ну и кто это у нас?	Na, wen haben wir denn da?	Well, who do we have here?	¿Y quién tenemos aquí?	Mais qui avons-nous là ?	E chi abbiamo qui?	さて、こちらはどなたですか？	이게 누구야?	哟，这是哪位贵客呀？	這是誰啊？
hub1_teahouse_1_2	О-о-о… какой милый лисёнок.	O-o-oh… was für ein süßes Füchslein.	Ooooh… what a cute little fox.	O-o-oh… qué zorrito tan mono.	Oh-oh-oh… quel mignon petit renard.	O-o-oh… che volpacchiotto carino.	おーおーお…なんて可愛い子狐なの。	오-오-오… 귀여운 여우 새끼네.	哦——哦——哦……好可爱的小狐狸。	喔喔喔……多麼可愛的小狐狸啊。
hub1_teahouse_1_3	И симпатичный наг…	Und ein hübscher Naga…	And a handsome Naga…	Y un naga guapo…	Et un Naga plutôt charmant…	E un Naga simpatico…	それに綺麗なナーガ…	나가도 잘생겼고…	还有条漂亮的蛇……	還有可愛的那伽……
hub1_teahouse_1_4	Даже не начинайте.	Fangt gar nicht erst an.	Don't even start.	Ni se os ocurra.	Ne commencez même pas.	Non cominciate nemmeno.	ふざけるな。	시작도 하지 마.	别打这主意。	別開始了。
hub1_teahouse_1_5	А зачем тогда пришли?	Warum seid ihr dann hier?	Then why'd ya come here?	¿Y para qué habéis venido, entonces?	Alors pourquoi êtes-vous venu ?	Allora perché siete venuti?	じゃあ何しに来たの？	그럼 왜 왔어?	那你们来干嘛？	那你來這裡做什麼？
hub1_teahouse_1_6	Чайный домик — не приют для бездомных.	Ein Teehaus ist kein Obdachlosenheim.	A tea house ain't no shelter for the homeless.	La casa de té no es un albergue para vagabundos.	La Maison de Thé n’est pas un refuge pour les sans-abri.	La casa da tè non è un rifugio per i senzatetto.	茶屋は浮浪者の避難所じゃないわよ。	찻집은 노숙자 쉼터가 아니야.	茶屋可不是流浪汉收容所。	茶館可不是收容所。
hub1_teahouse_1_7	Мне нужен сопровождающий в город.	Ich brauche eine Begleitung in die Stadt.	I need an escort into the city.	Necesito un guía para la ciudad.	J’ai besoin d’un guide pour la ville.	Ho bisogno di una scorta per la città.	街まで案内してくれる奴が必要だ。	도시까지 안내해 줄 사람이 필요해.	我需要个进城向导。	我需要一個嚮導進城。
hub1_teahouse_1_8	ТЕБЕ?!	DU?!	YOU?!	¿¡TÚ!?	TOI ?!	TU?!	あんたが⁈	너?!	你？！	你？！
hub1_teahouse_1_9	Сопровождающий для дзинко?!	Eine Begleitung für einen Jinko?!	An escort for a Jinko?!	¿¡Un guía para un jinko!?	Un guide pour un Jinko ?!	Una scorta per un Jinko?!	忍狐の案内役⁈	진코를 위한 안내인?!	给忍狐找向导？！	忍狐的嚮導？！
hub1_teahouse_1_10	Мальчик, половина Империи захочет сдать за награду раньше…	Junge, die halbe Imperium wird dich für eine Belohnung ausliefern, bevor…	Boy, half the Empire'll wanna turn you in for a reward before…	Chico, la mitad del Imperio querrá entregarte por la recompensa antes…	Mon garçon, la moitié de l’Empire voudra te livrer pour la récompense avant…	Ragazzo, metà dell'Impero vorrà consegnarti per la ricompensa prima…	坊や、帝国の半分は褒賞目当てにすぐにお前を売り飛ばすぞ…	얘야, 제국 사람 절반이 먼저 현상금을 받으려고 너를 팔아넘기려 할 거야…	孩子，帝国一半人会在你走到下个街口前……	孩子，帝國有一半的人會想在你到達隔壁街道之前……
hub1_teahouse_1_11	Чем ты дойдёшь до соседней улицы.	Du die nächste Straße erreichst.	You even make it to the next street.	De que llegues a la calle de al lado.	Que tu n’atteignes la rue d’à côté.	Che tu arrivi alla strada successiva.	隣の通りまで辿り着く前にね。	다음 거리까지 어떻게 가겠니.	就想着拿你去领赏。	把你交出去領賞。
hub1_teahouse_1_12	Да понял я уже, хватит ржать.	Ich hab's kapiert, hör auf zu lachen.	Yeah, I get it, stop laughin'.	Ya lo he pillado, dejad de reíros.	J'ai compris, arrête de te marrer.	Ho capito, smettila di ridere.	わかったわかった、笑うのはもういいぜ。	알았다고, 그만 웃어.	我他妈早懂了，别笑了。	我懂了，別再笑了。
hub1_teahouse_1_13	А куда тебе вообще надо?	Wohin willst du überhaupt?	Where do you even need to go?	¿Y adónde tienes que ir, de todas formas?	Mais où tu dois aller, au juste ?	E tu dove devi andare?	てめえ、そもそもどこに行くつもりだ？	넌 대체 어딜 가려는 거야?	你到底要去哪儿？	你到底要去哪裡？
hub1_teahouse_1_14	Вообще… нам нужна информация о дзинко. Документы, отчеты…	Nun ja… wir brauchen Informationen über Jinko. Dokumente, Berichte…	Well… we need information about Jinko. Documents, reports…	Bueno… necesitamos información sobre los jinko. Documentos, informes…	En fait… nous cherchons des informations sur les Jinko. Des documents, des rapports…	Beh... ci servono informazioni sui Jinko. Documenti, rapporti…	実は…忍狐についての情報が必要なんです。書類や報告書…	사실… 저희는 진코에 대한 정보가 필요해요. 문서, 보고서 같은…	其实……我们需要关于忍狐的信息。文件，报告……	其實……我們需要忍狐的資訊。文件、報告……
hub1_teahouse_1_15	Может подскажите, где ее можно найти?	Könnten Sie uns vielleicht sagen, wo wir sie finden können?	Perhaps you could tell us where to find it?	¿Podría decirnos dónde encontrarla?	Pourriez-vous nous dire où les trouver ?	Potrebbe dirci dove trovarle?	どこで見つけられるか、ご存じですか？	어디서 찾을 수 있을지 알려주실 수 있나요?	能告诉我们在哪里能找到吗？	您能告訴我們在哪裡可以找到嗎？
hub1_teahouse_1_16	Вам нужно в Архивы.	Sie müssen in die Archive.	You need to go to the Archives.	Tenéis que ir a los Archivos.	Vous devez aller aux Archives.	Dovete andare agli Archivi.	帝国書庫へ行く必要がありますわ。	제국 기록 보관소에 가보셔야겠네요.	你们得去档案馆。	您需要去檔案館。
hub1_teahouse_1_17	Там хранятся все старые документы Империи.	Dort werden alle alten Dokumente des Imperiums aufbewahrt.	All the Empire's old documents are stored there.	Allí se guardan todos los documentos antiguos del Imperio.	Tous les anciens documents de l'Empire y sont conservés.	Lì sono conservati tutti i vecchi documenti dell'Impero.	あそこには帝国の古い書類が全て保管されております。	거기엔 제국의 모든 오래된 문서가 보관되어 있어요.	那里存放着帝国所有的旧文件。	帝國所有舊文件都儲存在那裡。
hub1_teahouse_1_18	И как туда попасть?	Und wie kommt man da rein?	And how do we get there?	¿Y cómo llegamos allí?	Et comment on y va ?	E come ci arriviamo?	で、どうやって入るんだ？	거기엔 어떻게 들어가?	怎么进去？	那要怎麼進去？
hub1_teahouse_1_19	Какое совпадение.	Was für ein Zufall.	What a coincidence.	Qué coincidencia.	Quelle coïncidence.	Che coincidenza.	偶然ですねえ。	참 우연이네요.	真巧啊。	真是巧合。
hub1_teahouse_1_20	У меня предложение, которое будет выгодно нам обоим, молодой человек.	Ich habe einen Vorschlag, der für uns beide von Vorteil sein wird, junger Mann.	I have a proposition that will benefit us both, young man.	Tengo una propuesta que nos beneficiará a ambos, joven.	J'ai une proposition qui nous sera profitable à tous les deux, jeune homme.	Ho una proposta che sarà vantaggiosa per entrambi, giovane uomo.	双方にとって有益な提案がございますの、若い方。	저한테 우리 둘 다에게 이익이 될 만한 제안이 있어요, 젊은이.	年轻人，我有个对双方都有利的提议。	年輕人，我有一個對我們雙方都有利的主意。
hub1_teahouse_1_21	Доставь это послание нашему человеку в Нижнем Городе…	Überbringen Sie diese Nachricht unserem Mann in der Unterstadt…	Deliver this message to our contact in the Lower City…	Entregad este mensaje a nuestro contacto en la Ciudad Baja…	Remets ce message à notre contact dans la Ville Basse…	Consegna questo messaggio al nostro uomo nella Città Bassa…	この手紙を下町の者へ届けてください…	이 편지를 하부 도시에 있는 우리 사람에게 전해주세요…	把这封信送到下城区我们的人手里……	把這封信送到我們在下城區的人那裡……
hub1_teahouse_1_22	И он даст тебе ключ от туннелей под городом.	Und er gibt dir den Schlüssel zu den Tunneln unter der Stadt.	And he'll give you the key to the tunnels under the city.	Y él te dará la llave de los túneles bajo la ciudad.	Et il te donnera la clé des tunnels sous la ville.	E ti darà la chiave per i tunnel sotto la città.	そして奴が街の地下トンネルへの鍵を渡すだろう。	그가 너에게 도시 아래 터널 열쇠를 줄 거야.	他会给你通往城市地下隧道的钥匙。	他會給你通往城下隧道的鑰匙。
hub1_teahouse_1_23	Там можно попасть в Архив.	Dort kommst du ins Archiv.	You can get to the Archives there.	Allí podrás acceder a los Archivos.	Tu pourras y accéder aux Archives.	Lì potrai accedere agli Archivi.	そこから書庫へ行ける。	거기서 기록 보관소에 들어갈 수 있어.	从那里可以进入档案馆。	在那裡你可以進入檔案館。
hub1_teahouse_1_24	Сделка?	Ein Geschäft?	Deal?	¿Trato hecho?	Marché conclu ?	Affare fatto?	取引か？	거래할까?	成交？	成交？
hub1_teahouse_1_25	Уговор.	Abgemacht.	Deal.	Trato.	Marché conclu.	Affare fatto.	決まりだ。	그렇게 하자.	一言为定。	說定了。
hub1_teahouse_1_26	Леон, ты с ума сошел? Как ты проберешься через Нижний город?	Leon, bist du verrückt geworden? Wie willst du durch die Unterstadt kommen?	Leon, have you lost your mind? How will you get through the Lower City?	Leon, ¿te has vuelto loco? ¿Cómo vas a cruzar la Ciudad Baja?	Leon, tu es fou ? Comment vas-tu traverser la Ville Basse ?	Leon, sei impazzito? Come farai ad attraversare la Città Bassa?	レオン、正気か？どうやって下町を通り抜けるつもりだ？	레온, 너 미쳤어? 어떻게 하부 도시를 통과할 건데?	莱昂，你疯了吗？你要怎么穿过下城区？	雷恩，你瘋了嗎？你要怎麼穿過下城區？
hub1_teahouse_1_27	По крышам.	Über die Dächer.	Over the rooftops.	Por los tejados.	Par les toits.	Sui tetti.	屋根伝いだ。	지붕 위로.	走屋顶。	走屋頂。
hub1_teahouse_1_28	Ой, какой самоуверенный.	Oh, wie selbstbewusst.	Oh, so confident.	Ay, qué engreído.	Oh, comme il est sûr de lui.	Oh, che presuntuoso.	まあ、自信家ね。	어머, 정말 자신만만하네.	哦，真是自信满满呢。	喔，好自信啊。
hub1_teahouse_1_29	Мне нравится.	Das gefällt mir.	I like it.	Me gusta.	J'aime bien.	Mi piace.	気に入ったわ。	마음에 들어.	我喜欢。	我喜歡。
hub1_teahouse_1_30	Мне тоже.	Mir auch.	Me too.	A mí también.	Moi aussi	Anche a me.	私もね。	나도 마음에 들어.	我也喜欢。	我也喜歡。
hub1_teahouse_1_31	Я думаю у барахольщика Хадзуо ты найдешь что-нибудь…	Ich glaube, beim Trödler Hazuo findest du etwas …	I think you'll find something at Hazuo's Thousand Trinkets Shop…	Creo que en la tienda de trastos de Hazuo encontrarás algo…	Je pense que tu trouveras quelque chose chez le brocanteur Hazuo…	Credo che dal rigattiere Hazuo troverai qualcosa…	骨董屋のハズオなら何か見つかると思う…	잡화점 주인 하즈오한테서 뭔가 찾을 수 있을 거야…	我觉得你可以在破烂王哈祖奥那里找到些东西……	我想你可以在葉月那裡找到一些東西……
hub1_teahouse_1_32	Что поможет тебе в этом пути.	Was dir auf diesem Weg helfen wird.	That which will aid you on this path.	Que te ayudará en este camino.	Ce qui t'aidera sur ce chemin.	Che ti aiuterà in questo viaggio.	この旅路でお前を助けるものじゃ。	이 여정에 도움이 될 만한 것.	这条路上有什么能帮你的。	這會幫助你完成這趟旅程。
hub1_teahouse_1_33	Что именно?	Was genau?	What exactly?	¿Qué exactamente?	Quoi donc ?	Cosa, esattamente?	具体的には何だ？	정확히 뭔데?	具体是什么？	什麼東西？
hub1_teahouse_1_34	Он же барахольщик. Какое-нибудь барахло.	Er ist ein Trödler. Irgendein Trödel.	He's a junk dealer. Some junk or other.	Es un chatarrero. Alguna baratija.	C'est un brocanteur. N'importe quelle babiole.	È un rigattiere. Qualche cianfrusaglia.	あの古物商じゃ。何かガラクタを。	잡화점 주인이야. 뭔가 잡동사니 같은 거.	他就是个收破烂的。随便什么破烂玩意儿。	他就是個收破爛的。隨便什麼破爛都行。
hub1_teahouse_1_35	Ладно, я загляну к нему.	Na gut, ich schau mal bei ihm vorbei.	Alright, I'll check him out.	De acuerdo, iré a verle.	D'accord, j'irai le voir.	Va bene, gli farò visita.	わかった、あいつを訪ねてみるぜ。	알겠어, 그 사람한테 들러볼게.	行吧，我去他那儿看看。	好吧，我會去找他。
hub1_scrappy_1_1	А, мои племяннички вернулись!	Ah, meine Neffen sind zurück!	Ah, my nephews are back!	¡Ah, mis sobrinitos han vuelto!	Ah, mes neveux sont de retour	Ah, i miei nipotini sono tornati!	おお、甥っ子たちが戻ってきたのか！	아, 내 조카들이 돌아왔구나!	啊，我的小外甥们回来啦！	啊，我的小侄子們回來了！
hub1_scrappy_1_2	В поисках знаний, или вас привела нужда?	Auf der Suche nach Wissen, oder hat euch die Not hierhergeführt?	Seekin' knowledge, or has necessity brought ya?	¿En busca de conocimiento, o la necesidad os ha traído?	En quête de savoir, ou la nécessité vous a-t-elle amenés ici ?	In cerca di conoscenza, o è la necessità che vi ha portato qui?	知識を求めてか、それとも困り事か？	지식을 찾아서, 아니면 궁핍함이 데려왔나?	是来求知的，还是有什么难处？	是為了尋求知識，還是被需要所驅使？
hub1_scrappy_1_3	Нужно что-то, чтобы по крышам пройти.	Wir brauchen etwas, um über die Dächer zu kommen.	We need somethin' to get across the rooftops.	Necesitamos algo para pasar por los tejados.	Il nous faut quelque chose pour passer par les toits.	Ci serve qualcosa per passare sui tetti.	屋根伝いに進むための何かが必要なんだ。	지붕 위를 지나갈 수 있는 게 필요해.	需要些能在屋顶上走的东西。	我們需要一些東西才能從屋頂過去。
hub1_scrappy_1_4	По крышам, говорите…	Über die Dächer, sagt ihr …	Across the rooftops, you say…	Por los tejados, decís…	Par les toits, dites-vous…	Sui tetti, dite…	屋根伝い、とな…	지붕 위를 지나간다니…	屋顶上走，你说……	從屋頂過去，你們說的……
hub1_scrappy_1_5	Ах! Это напоминает мне о мостах из бамбука времён императора Акито!	Ach! Das erinnert mich an die Bambusbrücken aus der Zeit von Kaiser Akito!	Ah! That reminds me of the bamboo bridges from Emperor Akito's time!	¡Ah! ¡Esto me recuerda a los puentes de bambú de la época del emperador Akito!	Ah ! Cela me rappelle les ponts de bambou du temps de l'empereur Akito	Ah! Questo mi ricorda i ponti di bambù dell'epoca dell'imperatore Akito!	あっ！これはアキト帝時代の竹橋を思い出すわい！	아! 이 이야기는 아키토 황제 시대의 대나무 다리를 떠올리게 하는군!	啊！这让我想起明人天皇时代的竹桥！	啊！這讓我想起了明人皇帝時代的竹橋！
hub1_scrappy_1_6	Знаете ли вы, что его войска…	Wisst ihr, dass seine Truppen …	Do you know that his troops…	¿Sabéis que sus tropas…	Savez-vous que ses troupes…	Sapete che le sue truppe…	ご存知か？あの軍隊は…	그의 군대가… 알고 계신가요?	你们可知道他的军队……	你們知道嗎，他的軍隊……
hub1_scrappy_1_7	Ты уверен, что у тебя в лавке вообще есть хоть что-то полезное?	Bist du sicher, dass du überhaupt etwas Nützliches in deinem Laden hast?	You sure you got anything useful in your shop?	¿Estás seguro de que tienes algo útil en tu tienda?	Es-tu sûr que ta boutique a quoi que ce soit d'utile ?	Sei sicuro che nel tuo negozio ci sia qualcosa di utile?	てめえの店にマジで役に立つもんがあるのかよ？	네 가게에 정말 쓸 만한 거 하나라도 있는 거 맞아?	你他妈确定你这破店里真有能用的东西？	你確定你的店裡真的有任何有用的東西嗎？
hub1_scrappy_1_8	Вот, к примеру, веер придворной дамы.	Hier zum Beispiel, der Fächer einer Hofdame.	Here, for example, is a court lady's fan.	Aquí, por ejemplo, el abanico de una dama de la corte.	Tiens, par exemple, l'éventail d'une dame de cour.	Ecco, per esempio, un ventaglio da dama di corte.	例えば、宮廷婦人の扇子じゃ。	예를 들어, 궁중 귀부인의 부채 말이지.	比如这个，宫廷贵妇的扇子。	例如，這是宮廷女士的扇子。
hub1_scrappy_1_9	Когда она убегала к любовнику, этот звук маскировал её шаги…	Als sie zu ihrem Liebhaber floh, überdeckte dieses Geräusch ihre Schritte…	When she ran off to her lover, the sound of it masked her footsteps…	Cuando huía con su amante, este sonido enmascaraba sus pasos…	Quand elle s'enfuyait avec son amant, ce son masquait ses pas…	Quando scappava dall'amante, questo suono mascherava i suoi passi…	彼女が恋人に会いに行く時、この音が足音を隠したのじゃ…	그녀가 정부에게 달아날 때, 이 소리가 발소리를 가려줬단다…	她偷情逃跑时，这声音能掩盖脚步声……	當她跑去見情人時，這個聲音掩蓋了她的腳步聲……
hub1_scrappy_1_10	Может, у тебя есть ещё бамбуковая зубочистка?	Hast du vielleicht noch einen Bambus-Zahnstocher?	Maybe you got a bamboo toothpick too?	¿Quizás también tengas un palillo de bambú?	Tu aurais aussi un cure-dent en bambou ?	Forse hai anche uno stuzzicadenti di bambù?	竹の爪楊枝とかねえのか？	대나무 이쑤시개라도 더 있냐?	你还有竹牙签吗？	也許你還有竹牙籤？
hub1_scrappy_1_11	Тоже пригодится, ага.	Der wäre auch nützlich, ja.	That'd come in handy, yeah.	También será útil, sí.	Ça me serait utile aussi, ouais.	Sarà utile anche quello, sì.	それも役に立つぜ、へっ。	그것도 쓸모 있을 거야, 그래.	那玩意儿也能派上用场，是吧。	也會派上用場，是吧。
hub1_scrappy_1_12	Хадзуо, может быть, что-то попрактичнее?	Hazuo, vielleicht etwas Praktischeres?	Hazuo, maybe somethin' more practical?	Hazuo, ¿quizás algo más práctico?	Hazuo, peut-être quelque chose de plus pratique ?	Hazuo, forse qualcosa di più pratico?	ハズオ、もう少し実用的なものはありませんか？	하즈오, 좀 더 실용적인 건 없을까요?	一夫，有没有更实用的东西？	葉月，也許來點更實用的？
hub1_scrappy_1_13	А это — маска актёра.	Und das hier ist die Maske eines Schauspielers.	And this is an actor's mask.	Y esta es la máscara de un actor.	Et ça, c'est le masque d'un acteur.	E questa è una maschera da attore.	これは役者の面じゃ。	이건 배우의 가면이야.	而这个——是演员的面具。	這是演員的面具。
hub1_scrappy_1_14	Один вор использовал её, чтобы стоять неподвижно на площади и притворяться статуей…	Ein Dieb benutzte sie, um unbeweglich auf dem Platz zu stehen und sich als Statue auszugeben…	A thief once used it to stand still in the square and pretend to be a statue…	Un ladrón la usó para quedarse inmóvil en la plaza y hacerse pasar por una estatua…	Un voleur l'utilisait pour rester immobile sur la place et faire semblant d'être une statue…	Un ladro la usava per stare immobile in piazza e fingersi una statua…	ある泥棒がこれを使って、広場でじっと立ち、像のふりをしていたのじゃ…	한 도둑이 광장에 가만히 서서 조각상인 척할 때 썼던 거지…	有个贼用它站在广场上一动不动，假装是雕像……	一個小偷用它站在廣場上一動不動，假裝是雕像……
hub1_scrappy_1_15	ВСЁ, ХВАТИТ! Мне не нужна коллекция пиздежа!	ALLES KLAR, GENUG! Ich brauche keine Scheiß-Sammlung!	THAT'S ENOUGH! I don't need a collection of bullshit!	¡YA, BASTA! ¡No necesito una colección de gilipolleces!	ÇA SUFFIT, BORDEL ! Je n'ai pas besoin d'une collection de conneries !	BASTA, ORA! Non mi serve una collezione di stronzate!	もういい！　クソどうでもいい話はたくさんだ！	됐어, 그만! 나한테 개소리 컬렉션 필요 없거든!	够了！老子不要这些垃圾收藏！	夠了，別再說了！我不需要一堆廢話！
hub1_scrappy_1_16	О! Инструмент кровельщиков.	Oh! Ein Werkzeug für Dachdecker.	Oh! A roofer's tool.	¡Oh! Una herramienta de techadores.	Oh ! Un outil de couvreur.	Oh! Uno strumento da copritetto.	おお！　屋根職人の道具じゃ。	오! 지붕 수리공의 도구군.	哦！屋顶工匠的工具。	喔！屋頂工的工具。
hub1_scrappy_1_17	С его помощью поднимали черепицу! Для тебя то, что нужно.	Damit wurden Dachziegel angehoben! Genau das Richtige für dich.	It was used to lift roof tiles! Just what you need.	¡Con esto levantaban tejas! Justo lo que necesitas.	On s’en servait pour soulever les tuiles ! C’est exactement ce qu’il te faut.	Serviva per sollevare le tegole! È proprio quello che ti serve.	これで瓦を上げたんだ！お前にはぴったりだ。	이걸로 기와를 올렸지! 너한테 딱 맞는 물건이야.	用它来撬瓦片！正适合你。	用它來搬瓦片！這對你來說正合適。
hub1_scrappy_1_18	Наконец-то. Хоть раз твой мусор оказался в тему.	Endlich. Wenigstens einmal war dein Scheiß nützlich.	Finally. For once your junk came in handy.	Por fin. Al menos una vez tu basura ha sido útil.	Enfin. Pour une fois que tes conneries sont utiles.	Finalmente. Per una volta la tua spazzatura è utile.	やっとか。お前のガラクタが役に立つなんて初めてだぜ。	드디어. 네 쓰레기가 한 번쯤은 쓸모가 있네.	终于啊。你这破烂玩意儿总算派上一次用场。	總算。你那些垃圾總算有一次派上用場了。
hub1_scrappy_1_19	Спасибо, Хадзуо.	Danke, Hazuo.	Thank you, Hazuo.	Gracias, Hazuo.	Merci, Hazuo.	Grazie, Hazuo.	ありがとう、ハズオ。	고마워요, 하즈오.	谢谢，哈祖欧。	謝謝你，葉月。
hub1_scrappy_1_20	История всегда знает, когда подоспеть.	Die Geschichte weiß immer, wann sie eingreifen muss.	History always knows when to arrive.	La historia siempre sabe cuándo llegar.	L’Histoire sait toujours quand intervenir.	La storia sa sempre quando farsi avanti.	歴史はいつだって、ちょうどいい時に現れるものさ。	역사는 언제 도움이 필요한지 항상 알고 있지.	历史总是知道何时该登场。	歷史總會知道何時該派上用場。
hub1_fisherman_quest_2_1	Малыш, а ты не видел тут рыбака?	Kleiner, hast du hier keinen Fischer gesehen?	Kid, have you seen a fisherman around here?	Pequeño, ¿no has visto a un pescador por aquí?	Petit, tu n’aurais pas vu un pêcheur par ici ?	Piccolo, hai visto un pescatore da queste parti?	坊や、ここで漁師さんを見かけなかった？	꼬마야, 여기 어부 본 적 있어?	小孩，你见过这附近的渔夫吗？	小傢伙，你有沒有看到這裡有個漁夫？
hub1_fisherman_quest_2_2	Не мешайте мне, я занят.	Stört mich nicht, ich bin beschäftigt.	Don't bother me, I'm busy.	No me molestéis, estoy ocupado.	Ne me dérangez pas, je suis occupé	Non disturbarmi, sono occupato.	邪魔しないで、忙しいんだ。	방해하지 마, 나 바빠.	别打扰我，我正忙着。	別打擾我，我很忙。
hub1_fisherman_quest_2_3	Пока не сделаю, меня не трогайте.	Solange ich es nicht geschafft habe, lasst mich in Ruhe.	Don't touch me until I'm done.	Hasta que no termine, no me toquéis.	Tant que je n’ai pas fini, ne me touchez pas.	Finché non ho finito, non toccatemi.	終わるまで、放っておいて。	내가 다 할 때까지 건들지 마.	在我做完之前，谁都别来烦我。	在我做完之前，別碰我。
hub1_fisherman_quest_2_4	И че ты делаешь?	Und was machst du?	And what're you doin'?	¿Y qué haces?	Et tu fais quoi, là ?	E che stai facendo?	で、何してんだ？	그래서 뭐 하는 건데?	那你到底在搞什么？	那你到底在做什麼？
hub1_fisherman_quest_2_5	Хочу чтобы моя лягушка допрыгала до корабля.	Ich will, dass mein Frosch zum Schiff springt.	I want my frog to hop all the way to the ship.	Quiero que mi rana salte hasta el barco.	Je veux que ma grenouille saute jusqu’au bateau.	Voglio che la mia rana salti fino alla nave.	俺のカエルがあの船まで飛びたいんだ。	내 개구리가 배까지 뛰어가게 하고 싶어.	我想让我的青蛙跳到那艘船上去。	我想讓我的青蛙跳到船上。
hub1_fisherman_quest_2_6	Дай сюда!	Gib her!	Gimme that!	¡Dámela!	Donne-moi ça !	Dammela!	よこせ！	이리 내놔!	拿来！	給我！
hub1_fisherman_quest_2_7	Я ЩАС КОМУ ТО УШИ ПООТРЫВАЮ!	ICH REIẞE JEMANDEM GLEICH DIE OHREN AB!	I'M GONNA RIP SOMEONE'S EARS OFF!	¡AHORA MISMO LE ARRANCO LAS OREJAS A ALGUIEN!	JE VAIS ARRACHER LES OREILLES À QUELQU'UN, LÀ	ORA SPACCERÒ QUALCHE TESTA!	今すぐ誰かの耳を引きちぎってやる！	누구 귀라도 뜯어버릴라!	我现在就把谁的耳朵给撕下来！	我現在就要把某人的耳朵扯下來！
hub1_fisherman_quest_2_8	Твоя лягушка в трюме. Ну че, где рыбак?	Dein Frosch ist im Laderaum. Na, wo ist der Fischer?	Your frog's in the hold. So, where's the fisherman?	Tu rana está en la bodega. ¿Y bien, dónde está el pescador?	Ta grenouille est dans la cale. Alors, il est où, le pêcheur ?	La tua rana è nella stiva. Allora, dov'è il pescatore?	お前のカエルは船倉にあるぜ。で、漁師はどこだ？	네 개구리는 선창에 있다. 그래서, 어디에 낚시꾼이 있지?	你的青蛙在货舱里。喂，渔夫在哪儿？	你的青蛙在船艙裡。那漁夫在哪？
hub1_fisherman_quest_2_9	Вау! Какой ты сильный!	Wow! Du bist so stark!	Wow! You're so strong!	¡Guau! ¡Qué fuerte eres!	Waouh ! Tu es si fort !	Wow! Sei così forte!	わあ！すごく強いんだね！	와! 정말 강하시네요!	哇！你好厉害！	哇！你真強壯！
hub1_fisherman_quest_2_10	Да, дядя Унаги как всегда пьет, наверное. В банях.	Ja, Onkel Unagi trinkt wohl wie immer. In den Bädern.	Yeah, Uncle Unagi's probably drinkin' as usual. At the bathhouse.	Sí, el tío Unagi está bebiendo como siempre, supongo. En los baños.	Oui, oncle Unagi boit comme d'habitude, sûrement. Aux Bains.	Sì, zio Unagi sta bevendo come al solito, immagino. Ai bagni.	うん、ウナギおじさんは相変わらず飲んでるよ、多分。銭湯で。	네, 우나기 아저씨는 여전히 술 마시고 계실 거예요. 아마도 목욕탕에서요.	嗯，鳗鱼叔叔大概又像往常一样在喝酒吧。在澡堂里。	是的，烏納吉叔叔大概又在喝酒了。在澡堂裡。
hub1_fisherman_quest_2_11	Меня это начинает раздражать.	Das fängt an, mich zu nerven.	This is startin' to piss me off.	Esto empieza a irritarme.	Ça commence à m'énerver.	Questo sta iniziando a infastidirmi.	こいつにはうんざりしてきたぜ。	이제 좀 짜증나기 시작하는데.	这开始让我恼火了。	這開始讓我惱火了。
hub1_fisherman_quest_2_12	Это разве не легкое задание?	Ist das nicht eine leichte Aufgabe?	Ain't this s'posed to be an easy job?	¿No es una tarea fácil?	Ce n'est pas une tâche facile, ça ?	Non è un compito facile?	これって簡単な依頼じゃないのか？	이거 쉬운 퀘스트 아니었어?	这难道不是个简单的任务吗？	這不是個簡單的任務嗎？
hub1_fisherman_quest_2_13	Спасибо, мальчик! Ты нам очень помог!	Danke, Junge! Du hast uns sehr geholfen!	Thank you, boy! You've helped us greatly!	¡Gracias, chico! ¡Nos has ayudado mucho!	Merci, petit ! Tu nous as beaucoup aidés	Grazie, ragazzo! Ci hai aiutato molto!	ありがとう、坊や！君はとても助けてくれたよ！	고마워요, 꼬마야! 정말 큰 도움이 됐어요!	谢谢你，小朋友！你帮了我们大忙！	謝謝你，孩子！你幫了我們大忙！
hub1_fisherman_quest_2_14	Идем в баню.	Gehen wir ins Bad.	Let's go to the bathhouse.	Vamos a los baños.	Allons aux Bains	Andiamo ai bagni.	銭湯へ行くぜ。	목욕탕으로 가자.	去澡堂。	我們去澡堂。
hub1_guard_1_1	Смотри!	Schau!	Look!	¡Mira!	Regarde !	Guarda!	見て！	봐요!	看！	看！
hub1_guard_1_2	За твою голову назначили награду!	Auf deinen Kopf wurde ein Kopfgeld ausgesetzt!	There's a bounty on your head!	¡Han puesto precio a tu cabeza!	Une récompense a été mise sur ta tête	C'è una taglia sulla tua testa!	お前の首に賞金がかかってる！	당신 머리에 현상금이 걸렸어요!	有人悬赏要你的脑袋！	你的頭被懸賞了！
hub1_guard_1_3	10 тысяч мон!	10 Tausend Mon!	10,000 mon!	¡10 000 mon!	10 000 mons !	10 mila mon!	1万文！	10천 몬!	一万文！	一萬文！
hub1_guard_1_4	Научись считать - ваще та 100 тысяч мон!	Lern zählen – es sind 100 Tausend Mon!	Learn to count, ya dumbass—it's 100,000 mon	¡Aprende a contar, son 100 000 mon!	Apprends à compter, c'est 100 000 mons	Impara a contare, sono 100 mila mon!	数え方を覚えろよ、てめえ、こいつは10万文だぜ！	계산 좀 배워, 씨발 10만 몬이라고!	学学数数吧——那可是十万文！	學會數數吧——那可是十萬文！
hub1_guard_1_5	Я только приехал, а уже надо ломать морды.	Kaum angekommen, muss ich schon Fressen polieren.	I just got here, and I already gotta bust some heads.	Acabo de llegar y ya tengo que romper caras.	Je viens d'arriver et je dois déjà casser des gueules.	Sono appena arrivato e già devo spaccare facce.	着いたばっかりなのに、もう顔をぶん殴らなきゃなんねえのかよ。	막 도착했는데 벌써 얼굴을 때려부숴야 하네.	我刚到这儿就得开始揍人了。	我才剛到，就得揍人了。
hub1_guard_1_6	Не-не-не, мне столько не платят, шобы я даже смотрел в твою сторону.	Nee, nee, nee, dafür werd ich nicht bezahlt, dass ich dich auch nur anseh.	Nah, nah, nah, they don't pay me enough to even look your way.	No, no, no, no me pagan tanto como para mirarte siquiera.	Non, non, non, je ne suis pas payé assez pour même te regarder.	No-no-no, non mi pagano abbastanza per guardarti anche solo.	やめろやめろ、俺がてめえの方なんか見るために払われる金じゃねえんだよ。	아니-아니-아니, 그 정도 돈 받는 거 아니면 네 쪽은 쳐다보지도 않아.	不不不，我那点工资可不包括正眼瞧你的份儿。	不不不，我沒拿那麼多錢，才不會看你一眼。
hub1_guard_1_7	Вы в баню шли? Вот и идите. Иннара в помощь.	Ihr wolltet ins Bad? Dann geht. Inara helfe euch.	You were goin' to the bathhouse? Then go. Inara be with ya.	¿Iban a los baños? Pues vayan. Inara les ayude.	Vous alliez aux bains ? Alors allez-y. Inara vous aide.	Andavate ai bagni? Allora andateci. Inara vi aiuti.	銭湯に行くんだろ？行けよ。インナラのご加護を。	목욕탕 갈 거였지? 그럼 가. 이나라의 가호가 함께하길.	你们不是要去澡堂吗？那就去呗。愿因纳拉保佑。	你們要去澡堂嗎？那就去吧。伊納拉會幫助你們的。
hub1_fisherman_quest_3_1	О, новые клиенты? Заходите, располагайтесь.	Oh, neue Kunden? Kommt rein, macht’s euch bequem.	Oh, new customers? Come on in, make yourselves at home.	¿Oh, nuevos clientes? Pasen, pónganse cómodos.	Oh, de nouveaux clients ? Entrez, installez-vous.	Oh, nuovi clienti? Entrate, mettetevi comodi.	おお、新しい客か？入ってくつろいでくれ。	오, 새 손님? 들어오세요, 편히 쉬세요.	哦，新客人？请进，随便坐。	哦，新客人？請進，請坐。
hub1_fisherman_quest_3_2	А ничего, что мы нелюди?	Ist es egal, dass wir Nichtmenschen sind?	Ain't it a problem that we're non-human?	¿Y no importa que seamos no-humanos?	Ça ne vous dérange pas qu'on soit des Non-humains ?	E non importa che siamo Non-umani?	俺たち非人だけど、いいのか？	우리가 비인간인 건 괜찮아?	我们是非人种也没关系吗？	我們是非人，這沒關係嗎？
hub1_fisherman_quest_3_3	Мне все равно шерстяной ты или кожаный.	Mir ist egal, ob du behaart oder glatt bist.	I don't care if you're furry or smooth.	Me da igual si eres peludo o de piel.	Que tu sois poilu ou à peau, je m'en fiche.	Non mi importa se sei peloso o di pelle.	毛皮だろうが革だろうが、俺には関係ねえ。	털이 많든 가죽이든 상관없어.	我才不管你是长毛的还是光皮的。	我不在乎你是毛茸茸的還是光溜溜的。
hub1_fisherman_quest_3_4	Хорошая баня нужна всем.	Ein gutes Bad braucht jeder.	A good bathhouse is for everyone.	Un buen baño es para todos.	Un bon bain, tout le monde en a besoin.	Un buon bagno serve a tutti.	いい銭湯は誰にだって必要だ。	좋은 목욕은 누구에게나 필요하니까.	谁都需要个好澡堂子。	好的澡堂人人都需要。
hub1_fisherman_quest_3_5	Да и у нас тут не такое не смотрят.	Und wir hier sind so einiges gewohnt.	And we don't judge that kinda thing here.	Además, aquí no somos de mirar esas cosas.	Et puis, on n'est pas si regardant ici.	E qui da noi non si guarda a queste cose.	それに、ここじゃそんなの気にしねえよ。	게다가 여긴 그런 거 신경 안 써.	况且我们这儿什么怪事没见过。	而且我們這裡對這種事見怪不怪了。
hub1_fisherman_quest_3_6	Мокрая шерсть воняет.	Nasses Fell stinkt.	Wet fur stinks.	El pelo mojado apesta.	La fourrure mouillée, ça pue.	Il pelo bagnato puzza.	濡れた毛は臭いぜ。	젖은 털 냄새 존나다.	湿毛臭死了。	濕漉漉的毛髮真臭。
hub1_fisherman_quest_3_7	Вот кого я не люблю, так это алкоголиков.	Wen ich nicht mag, das sind Alkoholiker.	The one thing I can't stand is drunks.	Si hay algo que no soporto, son los alcohólicos.	Ceux que je n'aime pas, ce sont les alcooliques.	Se c'è una cosa che non sopporto, sono gli alcolizzati.	俺が嫌いなのは酔っ払いだ。	내가 정말 싫어하는 건 알코올 중독자야.	我最讨厌的就是酒鬼。	我最討厭酒鬼了。
hub1_fisherman_quest_3_8	…	…	…	…	…	…	…	…	……	……
hub1_fisherman_quest_3_9	Ну да, я дал ему саке. Но кто же знал, что он так нажрется.	Na ja, ich hab ihm Sake gegeben. Aber wer konnte wissen, dass er sich so besäuft.	Well, yeah, I gave him sake. But who knew he'd get so wasted.	Bueno, sí, le di sake. Pero ¿quién iba a saber que se iba a emborrachar tanto?	Oui, je lui ai donné du saké. Mais qui aurait cru qu'il se saoulerait à ce point.	Certo, gli ho dato del sake. Ma chi avrebbe mai detto che si sarebbe ubriacato così?	ああ、俺が酒をやったんだ。だがあいつがそんなに酔うとはな。	그래, 내가 사케를 줬어. 하지만 그가 그렇게 취할 줄 누가 알았겠어.	没错，我是给了他清酒。可谁知道他会喝成这样。	嗯，我給了他清酒。但誰知道他會喝得這麼醉。
hub1_fisherman_quest_3_10	Хотя… он каждый раз так нажирается.	Obwohl… er besäuft sich jedes Mal so.	Though… he gets wasted like this every time.	Aunque… siempre se emborracha así.	Pourtant… il se saoule comme ça à chaque fois.	Anche se… si ubriaca sempre così.	まあ…いつもあんなに飲んでるけどな。	하지만… 그는 매번 그렇게 취해.	不过……他每次都会喝成这德行。	不過……他每次都喝成這樣。
hub1_fisherman_quest_3_11	Рыбак Унаги?	Fischer Unagi?	Fisherman Unagi?	¿El pescador Unagi?	Le pêcheur Unagi ?	Il pescatore Unagi?	漁師のウナギか？	어부 우나기?	渔夫乌纳吉？	漁夫鰻？
hub1_fisherman_quest_3_12	Че надо?! Я отдыхаю.	Was willst du?! Ich entspanne mich.	What d'ya want?! I'm relaxin'.	¿Qué quieres? Estoy descansando.	Qu'est-ce que tu veux ?! Je me repose.	Che vuoi?! Mi sto riposando.	なんだよ？！休んでるんだ。	뭐야?! 나 쉬고 있다고.	干嘛？！我在休息。	幹嘛？！我在休息。
hub1_fisherman_quest_3_13	Ты меня достал.	Du gehst mir auf die Nerven.	You're pissin' me off.	Me tienes harto.	Tu me fatigues.	Mi hai stufato.	お前にはうんざりだ。	너 짜증나게 하네.	你烦死我了。	你煩死我了。
hub1_fisherman_quest_3_14	Ребят, выведите этого алкаша и сможете за мой счет потом попариться.	Leute, bringt diesen Säufer raus, dann könnt ihr euch später auf meine Kosten in den Bädern entspannen.	Guys, get this drunk outta here and you can use the bathhouse on me later.	Chicos, sacad a este borracho y luego podréis ir a los baños por mi cuenta.	Les gars, sortez cet ivrogne et vous pourrez vous détendre à mes frais après.	Ragazzi, portate via questo ubriacone e potrete farvi un bagno a spese mie.	おい、この酔っぱらいを外に連れ出してくれ。そしたら俺の奢りでサウナに入れてやる。	얘들아, 이 술고래 좀 끌고 나가면 내가 돈 내서 목욕탕 쓸 수 있게 해줄게.	兄弟们，把这酒鬼弄出去，之后我请你们泡澡。	各位，把這個酒鬼帶走，之後你們就可以免費泡澡了。
hub1_fisherman_quest_3_15	Слышь!	Hör mal!	Hey!	¡Oye!	Hé	Ehi!	おい！	야!	喂！	喂！
hub1_fisherman_quest_3_16	Нам нужен нефритовый угорь для раменщика. Ты его поймал.	Wir brauchen den Jadeaal für den Ramen-Koch. Du hast ihn gefangen.	We need that jade eel for the ramen guy. You caught it.	Necesitamos una anguila de jade para el ramen. La has pescado.	Il nous faut l'anguille de jade pour le ramen-ya. Tu l'as pêchée.	Ci serve un'anguilla di giada per il ramen-ya. L'hai presa.	ラーメン屋のために翡翠のウナギが必要なんだ。捕まえたか？	라멘 가게 주인에게 옥 같은 장어가 필요해. 잡았어?	我们需要玉鳗给拉面摊老板。你抓到了吗？	我們需要玉鰻給拉麵師傅。你抓到了。
hub1_fisherman_quest_3_17	Может и поймал! А может и не поймал…	Vielleicht habe ich ihn gefangen! Oder vielleicht auch nicht…	Maybe I did! Or maybe I didn't…	¡Quizá sí! O quizá no…	Peut-être que oui ! Ou peut-être pas…	Forse l'ho presa! O forse no…	捕まえたかもしれねえ！　捕まえてないかもしれねえ…	잡았을 수도 있고, 안 잡았을 수도 있고…	可能抓到了！也可能没抓到……	也許抓到了！也許沒抓到……
hub1_fisherman_quest_3_18	Тащи опохмел. Без этого я с места не сдвинусь.	Hol mir einen Kater-Trank. Ohne den rühre ich mich nicht vom Fleck.	Get me a hangover cure. I ain't movin' without it.	Tráeme algo para la resaca. Sin eso no me muevo de aquí.	Apporte-moi un remède contre la gueule de bois. Sans ça, je ne bougerai pas d'ici.	Portami un rimedio per i postumi. Senza quello non mi muovo.	二日酔いの薬を持ってこい。これがなきゃ動けねえ。	숙취 해소제 좀 가져와. 이거 없인 꿈쩍도 못 하겠어.	拿解酒药来。没这个我动不了。	把解酒藥拿來。不然我一步也動不了。
hub1_fisherman_quest_3_19	Я тебя сейчас сам двину!	Ich bewege dich gleich selbst!	I'll move you myself right now!	¡Ahora mismo te muevo yo a ti!	Je vais te bouger moi-même	Adesso ti muovo io!	今すぐ動かしてやるぜ！	내가 지금 바로 꿈쩍하게 해줄까!	我现在就让你动起来！	我現在就讓你動！
hub1_fisherman_quest_3_20	Леон, успокойся. Я могу легко сделать то, что приведет его в чувство.	Leon, beruhige dich. Ich kann leicht etwas tun, das ihn wieder zu Sinnen bringt.	Leon, calm down. I can easily do something to bring him around.	Leon, cálmate. Puedo hacer algo fácilmente para que recupere el sentido.	Leon, calme-toi. Je peux facilement faire quelque chose pour le remettre d'aplomb	Leon, calmati. Posso facilmente fare qualcosa per farlo rinsavire.	レオン、落ち着いて。簡単に彼を正気に戻せるものを作れるよ。	레온, 진정해. 그를 정신 차리게 할 수 있는 걸 쉽게 만들 수 있어.	莱昂，冷静点。我可以轻松调制些让他清醒的东西。	雷恩，冷靜。我可以輕易地讓他清醒過來。
hub1_fisherman_quest_3_21	Нужно лишь немного трав.	Ich brauche nur ein paar Kräuter.	Just need a few herbs.	Solo necesito unas cuantas hierbas.	Il suffit de quelques herbes.	Mi servono solo un po' di erbe.	少しの薬草だけが必要なんだ。	약초 조금만 있으면 돼.	只需要一些草药。	只需要一點草藥。
hub1_fisherman_quest_3_22	Здесь должна быть лавка травника.	Hier sollte ein Kräuterladen sein.	There should be a herbalist's shop here.	Aquí debería haber una herboristería.	Il devrait y avoir une herboristerie ici.	Qui dovrebbe esserci la bottega di un erborista.	ここに薬草屋があるはずだ。	여기 근처에 약초 가게가 있을 거야.	这附近应该有草药铺。	這裡應該有間藥草店。
hub1_fisherman_quest_3_23	Ну пойдем поищем.	Na dann, lass uns suchen gehen.	Well, let's go look for it.	Pues vamos a buscarla.	Eh bien, allons chercher.	Bene, andiamo a cercare.	よし、探しに行くか。	그럼 찾아보러 가자.	那咱们去找找。	那我們就去找找看吧。
hub1_asuna_archive_1_1	О, приятно увидеть новый лица в Трущобах.	Oh, es ist schön, neue Gesichter in den Elendsvierteln zu sehen.	Oh, it's nice to see new faces in the Slums.	Oh, qué agradable ver caras nuevas en los Barrios Bajos.	Oh, c'est agréable de voir de nouveaux visages dans les Bas-Fonds.	Oh, è un piacere vedere volti nuovi nei Bassifondi.	あら、スラム街に新しい顔が見られるなんて嬉しいわ。	오, 빈민가에 새로운 얼굴을 보니 반갑네.	哦，在贫民窟看到新面孔真让人高兴。	喔，很高興在貧民窟看到新面孔。
hub1_asuna_archive_1_2	Особенно такие необычные, как у вас.	Besonders so ungewöhnliche wie eure.	Especially such unusual ones as yours.	Especialmente tan inusuales como las vuestras.	Surtout des visages aussi inhabituels que les vôtres.	Soprattutto così insoliti come i vostri.	特にあなた達のような珍しい顔はね。	특히 너희처럼 특이한 얼굴은 더더욱.	特别是像你们这样特别的。	尤其是像你們這樣不尋常的面孔。
hub1_asuna_archive_1_3	Да, мы только приехали!	Ja, wir sind gerade erst angekommen!	Yeah, we just got here!	¡Sí, acabamos de llegar!	Oui, nous venons d’arriver	Sì, siamo appena arrivati!	はい、僕たちは着いたばかりです！	네, 우리 방금 도착했어요!	是的，我们刚到！	是的，我們才剛到！
hub1_asuna_archive_1_4	Я еще не видел такой большой лавки с травами!	Ich habe noch nie einen so großen Kräuterladen gesehen!	I ain't never seen such a big herb shop!	¡Nunca había visto una tienda de hierbas tan grande!	Je n’ai jamais vu une herboristerie aussi grande	Non ho mai visto un negozio di erbe così grande!	こんな大きな薬草屋さんは初めて見ました！	이렇게 큰 약초 가게는 처음 봐요!	我从没见过这么大的草药店！	我從沒見過這麼大的草藥店！
hub1_asuna_archive_1_5	У вас тут столько всего! Даже желтый многолетник есть!	Ihr habt hier so viel! Sogar eine gelbe Staude!	You got so much stuff in here! Even yellow perennial!	¡Tenéis tantas cosas aquí! ¡Incluso hay una planta perenne amarilla!	Vous avez tellement de choses ici ! Il y a même une plante vivace jaune !	Avete così tante cose qui! C'è persino una perenne gialla!	ここには何でもありますね！黄色い多年草まで！	여기 정말 많은 게 있네요! 노란 다년생 식물도 있어요!	你这儿东西真多！连黄色多年生植物都有！	你們這裡有這麼多東西！甚至還有黃色多年生植物！
hub1_asuna_archive_1_6	Я его давно не видел.	Die habe ich schon lange nicht mehr gesehen.	Ain't seen that in a long time.	Hace mucho que no la veía.	Je ne l’avais pas vue depuis longtemps.	Non la vedevo da tanto tempo.	ずっと見かけていませんでした。	오랫동안 못 봤어요.	我好久没见到它了。	我很久沒見過它了。
hub1_asuna_archive_1_7	Может хватит трепаться? Мы вроде по делу пришли.	Können wir aufhören zu quatschen? Wir sind doch geschäftlich hier.	Can we cut the chatter? We're here on business, ain't we?	¿Podemos dejar de charlar? Creo que hemos venido por algo importante.	Ça suffit de jacasser ? On est venus pour une raison, non ?	Forse è ora di smetterla di chiacchierare? Siamo venuti per affari.	おい、喋ってる場合か？用事があるんだろ。	이제 좀 그만 지껄여? 우리 일 보러 왔잖아.	能别闲聊了吗？我们好像是有正事来的。	夠了沒？我們好像是來辦正事的。
hub1_asuna_archive_1_8	Или мне вас оставить вдвоем?	Oder soll ich euch beide allein lassen?	Or should I just leave you two alone?	¿O debería dejaros a solas?	Ou je vous laisse tous les deux ?	O devo lasciarvi da soli?	二人きりにしてやるか？	아님 둘이 남겨둘까?	要不我把你俩单独留下？	還是我把你們兩個丟在這裡？
hub1_asuna_archive_1_9	Можешь и оставить. Я не против.	Kannst du ruhig. Ich habe nichts dagegen.	You can leave us. I don't mind.	Puedes hacerlo. No me importa.	Tu peux nous laisser. Ça ne me dérange pas	Puoi anche lasciarci. Non mi dispiace.	そうしてもいいわよ。構わないから。	남겨도 돼. 나야 상관없지.	你尽管留。我没意见。	你可以把我丟在這裡。我不介意。
hub1_asuna_archive_1_10	Думаю, двоим нагам всегда есть о чем поговорить…	Ich denke, zwei Nagas haben sich immer etwas zu erzählen…	I think two Nagas always have plenty to talk about…	Supongo que dos nagas siempre tienen algo de qué hablar…	Je pense que deux Nagas ont toujours des choses à se dire…	Immagino che due Naga abbiano sempre qualcosa di cui parlare…	ナーガ同士、話すことくらいあるでしょう…	나가 둘이면 항상 할 얘기가 있겠지…	我想两个纳迦总能有话聊……	我想，兩個那伽總是有話可說的……
hub1_asuna_archive_1_11	А у тебя горячее сердце. Я чувствую даже отсюда.	Und du hast ein heißes Herz. Das spüre ich sogar von hier.	And you have a warm heart. I can feel it even from here.	Y tú tienes un corazón ardiente. Lo siento incluso desde aquí.	Et tu as un cœur ardent. Je le sens même d’ici	E tu hai un cuore caldo. Lo sento anche da qui.	あなた、熱い心の持ち主ね。ここからでも感じるわ。	너는 뜨거운 심장을 가졌구나. 여기서도 느껴져.	你倒是热血沸腾。我在这儿都能感觉到。	你的心很熱情。我甚至從這裡都能感覺到。
hub1_asuna_archive_1_12	Наверное, как и у всех дзинко	Wahrscheinlich wie alle Jinko	Probably like all Jinko	Supongo que como todos los jinko	Probablement comme tous les Jinkos	Probabilmente, come tutti i Jinko	たぶん、他の忍狐たちと同じようにね	아마도 모든 진코가 그렇겠죠	大概和所有忍狐都一样吧	大概所有忍狐都一樣吧。
hub1_asuna_archive_1_13	И много ты видела дзинко?	Und wie viele Jinko hast du gesehen?	How many Jinko you seen?	¿Y cuántos jinko has visto tú?	Et tu as vu beaucoup de Jinko ?	E quanti Jinko hai visto?	で、お前は忍狐をたくさん見たことあるのか？	진코를 많이 봤냐?	你见过很多忍狐吗？	你見過很多忍狐嗎？
hub1_asuna_archive_1_14	Ты первый. Они же главные враги империи, так что их всех переловили.	Du bist der erste. Sie sind die Hauptfeinde des Imperiums, also wurden sie alle gefangen.	You're the first. They're the Empire's main enemies, so they rounded 'em all up.	Tú eres el primero. Son los principales enemigos del Imperio, así que los han atrapado a todos.	Tu es le premier. Ce sont les principaux ennemis de l'Empire, alors ils ont tous été capturés.	Tu sei il primo. Sono i principali nemici dell'Impero, quindi li hanno catturati tutti.	お前が初めてだよ。奴らは帝国の主要な敵だからな、全員捕まえられちまったんだ。	네가 처음이야. 그들은 제국의 주적이니까 전부 잡혔지.	你是第一个。他们可是帝国的主要敌人，所以全都被抓起来了。	你是第一個。他們是帝國的主要敵人，所以他們都被抓起來了。
hub1_asuna_archive_1_15	Я удивлена, что ты разгуливаешь без ошейника.	Ich bin überrascht, dass du ohne Halsband herumläufst.	I'm surprised you're walkin' around without a collar.	Me sorprende que andes sin collar.	Je suis surprise que tu te promènes sans collier.	Sono sorpresa che tu stia in giro senza collare.	首輪なしで歩き回ってるのに驚いたよ。	목줄 없이 돌아다니는 게 신기하네.	我很惊讶你居然没戴项圈到处溜达。	我很驚訝你沒有戴項圈到處走動。
hub1_asuna_archive_1_16	Тут за каждым дзинко учет и слежка, не дай боги хоть один сбежит.	Jeder Jinko wird hier registriert und überwacht, Gott bewahre, dass auch nur einer entkommt.	Every Jinko's accounted for and watched. God forbid one gets away.	Aquí cada jinko está registrado y vigilado, no sea que se escape uno.	Chaque Jinko est enregistré et surveillé ici, pour que pas un seul ne s'échappe, par les dieux.	Ogni Jinko è registrato e sorvegliato, non sia mai che uno scappi.	ここでは忍狐一人一人に記録と監視がついてるんだ、一匹でも逃がしたら大変だ。	여긴 진코마다 기록과 감시가 있어, 하나라도 도망치면 큰일이야.	这里每个忍狐都有登记和监视，老天保佑可别让任何一个逃掉。	這裡的每個忍狐都有記錄和監控，願神保佑沒有一個逃脫。
hub1_asuna_archive_1_17	И где этот «учет» можно посмотреть?	Und wo kann ich diese „Registrierung“ einsehen?	"And where can I check this ""account""?"	¿Y dónde puedo ver ese «registro»?	Et où peut-on consulter cet « enregistrement » ?	E dove posso vedere questa registrazione?	その「記録」ってどこで見られるんだ？	그 '기록'은 어디서 볼 수 있지?	这个「登记」在哪儿能查到？	我在哪裡可以查看這些「記錄」？
hub1_asuna_archive_1_18	Я точно не знаю, но… я бы искала в Императорских архивах.	Ich weiß es nicht genau, aber… ich würde in den Kaiserlichen Archiven suchen.	I don't know for sure, but… I'd look in the Imperial Archives.	No lo sé con certeza, pero… yo buscaría en los Archivos Imperiales.	Je ne sais pas exactement, mais… je chercherais dans les Archives Impériales.	Non lo so di preciso, ma… cercherei negli Archivi Imperiali.	正確には知らないけど…帝国書庫を探すだろうね。	정확히는 모르겠지만… 제국 기록 보관소에서 찾아볼 것 같아.	我不太确定，但……我会去帝国档案馆找找。	我不太確定，但是……我會在帝國檔案館裡找找。
hub1_asuna_archive_1_19	Там же буквально ВСЯ информация в Империи хранится.	Dort werden buchstäblich ALLE Informationen des Imperiums aufbewahrt.	Literally ALL the Empire's information is stored there.	Literalmente, TODA la información del Imperio se guarda allí.	Toutes les informations de l'Empire y sont littéralement stockées.	Lì è letteralmente conservata TUTTA l'informazione dell'Impero.	そこには帝国のあらゆる情報が文字通り保管されてるから。	거긴 말 그대로 제국의 모든 정보가 저장되어 있어.	那里简直存着帝国的所有信息。	帝國的所有資訊都儲存在那裡。
hub1_asuna_archive_1_20	Наконец-то хоть что- то полезное!	Endlich mal etwas Nützliches!	Finally, somethin' useful!	¡Por fin algo útil!	Enfin, quelque chose d'utile !	Finalmente qualcosa di utile!	やっとまともな情報か！	드디어 뭐라도 쓸만한 거냐!	总算有点有用的信息了！	終於有些有用的東西了！
hub1_asuna_archive_1_21	Вообще мы хотели купить сушёный корень имбиря и чёрный лотос.	Eigentlich wollten wir getrocknete Ingwerwurzel und schwarzen Lotus kaufen.	Actually, we wanted to buy dried ginger root and black lotus.	En realidad, queríamos comprar raíz de jengibre seca y loto negro.	En fait, nous voulions acheter de la racine de gingembre séchée et du lotus noir.	In realtà volevamo comprare radice di zenzero essiccata e loto nero.	実は乾燥生姜と黒蓮が欲しかったんだ。	사실 말씀드리면, 말린 생강 뿌리와 검은 연꽃을 사고 싶었습니다.	其实我们想买干姜根和黑莲花。	我們本來想買乾薑和黑蓮花。
hub1_asuna_archive_1_22	У тебя найдется?	Hast du das?	Do you have any?	¿Tienes?	Tu en as ?	Ne hai?	持ってる？	혹시 있으신가요?	你这里有吗？	你有嗎？
hub1_asuna_archive_1_23	У тебя найдется?	Hast du etwas?	Do you have any?	¿Lo tienes?	Tu en as un ?	Ne hai?	持ってる？	혹시 가지고 있나요?	你那里有吗？	你有嗎？
hub1_asuna_archive_1_24	Для тебя все найдется.	Für dich findet sich alles.	I have everything for you.	Para ti, todo lo que quieras.	J'en ai toujours un pour toi.	Per te c'è tutto.	あなたのためなら何でも揃えてあげるわ。	당신을 위해서라면 뭐든지 다 있죠.	你要什么都有。	你要的都有。
hub1_asuna_archive_1_25	Теперь понятно где искать информацию об Аки.	Jetzt weiß ich, wo ich nach Informationen über Aki suchen muss.	Now I know where to look for information about Aki.	Ahora sé dónde buscar información sobre Aki.	Maintenant, je sais où chercher des informations sur Aki.	Ora so dove cercare informazioni su Aki.	これでアキの情報を探す場所がわかったぜ。	이제 아키에 대한 정보를 어디서 찾아야 할지 알겠네.	现在清楚该去哪儿找阿基的消息了。	現在我知道去哪裡找亞希的資訊了。
hub1_fisherman_quest_4_1	Ух, сразу жить захотелось. Спасибо вам, ребятки.	Uff, da will man gleich wieder leben. Danke euch, Jungs.	Ugh, suddenly I wanna live. Thanks, fellas.	Uf, me han entrado ganas de vivir. Gracias, chicos.	Ouf, ça me donne envie de vivre. Merci, les gars.	Uff, mi è tornata subito la voglia di vivere. Grazie, ragazzi.	おお、急に生きる気力が湧いてきたよ。ありがとな、若いの。	와, 갑자기 살 맛 나네. 고마워, 친구들.	哇，一下子就来劲了。谢了伙计们。	呼，我突然又想活下去了。謝謝你們，小夥子們。
hub1_fisherman_quest_4_2	Угорь где?	Wo ist der Aal?	Where's the eel?	¿Dónde está la anguila?	Où est l'anguille ?	Dov'è l'anguilla?	ウナギはどこだ？	장어는 어디 있냐?	鳗鱼在哪儿？	鰻魚呢？
hub1_fisherman_quest_4_3	Да я его продал в гейшам в чайном домике.	Den habe ich den Geishas im Teehaus verkauft.	I sold it to the geishas at the tea house.	Se la vendí a las geishas de la casa de té.	Je l'ai vendue aux geishas de la Maison de Thé.	L'ho venduta alle geisha della casa da tè.	あれは茶屋の芸者さんに売っちゃったよ。	아, 그건 찻집 게이샤들에게 팔았어.	我卖给茶屋的艺伎了。	我把它賣給茶館的藝伎了。
hub1_fisherman_quest_4_4	Они мои любимые покупательницы.	Sie sind meine Lieblingskundinnen.	They're my favorite customers.	Son mis clientas favoritas.	Ce sont mes clientes préférées.	Sono le mie clienti preferite.	あの子たちは俺のお気に入りのお客さんなんだ。	걔네가 내 단골 손님이거든.	她们可是我的老主顾。	她們是我的老主顧了。
hub1_fisherman_quest_4_5	БЛЯЯЯЯЯ…	SCHEEEEIIIIẞEEEE…	FUUUUUUCK…	JODEEEEER…	PUUUUTAIN…	CAZZOOOO…	クソォォォォ…	씨이이이발…	我操……	他媽的……
hub1_fisherman_quest_4_6	Ладно. Чайный домик.	Na gut. Teehaus.	Alright. Tea house.	Vale. La casa de té.	Bon. La Maison de Thé.	Va bene. Casa da tè.	仕方ねえ。茶屋か。	됐어. 찻집으로 가자.	行吧。茶屋。	好吧。茶館。
hub1_teahouse_2_1	Цуру, ты доставишь послание.	Tsuru, du lieferst die Nachricht ab.	Tsuru, you'll deliver the message.	Tsuru, tú entregarás el mensaje.	Tsuru, tu livreras le message.	Tsuru, tu consegnerai il messaggio.	ツル、あなたが手紙を届けなさい。	츠루, 네가 이 편지를 전해 주렴.	鹤，你去送信。	鶴，妳去送這封信。
hub1_teahouse_2_2	Вынуждена отказать, госпожа Яэко. Я не хочу, чтобы меня видели в этом районе.	Ich muss ablehnen, Lady Yaeko. Ich möchte in diesem Viertel nicht gesehen werden.	I must refuse, Lady Yaeko. I don't want to be seen in this district.	Me veo obligada a negarme, señora Yaeko. No quiero que me vean en este barrio.	Je suis forcée de refuser, Madame Yaeko. Je ne veux pas être vue dans ce quartier	Devo rifiutare, signora Yaeko. Non voglio essere vista in questo quartiere.	お断りします、八重子様。あの界隈で私が見られるのはごめんです。	거절해야겠어요, 야에코 님. 이 동네에서 제가 보이는 건 원치 않아요.	恕难从命，八重子夫人。我不想被人看见出现在那个区域。	矢重子夫人，我不得不拒絕。我不想在這個地區被人看見。
hub1_teahouse_2_3	Купец Сэго подумает, что я обслуживаю его конкурентов. А он мой лучший клиент.	Händler Sego würde denken, ich bediene seine Konkurrenten. Und er ist mein bester Kunde.	Merchant Sego will think I'm serving his competitors. And he's my best client.	El mercader Sego pensará que atiendo a sus competidores. Y él es mi mejor cliente.	Le marchand Sego pensera que je sers ses concurrents. Et c’est mon meilleur client.	Il mercante Sego penserà che servo i suoi concorrenti. Ed è il mio miglior cliente.	瀬後商人が競合相手の相手をしていると思い込むでしょう。彼は私の最高のお客様ですから。	세고 상인이 제가 그의 경쟁자들을 상대한다고 생각할 거예요. 그는 제 최고의 고객이에요.	濑户商人会以为我在服务他的竞争对手。而他可是我最好的主顾。	商人瀨戶會認為我在為他的競爭對手服務。而他是我的最佳客戶。
hub1_teahouse_2_4	Я могу сходить, госпожа Яэко.	Ich kann gehen, Lady Yaeko.	I can go, Lady Yaeko.	Yo puedo ir, señora Yaeko.	Je peux y aller, Madame Yaeko	Posso andarci io, signora Yaeko.	私が行けます、八重子様。	제가 갈 수 있어요, 야에코 님.	我可以去，八重子夫人。	矢重子夫人，我可以去。
hub1_teahouse_2_5	Момо, ты нюня и плакса. Ты все испоганишь. Поэтому пойти должна Цуру.	Momo, du bist ein Weichei und eine Heulsuse. Du wirst alles versauen. Deshalb muss Tsuru gehen.	Momo, you're a whiner and a crybaby. You'll screw everything up. So Tsuru has to go.	Momo, eres una llorica y una quejica. Lo estropearás todo. Por eso debe ir Tsuru.	Momo, tu es une pleurnicheuse et une mauviette. Tu vas tout gâcher. C’est pourquoi Tsuru doit y aller.	Momo, sei una piagnucolona e una frignona. Rovinerai tutto. Per questo deve andare Tsuru.	モモ、お前は泣き虫で弱虫だ。全部台無しにする。だからツルが行くべきだ。	모모, 너는 겁쟁이에 울보야. 네가 다 망칠 거야. 그래서 츠루가 가야 해.	桃，你就是个爱哭的软蛋。你会搞砸一切的。所以该去的人是鹤。	桃，你這個愛哭鬼。你會把一切都搞砸的。所以鶴必須去。
hub1_teahouse_2_6	Вы оглохли, госпожа Яэко? Я СКАЗАЛА, Я НИКУДА НЕ ПОЙДУ!	Sind Sie taub, Lady Yaeko? Ich HABE GESAGT, ICH GEHE NIRGENDWO HIN!	Are you deaf, Lady Yaeko? I SAID, I'M NOT GOING ANYWHERE!	¿Se ha quedado sorda, señora Yaeko? ¡HE DICHO QUE NO VOY A NINGÚN SITIO!	Vous êtes sourde, Madame Yaeko ? J’AI DIT QUE JE N’IRAIS NULLE PART !	Siete sorda, signora Yaeko? HO DETTO CHE NON CI VADO!	耳が遠いのですか、八重子様？行かないって言ったでしょうが！	귀가 먹었어요, 야에코 님? 제가 말했잖아요, 전 안 간다고요!	您聋了吗，八重子夫人？我说了，我哪儿都不去！	矢重子夫人，你聾了嗎？我說了，我哪兒也不去！
hub1_teahouse_2_7	Как будто у тебя есть выбор! Запомни, соплячка, ты моя собственность!	Als ob du eine Wahl hättest! Merk dir, Göre, du bist mein Eigentum!	As if you have a choice! Remember, you little brat, you're my property!	¡Como si tuvieras elección! ¡Recuerda, mocosa, eres de mi propiedad!	Comme si tu avais le choix ! Retiens bien, morveuse, tu es ma propriété !	Come se avessi scelta! Ricorda, mocciosa, sei di mia proprietà!	選択肢があると思ってるのか！覚えておけ、小娘、お前は俺の所有物だ！	너한테 선택권이 있는 것처럼! 기억해, 꼬맹아, 넌 내 소유물이야!	好像你还有得选似的！给我记住，臭丫头，你可是我的财产！	好像你有選擇一樣！記住，小丫頭，你是我的財產！
hub1_teahouse_2_8	Пока я приношу больше всего мон чайному домику, то могу делать что захочу.	Solange ich dem Teehaus die meisten Mon einbringe, kann ich tun, was ich will.	As long as I bring in the most mon for the tea house, I can do whatever I want.	Mientras aporte la mayor cantidad de mon a la casa de té, puedo hacer lo que quiera.	Tant que j’apporte le plus de mon à la maison de thé, je peux faire ce que je veux.	Finché porto più mon alla casa da tè, posso fare quello che voglio.	私が茶屋に一番多くの文をもたらしている限り、好きなようにできるわ。	내가 찻집에 가장 많은 돈을 벌어다 주는 한, 난 내가 원하는 대로 할 수 있어.	只要我还在为茶屋赚最多的钱，我想做什么都行。	只要我為茶館賺的錢最多，我就能為所欲為。
hub1_teahouse_2_9	Ах, ты мелкая дрянь…	Ach, du kleines Miststück…	Oh, you little bitch…	Ay, pequeña alimaña…	Ah, sale petite garce…	Ah, piccola carogna…	ああ、この小賢しい小娘め…	아, 이 꼬마 자식…	啊，你这小贱货……	啊，你這個小賤人……
hub1_teahouse_2_10	Извините, дамы, можно помешать вашей беседе…	Entschuldigen Sie, meine Damen, darf ich Ihr Gespräch unterbrechen…	Excuse me, ladies, may I interrupt your conversation…	Disculpen, señoras, ¿podría interrumpir su conversación…?	Excusez-moi, mesdames, puis-je interrompre votre conversation…	Scusate, signore, posso interrompere la vostra conversazione…	失礼ですが、お嬢様方、お話の邪魔をしてもよろしいでしょうか…	실례합니다, 숙녀분들, 대화 좀 방해해도 될까요…	抱歉，女士们，能否打扰一下你们的谈话……	抱歉，女士們，我可以打斷你們的談話嗎……
hub1_teahouse_2_11	А вам что надо, оборванцы?	Und was wollt ihr, Lumpen?	What do you want, you beggars?	¿Y ustedes qué quieren, harapientos?	Et vous, que voulez-vous, vauriens ?	E voi cosa volete, straccioni?	お前ら何の用だ、ぼろぼろ野郎？	너희는 또 뭔데, 거지 새끼들?	你们又有什么事，穷酸鬼？	你們這些乞丐，有什麼事？
hub1_teahouse_2_12	По вам сразу видно, что у вас нет денег, чтобы даже рядом с чайным домиком постоять.	Man sieht Ihnen sofort an, dass Sie nicht einmal das Geld haben, um in der Nähe des Teehauses zu stehen.	It's obvious you don't have enough money to even stand near a tea house.	Por vuestra pinta, se ve que no tenéis dinero ni para estar cerca de la casa de té.	On voit tout de suite que vous n'avez pas d'argent, même pour vous tenir près de la maison de thé.	Si vede subito che non hai i soldi nemmeno per stare vicino alla casa da tè.	お前ら金がなさそうなのは一目瞭然だぜ、茶屋の近くにすら立ってられないくらいだ。	당신들을 보니 찻집 근처에 서 있을 돈조차 없다는 게 바로 보이네요.	一看就知道你们连站在茶屋旁边的钱都没有。	你們一看就知道沒錢，連茶館旁邊都站不起。
hub1_teahouse_2_13	Как хорошо, что мои кулаки бесплатные.	Wie gut, dass meine Fäuste gratis sind.	Good thing my fists are free.	Qué bien que mis puños son gratis.	Tant mieux, mes poings sont gratuits.	Meno male che i miei pugni sono gratis.	俺の拳がタダで使えるのはありがてえな。	내 주먹은 공짜라서 다행이네.	幸好我的拳头是免费的。	我的拳頭是免費的，這可真好。
hub1_teahouse_2_14	Извините, нам просто нужно забрать угря, которого вам продали утром.	Entschuldigen Sie, wir müssen nur den Aal holen, den Sie heute Morgen verkauft haben.	Excuse me, we just need to pick up the eel you sold this morning.	Disculpe, solo necesitamos el anguila que le vendieron esta mañana.	Excusez-nous, nous devons juste récupérer l'anguille qu'on vous a vendue ce matin.	Scusate, dobbiamo solo riprendere l'anguilla che vi hanno venduto stamattina.	すみません、今朝売られたウナギを回収したいだけなんです。	실례합니다, 아침에 팔았던 장어를 찾으러 왔습니다.	抱歉，我们只是需要取回早上卖给你们的那条鳗鱼。	抱歉，我們只是要拿回你們早上賣掉的鰻魚。
hub1_teahouse_2_15	АХХАХАХА, мальчики, у вас проблемы с вашими нефритовыми жезлами?	AHAHAHAHA, Jungs, habt ihr Probleme mit euren Jade-Stäben?	AHAHAHAHA, boys, are you having trouble with your jade rods?	JAJAJAJA, chicos, ¿tenéis problemas con vuestras varas de jade?	AHHAHAHA, les garçons, vous avez des problèmes avec vos baguettes de jade ?	AHAHAHAHA, ragazzi, avete problemi con le vostre bacchette di giada?	アハハハハ、坊ちゃんたち、翡翠の竿に問題でもあるの？	아하하하, 얘들아, 너희 옥 같은 자지에 문제라도 있어?	啊哈哈哈哈，小伙子们，你们的玉茎出问题了吗？	啊哈哈哈，小夥子們，你們的玉棒有問題嗎？
hub1_teahouse_2_16	Че?	Was?	Huh?	¿Qué?	Quoi ?	Cosa?	は？	뭐?	啥？	啥？
hub1_teahouse_2_17	Просто порошок из этой рыбы помогает мужчинам, чтобы их… жезл… ну, дольше…	Das Pulver von diesem Fisch hilft Männern, damit ihr… Stab… nun ja, länger…	It's just that powder from this fish helps men so their… rod… well, longer…	Es que el polvo de este pescado ayuda a los hombres para que su… vara… bueno, más tiempo…	La poudre de ce poisson aide les hommes à ce que leur… baguette… enfin, plus longtemps…	La polvere di questo pesce aiuta gli uomini a far sì che la loro… bacchetta… beh, più a lungo…	その魚の粉は男の…竿が…えっと、長く…	그 생선 가루는 남자들이... 자지가... 음, 더 오래... 하게 도와준다나 봐	只是这种鱼的粉末能帮助男人让他们的……茎……嗯，更持久……	這種魚的粉末能幫助男人，讓他們的……棒子……嗯，更持久……
hub1_teahouse_2_18	По ним видно, что они нуждаются в этом.	Man sieht ihnen an, dass sie es brauchen.	They clearly need it.	Por ellos se ve que lo necesitan.	On voit bien qu'ils en ont besoin.	Si vede che ne hanno bisogno.	彼らにはそれが必要そうだわ。	걔네 보면 그게 필요해 보이잖아.	一看就知道他们需要这个。	他們看起來很需要。
hub1_teahouse_2_19	ВСЕ! Хорошо, что мне все равно кому бить морду.	ALLES KLAR! Gut, dass es mir egal ist, wem ich die Fresse poliere.	THAT'S IT! Good thing I don't care whose face I punch.	¡YA ESTÁ! Menos mal que me da igual a quién partir la cara.	ÇA SUFFIT ! Tant mieux, ça m'est égal à qui je casse la gueule.	BENE! Meno male che non mi importa chi picchiare.	もういい！ 誰の顔をぶっ飛ばしても構わねえからな。	됐어! 누구 얼굴을 때리든 상관없으니 다행이네.	够了！反正我揍谁的脸都无所谓。	夠了！反正我打誰都一樣。
hub1_teahouse_2_20	Потише, потише, мальчик. Угря уже приготовили на кухне и подали клиентам.	Ruhig, ruhig, Junge. Der Aal wurde bereits in der Küche zubereitet und den Gästen serviert.	Easy, easy, boy. The eel has already been prepared in the kitchen and served to customers	Tranquilo, tranquilo, chico. El anguila ya está preparado en la cocina y servido a los clientes.	Doucement, doucement, mon garçon. L'anguille a déjà été préparée en cuisine et servie aux clients	Calma, calma, ragazzo. L'anguilla è già stata preparata in cucina e servita ai clienti.	落ち着きなさい、子よ。ウナギはもう調理されて客に出てしまったわ。	진정해, 진정해, 꼬마야. 장어는 이미 주방에서 요리해서 손님들께 내놨단다.	冷静点，冷静点，孩子。鳗鱼已经在厨房做好端给客人了。	安靜點，安靜點，小夥子。鰻魚已經在廚房裡煮好，端給客人了。
hub1_teahouse_2_21	Ты опоздал, к сожалению.	Sie sind leider zu spät.	You're too late, unfortunately.	Llegas tarde, por desgracia.	Tu es en retard, malheureusement.	Sei in ritardo, purtroppo.	残念だが、遅かったのよ。	안타깝게도 너는 늦었어.	可惜你来晚了。	很可惜，你來晚了。
hub1_teahouse_2_22	Да и не советую тебе размахивать кулаками. У меня связи по всему городу.	Ich rate dir auch, die Fäuste stecken zu lassen. Ich habe Verbindungen in der ganzen Stadt.	And I wouldn't advise you to throw punches. I got connections all over the city.	Y no te aconsejo que andes dando puñetazos. Tengo contactos por toda la ciudad.	Je ne te conseille pas de te battre. J'ai des relations dans toute la ville	E non ti consiglio di usare i pugni. Ho contatti in tutta la città.	拳を振り回すのはお勧めしませんよ。この街のあちこちに私の繋がりがありますから。	그리고 주먹을 휘두르지 않는 게 좋을 거야. 나는 도시 전체에 연줄이 있으니까.	而且我也不建议你随便挥拳头。我在城里到处都有关系。	我也不建議你揮舞拳頭。我在城裡到處都有關係。
hub1_teahouse_2_23	Стоит мне щелкнуть пальцами, и они узнают о том, что в Трущобах скрывается дзинко.	Ich muss nur mit den Fingern schnippen, und sie wissen, dass sich ein Jinko in den Elendsvierteln versteckt.	All I gotta do is snap my fingers, and they'll know there's a Jinko hidin' in the Slums.	Me basta con chasquear los dedos para que se enteren de que hay un jinko escondido en los Barrios Bajos.	Il me suffit de claquer des doigts pour qu'ils apprennent qu'un Jinko se cache dans les Bas-fonds.	Mi basta schioccare le dita e sapranno che un Jinko si nasconde nei Bassifondi.	指を鳴らせば、スラム街に忍狐が潜んでいることを連中に知らせることができますわ。	내가 손가락만 튕겨도, 그들은 빈민가에 진코가 숨어 있다는 걸 알게 될 거야.	只要我打个响指，他们就会知道贫民窟里藏着一个忍狐。	我只要動動手指，他們就會知道貧民窟裡藏著一個忍狐。
hub1_teahouse_2_24	А че, твои гейши много где бывают?	Und, sind deine Geishas viel unterwegs?	So, your geishas get around a lot?	¿Y qué, tus geishas van a muchos sitios?	Et tes geishas, elles vont souvent partout ?	Ehi, le tue geisha vanno in molti posti?	おい、お前の芸者たちはあちこち行くのか？	어, 네 게이샤들은 여러 곳에 다니나?	咋的，你的艺伎们经常到处跑？	那，你的藝伎們常去很多地方嗎？
hub1_teahouse_2_25	Да, обслуживают клиентов по всему городу.	Ja, sie bedienen Kunden in der ganzen Stadt.	Yes, they serve clients all over the city.	Sí, atienden a clientes por toda la ciudad.	Oui, elles servent des clients dans toute la ville.	Sì, servono clienti in tutta la città.	ええ、街中の客のところへ伺っていますわ。	네, 도시 전체의 고객들을 상대하지.	是啊，她们在全城各处接待客人。	是的，她們為城裡各處的客人服務。
hub1_teahouse_2_26	А в Архивах?	Auch in den Archiven?	What about the Archives?	¿Y en los Archivos?	Et aux Archives ?	E negli Archivi?	帝国書庫には？	기록 보관소에도?	那档案馆呢？	那檔案館呢？
hub1_teahouse_2_27	Ближе к делу, молодой человек.	Kommen wir zur Sache, junger Mann.	Let's get to the point, young man.	Al grano, joven.	Allons droit au but, jeune homme.	Vieni al dunque, giovane.	本題に入りなさい、若い人。	본론으로 들어가자, 젊은이.	年轻人，说正事吧。	年輕人，言歸正傳吧。
hub1_teahouse_2_28	Мне нужно как то скрытно попасть в Императорские архивы.	Ich muss irgendwie heimlich in die Kaiserlichen Archive gelangen.	I need to get into the Imperial Archives stealthily.	Necesito entrar de alguna manera en los Archivos Imperiales sin que me vean.	Je dois me rendre discrètement aux Archives Impériales	Devo entrare di nascosto negli Archivi Imperiali.	帝国書庫にこっそり入る方法が必要なんだ。	제국 기록 보관소에 몰래 들어갈 방법이 필요해.	我需要想办法悄悄潜入帝国档案馆。	我需要秘密潛入帝國檔案館。
hub1_teahouse_2_29	Как я понимаю твои гейши знают как?	Ich nehme an, deine Geishas wissen, wie?	And I take it your geishas know how?	¿Y tus geishas saben cómo, por lo que veo?	Si je comprends bien, tes geishas savent comment faire ?	Immagino che le tue geisha sappiano come fare?	俺の考えでは、お前の芸者たちが方法を知ってるんだろ？	네 게이샤들이 방법을 알고 있다고 생각하는데?	我猜你的艺伎们知道怎么进去？	我猜你的藝伎們知道怎麼做？
hub1_teahouse_2_30	Какое совпадение. У меня предложение, которое будет выгодно нам обоим, молодой человек.	Was für ein Zufall. Ich habe ein Angebot, das für uns beide von Vorteil ist, junger Mann.	What a coincidence. I have a proposition that will benefit us both, young man.	Qué coincidencia. Tengo una propuesta que nos beneficiará a ambos, joven.	Quel hasard. J'ai une proposition qui nous sera profitable à tous les deux, jeune homme.	Che coincidenza. Ho una proposta che sarà vantaggiosa per entrambi, giovane.	偶然ですね。お互いにとって都合の良い提案がありますわ、若い人。	참 우연이네. 나한테 우리 둘 모두에게 이익이 될 제안이 있어, 젊은이.	真巧啊。年轻人，我有个对我们双方都有利的提议。	真是巧合。年輕人，我有一個對我們雙方都有利的主意。
hub1_teahouse_2_31	Доставь это послание нашему человеку в Нижнем Городе и он даст тебе ключ от туннелей под городом.	Überbringe diese Nachricht unserem Mann in der Unterstadt, und er wird dir den Schlüssel zu den Tunneln unter der Stadt geben.	Deliver this message to our contact in the Lower City, and he'll give you the key to the tunnels beneath the city.	Entrega este mensaje a nuestro contacto en la Ciudad Baja y él te dará la llave de los túneles bajo la ciudad.	Remets ce message à notre contact dans la Ville Basse et il te donnera la clé des tunnels sous la ville	Consegna questo messaggio al nostro uomo nella Città Bassa e ti darà la chiave dei tunnel sotto la città.	この手紙を下町の私たちの者に届けてください。彼が街の地下のトンネルへの鍵を渡しますから。	이 편지를 하부 도시에 있는 우리 사람에게 전해 주면, 그는 도시 아래 터널의 열쇠를 줄 거야.	把这封信送到下城区我们的人手里，他会给你通往城市地下隧道的钥匙。	把這封信送到我們在下城區的人手裡，他會給你城下隧道的鑰匙。
hub1_teahouse_2_32	Там можно попасть в Архив.	Dort gelangt man zum Archiv.	You can get to the Archives from there.	Allí puedes acceder a los Archivos.	On peut y accéder aux Archives	Lì puoi accedere agli Archivi.	そこから書庫へ行けるのじゃ。	거기서 기록 보관소에 들어갈 수 있어.	从那里可以进入档案馆。	那裡可以進入檔案館。
hub1_teahouse_2_33	Сделка?	Ein Geschäft?	Deal?	¿Trato hecho?	Marché conclu ?	Affare fatto?	取引じゃな？	거래?	成交？	成交？
hub1_teahouse_2_34	Уговор.	Abgemacht.	Deal.	Trato hecho.	Marché conclu	Affare fatto.	了解だぜ。	약속.	一言为定。	成交。
hub1_teahouse_2_35	Леон, ты с ума сошел? Как ты проберешься через Нижний город?	Leon, bist du verrückt? Wie willst du durch die Unterstadt kommen?	Leon, have you lost your mind? How're you gonna get through the Lower City.	Leon, ¿te has vuelto loco? ¿Cómo vas a cruzar la Ciudad Baja?	Leon, tu es fou ? Comment vas-tu traverser la Ville Basse.	Leon, sei impazzito? Come farai ad attraversare la Città Bassa?	レオン、正気か？下町をどうやって抜けるつもりだ。	레온, 너 미쳤어? 어떻게 하부 도시를 통과할 거야.	莱昂，你疯了吗？你怎么穿过下城区。	雷恩，你瘋了嗎？你要怎麼穿過下城區？
hub1_teahouse_2_36	По крышам.	Über die Dächer.	Over the rooftops.	Por los tejados.	Par les toits.	Sui tetti.	屋根伝いだ。	지붕 위로.	走屋顶。	走屋頂。
hub1_teahouse_2_37	Мне нравится твой настрой.	Ich mag deine Einstellung.	I like your attitude.	Me gusta tu actitud.	J'aime ton attitude	Mi piace il tuo atteggiamento.	その心意気は気に入ったのう。	네 태도가 마음에 드는구나.	我喜欢你的态度。	我喜歡你的態度。
hub1_teahouse_2_38	Я думаю у барахольщика Хадзуо ты найдешь что-нибудь, что поможет тебе в этом пути.	Ich denke, beim Trödler Hazuo findest du etwas, das dir auf diesem Weg helfen wird.	I think you'll find something at Hazuo the junk dealer's that'll help you on your way.	Creo que en la tienda de trastos de Hazuo encontrarás algo que te ayude en tu camino.	Je pense que tu trouveras quelque chose chez le brocanteur Hazuo qui t'aidera sur ce chemin.	Credo che dal rigattiere Hazuo troverai qualcosa che ti aiuterà in questo viaggio.	あの雑貨屋のハズオなら、道中の助けになるものを探せるじゃろう。	잡화점 하즈오에게 가면 네 여정에 도움이 될 만한 걸 찾을 수 있을 거야.	我想在旧货贩子哈祖奥那儿你能找到些对旅途有帮助的东西。	我想你可以在葉月那裡找到一些東西，可以幫助你完成這趟旅程。
hub1_teahouse_2_39	Что именно?	Was genau?	What exactly?	¿El qué?	Quoi exactement ?	Cosa, esattamente?	具体的には？	정확히 뭔데?	具体是什么？	什麼東西？
hub1_teahouse_2_40	Он же барахольщик. Какое-нибудь барахло.	Er ist ein Trödler. Irgendein Trödel.	He's a junk dealer. Some junk.	Es un chatarrero. Algún trasto.	C'est un brocanteur. N'importe quelle babiole.	È un rigattiere. Qualche cianfrusaglia.	彼は雑貨屋じゃ。何かしらの雑貨じゃよ。	잡화점 주인이잖아. 잡동사니 같은 거겠지.	他就是个收破烂的。随便什么破烂玩意儿。	他就是個收破爛的。一些破爛貨。
hub1_teahouse_2_41	Ладно, я загляну к нему.	Na gut, ich schau mal bei ihm vorbei.	Alright, I'll check him out.	Vale, iré a verle.	D'accord, je passerai le voir	Va bene, gli farò visita.	わかった、寄ってみるぜ。	알았어, 그 놈한테 들러볼게.	行吧，我去找他看看。	好吧，我會去看看他。
hub1_scrappy_2_1	А, мои племяннички вернулись!	Ah, meine Neffen sind zurück!	Ah, my nephews are back!	¡Ah, mis sobrinitos han vuelto!	Ah, mes neveux sont de retour !	Ah, i miei nipotini sono tornati!	ああ、我が甥たちが戻ってきたのじゃ！	아, 내 조카들이 돌아왔구나!	啊，我的侄子们回来了！	啊，我的侄子們回來了！
hub1_scrappy_2_2	В поисках знаний, или вас привела нужда?	Auf der Suche nach Wissen, oder hat euch die Not hierhergetrieben?	Seekin' knowledge, or has need brought ya here?	¿En busca de conocimiento, o la necesidad os ha traído?	En quête de savoir, ou le besoin vous a-t-il amenés ?	In cerca di conoscenza, o è la necessità che vi ha portato qui?	知識を求めてか、それとも困窮に導かれてか？	지식을 찾으러 왔느냐, 아니면 궁핍함이 너희를 데려왔느냐?	是来寻求知识，还是迫于需要？	是來尋求知識，還是有什麼需要？
hub1_scrappy_2_3	Нужно что-то, чтобы по крышам пройти.	Wir brauchen etwas, um über die Dächer zu kommen.	We need somethin' to get across the rooftops.	Necesitamos algo para pasar por los tejados.	Il nous faut quelque chose pour passer par les toits.	Ci serve qualcosa per passare sui tetti.	屋根伝いに進むための何かが必要なんです。	지붕을 건너가려면 뭔가 필요해요.	需要点能在屋顶上行走的东西。	我們需要一些東西，好能從屋頂上走過去。
hub1_scrappy_2_4	По крышам, говорите…	Über die Dächer, sagt ihr …	Rooftops, you say…	Por los tejados, decís…	Par les toits, dites-vous…	Sui tetti, dite…	屋根伝い、とおっしゃる…	지붕을 건넌다고…	屋顶行走，你说……	從屋頂上走過去，你說的……
hub1_scrappy_2_5	Ах! Это напоминает мне о мостах из бамбука времён императора Акито!	Ach! Das erinnert mich an die Bambusbrücken aus der Zeit von Kaiser Akito!	Ah! That reminds me of the bamboo bridges from Emperor Akito's time!	¡Ah! ¡Esto me recuerda a los puentes de bambú de la época del emperador Akito!	Ah ! Cela me rappelle les ponts de bambou du temps de l’empereur Akito	Ah! Questo mi ricorda i ponti di bambù dell'epoca dell'imperatore Akito!	あっ！これはアキト帝時代の竹橋を思い出させるわい！	아! 이거야말로 아키토 황제 시대의 대나무 다리를 떠올리게 하는구나!	啊！这让我想起了明人天皇时代的竹桥！	啊！這讓我想起了明人皇帝時代的竹橋！
hub1_scrappy_2_6	Знаете ли вы, что его войска…	Wisst ihr, seine Truppen …	Did you know his troops…	¿Sabéis que sus tropas…	Savez-vous que ses troupes…	Sapete che le sue truppe…	ご存じか、その軍勢は…	그의 군대가…	你们可知道他的军队……	你知道嗎，他的軍隊……
hub1_scrappy_2_7	Ты уверен, что у тебя в лавке вообще есть хоть что-то полезное?	Bist du sicher, dass du überhaupt etwas Nützliches in deinem Laden hast?	You sure you got anything useful in your shop?	¿Estás seguro de que tienes algo útil en tu tienda?	Tu es sûr que tu as quoi que ce soit d’utile dans ta boutique ?	Sei sicuro che nel tuo negozio ci sia qualcosa di utile?	お前の店にマジで役立つもんがあるのか？	너네 가게에 쓸만한 거라도 있는 거 맞아?	你确定你这破店里真有什么有用的东西吗？	你確定你的店裡真的有任何有用的東西嗎？
hub1_scrappy_2_8	Вот, к примеру, веер придворной дамы.	Hier, zum Beispiel, der Fächer einer Hofdame.	Here, for example, a court lady's fan.	Aquí, por ejemplo, el abanico de una dama de la corte.	Tenez, par exemple, un éventail de dame de cour.	Ecco, per esempio, un ventaglio da dama di corte.	例えば、宮廷婦人の扇子じゃ。	예를 들어, 궁중 여인의 부채 말이지.	比如，宫廷仕女的扇子。	例如，這是宮廷女士的扇子。
hub1_scrappy_2_9	Когда она убегала к любовнику, этот звук маскировал её шаги…	Als sie zu ihrem Liebhaber floh, überdeckte dieses Geräusch ihre Schritte …	When she ran off to her lover, this sound masked her footsteps…	Cuando huía con su amante, este sonido enmascaraba sus pasos…	Quand elle s’enfuyait chez son amant, ce son masquait ses pas…	Quando scappava dall'amante, questo suono mascherava i suoi passi…	彼女が恋人のもとへ逃げる時、この音が足音を隠したのじゃ…	그녀가 정부에게로 달아날 때, 이 소리가 그녀의 발소리를 가렸다…	她偷会情郎时，这声响能掩盖她的脚步声……	當她逃去見情人時，這聲音掩蓋了她的腳步聲……
hub1_scrappy_2_10	Может, у тебя есть ещё бамбуковая зубочистка? Тоже пригодится, ага.	Vielleicht hast du ja noch einen Bambus-Zahnstocher? Der wäre auch nützlich, ja.	Maybe you got a bamboo toothpick too? That'd be useful, yeah.	¿Quizás también tengas un palillo de bambú? También me vendría bien, sí.	Peut-être as-tu aussi un cure-dent en bambou ? Ça serait utile aussi, hein.	Magari hai anche uno stuzzicadenti di bambù? Anche quello sarebbe utile, eh.	竹の楊枝とかねえのか？それも役立つぜ、へへ。	대나무 이쑤시개라도 더 있냐? 그것도 쓸모있을 거야, 그래.	要不你再给根竹牙签？肯定也用得上，是吧。	也許你還有竹牙籤？那也會很有用，是吧。
hub1_scrappy_2_11	Хадзуо, может быть, что-то попрактичнее?	Hazuo, vielleicht etwas Praktischeres?	Hazuo, maybe somethin' more practical?	¿Hazuo, quizás algo más práctico?	Hazuo, peut-être quelque chose de plus pratique ?	Hazuo, forse qualcosa di più pratico?	ハズオ、もっと実用的なものはありませんか？	하즈오, 좀 더 실용적인 건 없을까요?	哈祖奥，有没有更实用的东西？	葉月，有沒有更實用的東西？
hub1_scrappy_2_12	А это — маска актёра.	Und das ist die Maske eines Schauspielers.	And this is an actor's mask.	Y esta es la máscara de un actor.	Et ça, c’est un masque d’acteur.	E questa… è la maschera di un attore.	これは役者の面じゃ。	이건 배우 가면이야.	这是演员的面具。	這是演員的面具。
hub1_scrappy_2_13	Один вор использовал её, чтобы стоять неподвижно на площади и притворяться статуей…	Ein Dieb benutzte sie, um unbeweglich auf dem Platz zu stehen und sich als Statue auszugeben …	A thief once used it to stand still in the square and pretend to be a statue…	Un ladrón la usó para quedarse inmóvil en la plaza y hacerse pasar por una estatua…	Un voleur l’a utilisé pour rester immobile sur la place et faire semblant d’être une statue…	Un ladro la usava per stare immobile in piazza e fingersi una statua…	ある泥棒がこれを使って広場にじっと立ち、像のふりをしていたのじゃ…	한 도둑이 이걸 쓰고 광장에 가만히 서서 조각상인 척했지…	有个小偷用它站在广场上一动不动，假装成雕像……	有個小偷用它站在廣場上一動不動，假裝是雕像……
hub1_scrappy_2_14	ВСЁ, ХВАТИТ! Мне не нужна коллекция пиздежа!	ALLES KLAR, GENUG! Ich brauche keine Sammlung von Scheiße!	ALRIGHT, ENOUGH! I don't need a collection of bullshit!	¡YA BASTA! ¡No quiero una colección de gilipolleces!	ÇA SUFFIT ! Je n’ai pas besoin d’une collection de conneries !	BASTA, HO CAPITO! Non mi serve una collezione di cazzate!	もういい、やめろ！くそったれのコレクションなんて要らねえ！	됐어, 그만! 난 개지랄 컬렉션 필요 없거든!	够了！我他妈不需要这些垃圾收藏！	夠了，別再胡說八道了！我不需要一堆廢話！
hub1_scrappy_2_15	О! Инструмент кровельщиков. С его помощью поднимали черепицу!	Oh! Ein Werkzeug für Dachdecker. Damit wurden die Ziegel angehoben!	Oh! A roofer's tool. They used it to lift tiles!	¡Oh! Una herramienta de techadores. ¡Con ella levantaban las tejas!	Oh ! Un outil de couvreur. Il servait à soulever les tuiles !	Oh! Uno strumento da copritetto. Lo usavano per sollevare le tegole!	おお！屋根職人の道具じゃ。これで瓦を持ち上げたのじゃ！	오! 지붕 수리공 도구야. 기와를 올릴 때 쓰던 거지!	哦！瓦匠的工具。用来掀瓦片的！	哦！這是屋頂工的工具。他們用它來搬瓦片！
hub1_scrappy_2_16	Для тебя то, что нужно.	Genau das Richtige für dich.	Just what you need.	Justo lo que necesitas.	C’est exactement ce qu’il te faut.	Per te è quello che ci vuole.	お前にぴったりのものじゃ。	너한테 딱 맞는 물건이야.	正适合你。	這對你來說正合適。
hub1_scrappy_2_17	Наконец-то. Хоть раз твой мусор оказался в тему.	Endlich. Wenigstens einmal war dein Müll nützlich.	Finally. For once your junk's actually useful.	Por fin. Por una vez, tu basura ha sido útil.	Enfin. Pour une fois, tes vieilleries sont utiles.	Finalmente. Per una volta la tua spazzatura è utile.	やっとかよ。お前のガラクタがまさに役立つときも来たわけだな。	드디어. 네 쓰레기가 한 번쯤은 쓸모가 있네.	终于。总算有次你的破烂能派上用场了。	終於。你的垃圾總算派上用場了。
hub1_scrappy_2_18	Спасибо, Хадзуо.	Danke, Hazuo.	Thank you, Hazuo.	Gracias, Hazuo.	Merci, Hazuo.	Grazie, Hazuo.	ありがとう、ハズオ。	고마워요, 하즈오.	谢谢你，哈祖奥。	謝謝你，葉月。
hub1_scrappy_2_19	История всегда знает, когда подоспеть.	Die Geschichte weiß immer, wann sie kommen muss.	History always knows when to arrive.	La historia siempre sabe cuándo llegar.	L’histoire sait toujours quand arriver.	La storia sa sempre quando arrivare.	歴史はいつも時宜を得て現れるものじゃ。	역사는 언제 도움이 필요한지 잘 알고 있지.	历史总是知道何时该登场。	歷史總會知道何時出現。
hub1_fisherman_1_1	Давайте-ка потише. Вы мне всю рыбу распугаете.	Seid mal leiser. Ihr verscheucht mir noch alle Fische.	Let's keep it down. You're gonna scare all my fish away.	Bajad la voz. Vais a espantar a todos mis peces.	Un peu de silence, s’il vous plaît. Vous allez faire fuir tous mes poissons.	Fate un po' meno rumore. Mi spaventate tutti i pesci.	ちょっと静かにしてくれ。魚が全部逃げちまうだろ。	좀 조용히 해. 물고기 다 놀래켜서 도망가겠네.	麻烦安静点。你们把我的鱼都吓跑了。	安靜點。你們會把我的魚都嚇跑的。
hub1_fisherman_1_2	Мужик, мы ни слова не сказали.	Alter, wir haben kein Wort gesagt.	Man, we ain't said a word.	Tío, no hemos dicho ni una palabra.	Mec, on n'a pas dit un mot.	Amico, non abbiamo detto una parola.	おい、俺たち何も言ってないぜ。	야, 우리 아무 말도 안 했어.	哥们，我们一个字都没说。	老兄，我們什麼都沒說啊。
hub1_fisherman_1_3	ТШШШШ! Садитесь и учитесь как надо ловить.	PSCHHHHT! Setz dich und lerne, wie man richtig angelt.	SHHHH! Sit down and learn how to fish.	¡SHHHH! Sentaos y aprended a pescar.	CHUT ! Asseyez-vous et apprenez à pêcher.	SHHHH! Sedetevi e imparate a pescare.	シーッ！ 座って正しい釣り方を学べ。	쉿! 앉아서 제대로 낚시하는 법 배워.	嘘——！坐下好好学怎么钓鱼。	噓——！坐下來，學學怎麼釣魚。
hub1_fisherman_1_4	Вы тут каждый день рыбачите?	Angelt Ihr hier jeden Tag?	Do you fish here every day?	¿Pescáis aquí todos los días?	Vous pêchez ici tous les jours ?	Peschi qui tutti i giorni?	あなたは毎日ここで釣りをするんですか？	여기 매일 낚시하시나요?	你们每天都在这儿钓鱼吗？	你每天都在這裡釣魚嗎？
hub1_fisherman_1_5	Когда рыбачу. Когда сплю. Когда похмелье пережидаю.	Manchmal angle ich. Manchmal schlafe ich. Manchmal warte ich, bis der Kater weg ist.	When I fish. When I sleep. When I'm waitin' out a hangover.	A veces pesco. A veces duermo. A veces espero a que se me pase la resaca.	Quand je pêche. Quand je dors. Quand j'attends que ma gueule de bois passe.	Quando pesco. Quando dormo. Quando aspetto che mi passi la sbornia.	釣ってる時も、寝てる時も、二日酔いの時もな。	낚시할 때도, 잘 때도, 숙취 풀 때도.	有时候钓鱼。有时候睡觉。有时候醒酒。	有時候釣魚。有時候睡覺。有時候等宿醉過去。
hub1_fisherman_1_6	Море любит постоянство.	Das Meer liebt Beständigkeit.	The sea loves consistency.	El mar ama la constancia.	La mer aime la constance.	Il mare ama la costanza.	海は一貫性を好むんだ。	바다는 꾸준함을 좋아한다.	大海喜欢持之以恒的人。	大海喜歡持之以恆。
hub1_fisherman_1_7	Понял. Алкаш с жизненной мудростью.	Verstanden. Ein Säufer mit Lebensweisheit.	Got it. A drunk with life wisdom.	Entendido. Un borracho con sabiduría vital.	Compris. Un poivrot avec la sagesse de la vie.	Capito. Un ubriacone con la saggezza della vita.	わかった。人生の知恵を持った酔っ払いか。	알겠다. 인생 철학 가진 술고래.	懂了。一个满嘴人生哲理的酒鬼。	懂了。一個有生活智慧的酒鬼。
hub1_fisherman_1_8	Я и пьяница и лучший рыбак во всей империи!	Ich bin ein Säufer und der beste Fischer im ganzen Imperium!	I'm a drunk and the best fisherman in the whole damn Empire!	¡Soy un borracho y el mejor pescador de todo el Imperio!	Je suis un ivrogne et le meilleur pêcheur de tout l'Empire !	Sono un ubriacone e il miglior pescatore di tutto l'Impero!	俺は酔っ払いで、かつ帝国一の漁師だ！	난 술고래이자 제국 최고의 낚시꾼이다!	我既是酒鬼也是全帝国最棒的渔夫！	我既是酒鬼，也是全帝國最棒的漁夫！
hub1_fisherman_1_9	И тебя могу научить!	Und ich kann es dir beibringen!	And I can teach you too!	¡Y a ti también puedo enseñarte!	Et je peux t'apprendre !	E posso insegnarti!	お前にも教えてやれるぜ！	너도 가르쳐 줄 수 있어!	还能教你呢！	我也可以教你！
hub1_fisherman_1_10	Пить?	Trinken?	To drink?	¿A beber?	À boire ?	A bere?	飲むことか？	술?	喝酒？	喝酒？
hub1_fisherman_1_11	Ловить рыбу! Приходите в любое время.	Fischen! Komm jederzeit vorbei.	To fish! Come any time.	¡A pescar! Venid cuando queráis.	À pêcher ! Venez quand vous voulez.	A pescare! Venite quando volete.	魚を釣ることだ！ いつでも来いよ。	낚시! 언제든지 와.	钓鱼！随时来找我都行。	釣魚！隨時都可以來。
hub1_fisherman_1_12	Спасибо за приглашение!	Danke für die Einladung!	Thanks for the invitation!	¡Gracias por la invitación!	Merci de l'invitation	Grazie dell'invito!	お招きありがとうございます！	초대해 주셔서 감사합니다!	感谢邀请！	謝謝你的邀請！
hub1_asuna_1_1	Ого, Дзинко и Наг?	Oh, ein Jinko und ein Naga?	Oh, a Jinko and a Naga?	¿Vaya, un Jinko y un Naga?	Oh, un Jinko et un Naga ?	Oh, un Jinko e un Naga?	おや、忍狐とナーガ？	와, 진코랑 나가?	哇哦，忍狐和纳迦？	喔，忍狐和那伽？
hub1_asuna_1_2	Давно не встречала своих, да еще таких симпатичных…	Ich habe schon lange keine meiner Art mehr getroffen, und dann noch so hübsche…	Haven't seen my own kind in a long time, and such handsome ones at that…	Hace mucho que no veía a los míos, y menos tan guapos…	Ça fait longtemps que je n'ai pas rencontré les miens, et si charmants en plus…	È da tanto che non incontro i miei simili, e così carini per giunta…	久しぶりに同族に会えたわ、それもこんなに可愛い子たち…	오랜만에 동족을 만나네, 게다가 이렇게 잘생긴…	好久没遇到同类了，还是这么帅气的……	好久沒見到同類了，而且還這麼可愛……
hub1_asuna_1_3	Кхмх! У вас столько редких трав… Потрясающе.	Ähm! Sie haben so viele seltene Kräuter… Erstaunlich.	Ahem! You have so many rare herbs… Amazing.	¡Mmm! Tenéis tantas hierbas raras… Es increíble.	Hum ! Vous avez tant d'herbes rares… C'est incroyable	Ehm! Hai così tante erbe rare… Incredibile.	くふっ！珍しい薬草がたくさん…素晴らしいですね。	흠흠! 희귀한 약초가 이렇게 많다니... 놀랍네요.	咳咳！您这里有这么多稀有草药……太惊人了。	咳咳！妳有這麼多稀有的藥草……太棒了。
hub1_asuna_1_4	А еще настоек,мазей, ядов… Смотря что именно вам нужно.	Und Tinkturen, Salben, Gifte… Je nachdem, was Sie brauchen.	And tinctures, ointments, poisons… Depends on what you need.	Y también tinturas, ungüentos, venenos… Depende de lo que necesites.	Et aussi des teintures, des onguents, des poisons… Ça dépend de ce dont vous avez besoin.	E anche tinture, unguenti, veleni… Dipende da cosa ti serve.	エキスや軟膏、毒も…何がお求めかによりますけど。	그리고 약초주, 연고, 독약도... 뭐가 필요하신지에 따라 다르죠.	还有药酒、药膏、毒药……看你们具体需要什么。	還有藥酒、藥膏、毒藥……就看你需要什麼了。
hub1_asuna_1_5	Хотя тебе я бы просто посоветовала побольше отдыхать.	Obwohl ich dir einfach raten würde, dich mehr auszuruhen.	Though I'd just advise you to get more rest.	Aunque a ti te aconsejaría que descansaras más.	Mais toi, je te conseillerais juste de te reposer davantage.	Anche se a te consiglierei solo di riposare di più.	でもあなたには、もっと休むことをお勧めするわ。	하지만 너한테는 그냥 푹 쉬라고 조언해 주고 싶어.	不过你嘛，我建议还是多休息比较好。	不過我會建議你多休息。
hub1_asuna_1_6	У тебя сердце слишком быстро бьётся.	Dein Herz schlägt viel zu schnell.	Your heart's beatin' too fast.	Tienes el corazón latiendo demasiado rápido.	Ton cœur bat trop vite.	Il tuo cuore batte troppo forte.	心臓の鼓動が速すぎるの。	심장이 너무 빨리 뛰고 있어.	你心跳太快了。	你的心跳得太快了。
hub1_asuna_1_7	Ч-что?..	W-was?..	W-what?..	¿Q-qué…?	Q-quoi ?..	C-cosa?..	え、えっ？..	뭐, 뭐라고?..	什、什么？..	什、什麼？……
hub1_asuna_1_8	Меня сейчас стошнит.	Mir wird schlecht.	I'm gonna puke.	Ahora mismo voy a vomitar.	Je vais vomir.	Adesso vomito.	俺、今にも吐きそうだぜ。	지금 토할 것 같아.	我要吐了。	我現在想吐。
hub1_asuna_1_9	А ты чего такой колючий?	Und warum bist du so stachelig?	Why're you so prickly?	¿Y tú por qué eres tan arisco?	Et toi, pourquoi es-tu si piquant ?	E tu perché sei così spinoso?	あんた、どうしてそんなにトゲトゲしてるの？	너 왜 이렇게 가시돋쳤어?	你怎么这么戒备？	你為什麼這麼刺頭？
hub1_asuna_1_10	Боишься, что я уведу твоего друга?	Hast du Angst, ich nehme dir deinen Freund weg?	You scared I'm gonna steal your friend?	¿Temes que me lleve a tu amigo?	Tu as peur que je te pique ton ami ?	Hai paura che ti porti via il tuo amico?	私がお前の友達を奪うのが怖いのか？	내가 네 친구를 데려갈까 봐 걱정이야?	怕我把你朋友拐走吗？	你怕我會拐走你的朋友嗎？
hub1_asuna_1_11	Чего?! За языком следи.	Was?! Pass auf, was du sagst.	What?! Watch your mouth.	¡¿Qué?! Cuida tu lengua.	Quoi ?! Surveille ton langage.	Cosa?! Stai attenta a come parli.	なんだと？！口の利き方に気をつけろ。	뭐?! 말조심해.	什么？！管好你的嘴。	什麼？！注意你的言詞。
hub1_asuna_1_12	Милый ребёнок.	Süßes Kind.	Sweet child.	Qué niño más mono.	Cher enfant.	Che bambino carino.	可愛い子ね。	귀여운 꼬맹이.	可爱的小家伙。	可愛的孩子。
hub1_asuna_1_13	Ладно, если понадобятся редкие травы или зелья — вы знаете, где меня искать.	Na gut, wenn ihr seltene Kräuter oder Tränke braucht – ihr wisst, wo ihr mich findet.	Alright, if you need rare herbs or potions—you know where to find me.	Bueno, si necesitáis hierbas raras o pociones, ya sabéis dónde encontrarme.	Bien. Si vous avez besoin d'herbes rares ou de potions, vous savez où me trouver.	Bene, se avete bisogno di erbe o pozioni rare, sapete dove trovarmi.	まあいい、珍しい薬草やポーションが必要なら――どこにいるかはわかってるでしょ。	좋아, 희귀한 약초나 물약이 필요하면 어디서 날 찾을 수 있는지 알지?	好吧，如果需要稀有草药或药剂——你们知道上哪儿找我。	好吧，如果你需要稀有藥草或藥水——你知道在哪裡可以找到我。
hub1_bathman_1_1	ЭЙ ВЫ! Шерстяной! Чешуйчатый! Да-да, я вам!	HEY IHR! Pelzträger! Schuppiger! Ja, genau ihr!	HEY YOU! Furry! Scaly! Yeah, you two!	¡EH, VOSOTROS! ¡El peludo! ¡El escamoso! ¡Sí, sí, a vosotros!	HÉ VOUS ! Le poilu ! L'écailleux ! Oui, oui, c'est à vous que je parle !	EHI VOI! Peloso! Squamoso! Sì, dico a voi!	おいお前ら！毛むくじゃら！鱗野郎！そうそう、お前たちだ！	야 너희! 털복숭아! 비늘돌이! 그래, 너희 말이야!	喂你们！毛茸茸的！带鳞片的！对，就是你们！	嘿！你們！毛茸茸的！鱗片狀的！對對，就是你們！
hub1_bathman_1_2	… Чего ему надо?	… Was will er?	… What's he want?	… ¿Qué quiere de él?	… Qu'est-ce qu'il veut ?	…Cosa vuole?	…あの男、何がしたいんだ？	…쟤 뭘 원하는 거지?	……他想要什么？	……他想幹嘛？
hub1_bathman_1_3	По лицам вижу — мышцы забиты!	Ich sehe es an euren Gesichtern – die Muskeln sind verspannt!	I can see it in your faces—muscles are tight	Por vuestras caras veo que tenéis los músculos agarrotados.	À vos visages, je vois que vos muscles sont noués	Dalle vostre facce vedo che i muscoli sono tesi!	顔を見ればわかる――筋肉が凝り固まってる！	얼굴만 봐도 근육이 뭉쳤어!	看你们脸色就知道——肌肉都僵硬了！	看你們的臉就知道——肌肉僵硬！
hub1_bathman_1_4	Спины деревянные! Душа уставшая!	Steife Rücken! Müde Seelen!	Stiff backs! Weary souls!	¡Espaldas de madera! ¡Almas cansadas!	Le dos raide ! L'âme fatiguée !	Schiena rigida! Anima stanca!	背中がカチコチ！魂が疲れ切ってる！	등이 뻣뻣해! 영혼이 지쳤어!	后背跟木头似的！灵魂都累垮了！	背部僵硬！靈魂疲憊！
hub1_bathman_1_5	Вам срочно нужна баня!	Ihr braucht dringend ein Bad!	You desperately need a bathhouse!	¡Necesitáis un baño urgentemente!	Vous avez un besoin urgent de bains !	Avete un disperato bisogno di un bagno!	緊急で銭湯が必要だ！	너희 둘 급하게 목욕탕 가야 해!	你们急需泡个澡！	你們急需洗個澡！
hub1_bathman_1_6	Вообще-то… звучит не так уж плохо.	Eigentlich… klingt das gar nicht so schlecht.	Actually… that doesn't sound too bad.	La verdad… no suena tan mal.	En fait… ça ne sonne pas si mal.	A dire il vero… non suona così male.	実際…悪くない響きだね。	사실… 그렇게 나쁘게 들리지 않네.	其实……听起来还不赖。	說實話……聽起來還不錯。
hub1_bathman_1_7	Даже не начинай.	Fang gar nicht erst an.	Don't even start.	¡Ni se te ocurra!	Ne commence même pas.	Non ci provare nemmeno.	言うなよ。	시작도 하지 마.	想都别想。	別提了。
hub1_bathman_1_8	Пять минут в пару — как заново родишься!	Fünf Minuten im Dampf – und du bist wie neugeboren!	Five minutes in the steam—you'll be born again!	¡Cinco minutos al vapor y naces de nuevo!	Cinq minutes dans la vapeur, et tu te sentiras renaître !	Cinque minuti di vapore e rinasci!	湯気に5分浸かれば生まれ変わる気分だぜ！	증기탕에서 5분만 있으면 다시 태어난 기분이야!	蒸五分钟就像重获新生！	蒸個五分鐘，你就會脫胎換骨！
hub1_bathman_1_9	Чтобы снова проживать всю эту херь? Ну уж нет!	Um den ganzen Scheiß noch mal zu erleben? Auf keinen Fall!	To go through all that shit again? No way!	¿Para volver a pasar por toda esta mierda? ¡Ni de coña!	Pour revivre toute cette merde ? Ah non, pas question !	Per rivivere tutta questa merda? No, grazie!	またあのクソみたいな目に遭うのか？　まっぴらごめんだぜ！	이런 개잡것을 다시 겪으라고? 절대 안 돼!	再经历一遍这堆破事？门都没有！	又要再經歷一次那種狗屁倒灶的事？才不要！
hub1_bathman_1_10	Это потому что ты ещё нормально не пропотел!	Das liegt daran, dass du noch nicht richtig geschwitzt hast!	That's 'cause you ain't sweated it out proper yet!	¡Eso es porque aún no has sudado lo suficiente!	C'est parce que tu n'as pas encore bien transpiré !	È perché non hai ancora sudato per bene!	お前さん、まだしっかり汗をかいてないからだよ！	아직 땀을 제대로 안 흘려서 그래!	那是因为你还没好好出汗！	那是因為你還沒好好流過汗！
hub1_bathman_1_11	Заходите, бойцы! Сегодня и каждый день банный марафон!	Kommt rein, Kämpfer! Heute und jeden Tag ist Bade-Marathon!	Come on in, fighters! Today and every day, it's a bathhouse marathon!	¡Entrad, luchadores! ¡Hoy y todos los días, maratón de baños!	Entrez, combattants ! Aujourd'hui et tous les jours, c'est marathon du bain !	Avanti, guerrieri! Oggi e ogni giorno, maratona di bagni!	ようこそ、勇士たち！　今日も毎日も銭湯マラソン開催中！	들어오세요, 전사 여러분! 오늘도 매일처럼 목욕 마라톤 시작!	进来吧，战士们！今天和每一天都是泡澡马拉松！	進來吧，戰士們！今天和每天都有澡堂馬拉松！
hub1_fisherman_quest_5_1	Ты можешь поймать еще одного угря?	Kannst du noch einen Aal fangen?	Can you catch another eel?	¿Puedes pescar otra anguila?	Peux-tu attraper une autre anguille ?	Puoi prendere un'altra anguilla?	もう一匹、ウナギを捕まえてくれませんか？	장어 한 마리 더 잡아올 수 있겠어?	你能再钓一条鳗鱼吗？	你還能再抓到一條鰻魚嗎？
hub1_fisherman_quest_5_2	Сам ловить? Ха… нет уж.	Selbst fangen? Ha… nein.	Catch it myself? Ha… no thanks.	¿Pescar yo? Ja… ni hablar.	En pêcher une moi-même ? Ha… non merci.	Pescare da solo? Ah... no.	俺が釣る？　はあ…やめておくぜ。	내가 직접? 하… 절대 안 돼.	自己钓？哈……想得美。	自己抓？哈……才不要。
hub1_fisherman_quest_5_3	Мои руки… для кружки, не для удочки.	Meine Hände… sind für den Krug, nicht für die Angel.	My hands… are for a mug, not a fishing rod.	Mis manos… son para la jarra, no para la caña.	Mes mains… sont faites pour la chope, pas pour la canne à pêche.	Le mie mani... sono per la tazza, non per la canna da pesca.	俺の手は…湯飲み用だ、釣り竿用じゃねえ。	내 손은… 낚싯대가 아니라 술잔을 위한 거야.	我的手……是端酒杯的，不是拿鱼竿的。	我的手……是用來拿酒杯的，不是用來拿釣竿的。
hub1_fisherman_quest_5_4	Но вас научу…	Aber euch bringe ich es bei…	But I'll teach you…	Pero os enseñaré…	Mais je peux vous apprendre…	Ma vi insegnerò…	だが教えてやる…	하지만 가르쳐주지…	但我会教你们……	但我會教你們……
hub1_fisherman_quest_5_5	Так ты пьяный вусмерть.	Du bist doch sturzbetrunken.	You're drunk off your ass.	Estás borracho como una cuba.	Alors tu es ivre mort.	Sei ubriaco fradicio.	てめえ、べろんべろんじゃねえか。	그럼 완전 취했네.	所以你醉得不省人事了。	你醉得一塌糊塗。
hub1_fisherman_quest_5_6	Чему ты вообще можешь научить?	Was kannst du überhaupt lehren?	What can you even teach?	¿Qué puedes enseñar tú, de todos modos?	Qu'est-ce que tu peux bien m'apprendre, toi ?	Cosa puoi insegnare, in fondo?	一体何を教えられるんだ？	넌 대체 뭘 가르칠 수 있다는 거야?	你到底能教我什么？	你到底能教什麼？
hub1_fisherman_quest_5_7	Рыбу не я ловлю.	Den Fisch fange nicht ich.	I don't catch fish.	Yo no pesco.	Ce n'est pas moi qui pêche.	Non sono io a pescare.	魚を釣るのは俺じゃない。	물고기 잡는 건 내가 아니야.	我又不钓鱼。	魚不是我釣的。
hub1_fisherman_quest_5_8	Рыба сама приходит… если правильно позвать.	Der Fisch kommt von selbst … wenn man ihn richtig ruft.	The fish come to me… if you call 'em right.	El pescado viene solo… si lo llamas bien.	Le poisson vient tout seul… si on l'appelle correctement.	Il pesce viene da solo… se lo chiami nel modo giusto.	魚は勝手に来る…正しく呼べばな。	물고기는 제대로 부르면... 저절로 온다.	鱼会自己上钩……只要用对方法。	魚會自己來……只要你叫對了。
hub1_fisherman_quest_5_9	Сушёная лягушка — приманка.	Getrockneter Frosch – der Köder.	Dried frog is bait.	Una rana seca es el cebo.	Une grenouille séchée, c'est l'appât.	Una rana essiccata è l'esca.	干したカエルは餌だ。	말린 개구리는 미끼야.	干青蛙是鱼饵。	乾青蛙是誘餌。
hub1_fisherman_quest_5_10	Бросаешь туда, под корягу.	Du wirfst ihn dorthin, unter die Wurzel.	You throw it there, under the snag.	La tiras ahí, bajo el tronco.	Tu la jettes là, sous la souche.	La lanci lì, sotto il tronco.	あそこへ投げる、流木の下に。	저기, 뿌리 아래에 던지는 거다.	扔到那儿，树根底下。	丟到那邊，樹根下。
hub1_fisherman_quest_5_11	Дёргаешь… три раза. Три. Не два… не пять. Три.	Du zupfst … dreimal. Drei. Nicht zwei … nicht fünf. Drei.	You tug… three times. Three. Not two… not five. Three.	Tiras… tres veces. Tres. Ni dos… ni cinco. Tres.	Tu tires… trois fois. Trois. Pas deux… pas cinq. Trois.	Tiri… tre volte. Tre. Non due… non cinque. Tre.	引っ張る…三回だ。三。二じゃない…五でもない。三。	잡아당겨... 세 번. 셋. 둘도 아니고... 다섯도 아니고. 셋.	拽三下。三下。不能两下……不能五下。三下。	拉……三次。三。不是兩次……也不是五次。三次。
hub1_fisherman_quest_5_12	Может, ещё хором посчитаем? Раз, два, три?	Sollen wir vielleicht im Chor zählen? Eins, zwei, drei?	Maybe we should count together? One, two, three?	¿Quizá deberíamos contar juntos? ¿Uno, dos, tres?	On peut compter en chœur, si tu veux ? Un, deux, trois ?	Magari contiamo in coro? Uno, due, tre?	みんなで数えてみるか？いーち、にーい、さーん？	다 같이 세어볼까? 하나, 둘, 셋?	要不要再一起数数？一、二、三？	也許我們應該一起數？一、二、三？
hub1_fisherman_quest_5_13	Посчитайте. Угрю всё равно…	Zählt. Dem Aal ist es egal …	Count. The eel don't care…	Contad. Al anguila le da igual…	Comptez. L'anguille s'en fout…	Contate pure. All'anguilla non importa…	数えてくれ。ウナギはどうでも…	세어봐. 뱀장어는 상관없어…	你们数吧。鳗鱼反正无所谓……	數吧。鰻魚反正……
hub1_fisherman_quest_5_14	а вам веселее будет.	euch wird es aber mehr Spaß machen.	but you'll have more fun.	y vosotros os divertiréis más.	et vous, ça vous amusera.	e voi vi divertirete di più.	お前らは楽しめるだろ。	너희들은 재미있을 테니까.	你们也能开心点。	你們會更開心。
hub1_fisherman_quest_5_15	Спасибо. Мы попробуем.	Danke. Wir werden es versuchen.	Thank you. We will try.	Gracias. Lo intentaremos.	Merci. Nous allons essayer.	Grazie. Ci proveremo.	ありがとう。やってみます。	고마워요. 우리가 해볼게요.	谢谢。我们试试。	謝謝。我們會試試看。
hub1_fisherman_quest_5_16	Ну… вот. У вас пошло…	Na ja… hier. Es hat bei dir angeschlagen…	Well… there. You got it…	Bueno… ya está. Ya te ha hecho efecto…	Bon… voilà. Ça a marché…	Beh… ecco. Ti è andata…	うーん…ほら。うまくいった…	음… 자. 이제 시작됐네…	嗯……好了。你们开始上钩了……	嗯……好了。你已經……
hub1_fisherman_quest_5_17	Зови, если цунами… а мне надо проспаться…	Ruf, wenn ein Tsunami kommt… ich muss ausschlafen…	Call me if there's a tsunami… I gotta sleep this off…	Llámame si hay un tsunami… que tengo que espabilarme…	Appelle si y a un tsunami… moi, faut que je cuve…	Chiamami se c’è uno tsunami… ora devo dormire…	津波が来たら呼んでくれ…俺は寝てなきゃ…	쓰나미가 오면 불러… 난 자야겠어…	要是海啸来了就叫我……我得睡会儿……	如果海嘯來了就叫我……我得睡一覺……
hub1_fisherman_quest_5_18	Вот охеревший.	Was für ein Arschloch.	What a dick.	¡Qué cabrón!	Quel enfoiré.	Che stronzo.	こいつ、ぶっ飛んでやがる。	씨발 미친놈.	真他妈离谱。	真是個混蛋。
hub1_fisherman_quest_5_19	Зато мы хорошо проведём время.	Dafür werden wir eine gute Zeit haben.	But we'll have a good time.	Pero nos lo pasaremos bien.	Mais nous allons passer un bon moment.	Ma ci divertiremo un mondo.	でも、僕たちは楽しい時間を過ごせるよ。	대신 우리 좋은 시간 보내자.	不过我们会玩得很开心的。	但我們會玩得很開心。
hub1_fisherman_quest_5_20	Ну… посмотрим.	Na ja… mal sehen.	Well… we'll see.	Bueno… ya veremos.	On verra bien…	Beh… vedremo.	まあ…見てみようぜ。	음… 두고 보자.	嗯……走着瞧。	嗯……再看看吧。
hub1_fisherman_quest_6_1	Когда я этого угря выловлю…	Wenn ich diesen Aal fange…	When I catch that eel…	Cuando pesque a esa anguila…	Quand j'aurai pêché cette anguille…	Quando prenderò quell’anguilla…	このウナギを捕まえたら…	이 장어를 잡으면…	等我抓到这条鳗鱼……	等我抓到那條鰻魚……
hub1_fisherman_quest_6_2	я из него всю дурь выбью.	werde ich ihm den ganzen Scheiß austreiben.	I'm gonna beat the shit outta him.	le voy a sacar toda la tontería.	je lui ferai passer l'envie de faire le con.	gli farò passare la voglia di fare lo scemo.	こいつのバカさを叩き出してやる。	미친짓 그만하게 해주지.	非得把它揍得服服帖帖。	我會把牠的蠢勁都打出來。
hub1_fisherman_quest_6_3	Какого черта так долго.	Warum dauert das so lange?	What the hell's takin' so long.	¿Por qué tarda tanto, joder?	Pourquoi ça prend autant de temps, bordel.	Che cazzo ci vuole tanto.	なんでこんなに時間かかるんだよ。	뭐 때문에 이렇게 오래 걸려.	他妈怎么这么久。	搞什麼鬼，這麼久。
hub1_fisherman_quest_6_4	В тебе так много экспрессии!	Du hast so viel Ausdruck!	You have so much expression!	¡Tienes tanta expresividad!	Tu as tellement d'expression !	Hai così tanta espressività!	君はすごく表現力が豊かだね！	너 참 표현력이 풍부하구나!	你真是充满激情！	你真是充滿了表現力！
hub1_fisherman_quest_6_5	Я никогда не встречал никого подобного.	Ich habe noch nie jemanden wie dich getroffen.	I've never met anyone like you.	Nunca he conocido a nadie como tú.	Je n'ai jamais rencontré quelqu'un comme toi.	Non ho mai incontrato nessuno come te.	こんな人、今まで会ったことないよ。	너 같은 놈은 처음 봐.	我从没见过像你这样的人。	我從未見過像你這樣的人。
hub1_fisherman_quest_6_6	Так, я не понял.	Moment, das hab ich nicht verstanden.	Hold on, I don't get it.	A ver, no lo he pillado.	Alors, j'ai pas compris.	Allora, non ho capito.	ちょっと、わかんねえぜ。	야, 나 이해 못했어.	等等，我没搞懂。	等等，我沒聽懂。
hub1_fisherman_quest_6_7	Ты меня типа унизил или мне показалось?	Hast du mich gerade gedemütigt oder bilde ich mir das ein?	Were you tryin' to insult me or somethin'?	¿Me has humillado o me lo ha parecido?	Tu m'as humilié ou c'est moi qui me suis fait des idées ?	Mi hai umiliato o mi è sembrato?	てめえ、俺をバカにしてんのか？それとも気のせいか？	너 지금 나 무시한 거야, 아님 내 착각이야?	你是在羞辱我还是我多心了？	你是想羞辱我，還是我聽錯了？
hub1_fisherman_quest_6_8	Нет, нет, нет! У тебя очень необычная речь.	Nein, nein, nein! Du hast eine sehr ungewöhnliche Art zu sprechen.	No, no, no! Your speech is very unusual.	¡No, no, no! Tienes una forma de hablar muy peculiar.	Non, non, non ! Tu as une façon de parler très particulière.	No, no, no! Hai un modo di parlare molto insolito.	いやいやいや！君の話し方はとても独特だよ。	아니, 아니, 아니! 네 말투가 아주 독특하구나.	不，不，不！你的说话方式很特别。	不，不，不！你的說話方式很特別。
hub1_fisherman_quest_6_9	Ты рубишь с плеча…	Du redest frei von der Leber weg…	You speak bluntly…	Eres directo…	Tu vas droit au but…	Vai dritto al punto…	君はぶっきらぼうで…	넌 무턱대고 덤비지만…	你说话很直率……	你說話很直接……
hub1_fisherman_quest_6_10	но всегда своими словами попадаешь прямо в суть.	aber deine Worte treffen immer genau den Kern.	but your words always hit the mark.	pero siempre das en el clavo con tus palabras.	mais tes mots touchent toujours juste.	ma con le tue parole cogli sempre l'essenza.	でもいつも言葉の核心を突いてくる。	항상 네 말로 핵심을 정확히 찌르더라.	但总能一针见血。	但你的話語總是直指核心。
hub1_fisherman_quest_6_11	В твоей деревне все так общаются?	Reden in deinem Dorf alle so?	Does everyone in your village talk like that?	¿En tu aldea todo el mundo se comunica así?	Dans ton village, tout le monde parle comme ça ?	Nel tuo villaggio tutti parlano così?	君の村のみんなもそうやって話すの？	네 동네 사람들도 다 그렇게 말하니?	你们村里的人都这么说话吗？	你們村子裡的人都這樣說話嗎？
hub1_fisherman_quest_6_12	Такие же эмоциональные?	Sind alle so emotional?	Are they all so emotional?	¿Son igual de emocionales?	Aussi émotif ?	Sono tutti così emotivi?	みんな同じように感情的なの？	다 그렇게 감정적이니?	也都这么情绪化？	都這麼情緒化嗎？
hub1_fisherman_quest_6_13	А, ты про это.	Ach, das meinst du.	Oh, you mean that.	Ah, te refieres a eso.	Ah, tu parles de ça.	Ah, parli di questo.	ああ、それか。	아, 그거 말이지.	啊，你说这个。	啊，你說這個啊。
hub1_fisherman_quest_6_14	Этот базар мне достался от мразей, у которых я провел всю свою жизнь.	Diese Scheiß-Art zu reden hab ich von den Abschaum-Leuten, bei denen ich mein ganzes Leben verbracht hab.	I picked up this way of talkin' from the scum I spent my whole life with	Esta forma de hablar la he pillado de la escoria con la que he pasado toda mi vida.	Ce langage, je l'ai appris des ordures avec qui j'ai passé toute ma vie	Questo modo di parlare l'ho imparato dalle bastarde con cui ho passato tutta la mia vita.	この口の利き方は、俺が一生を過ごしたクソ野郎どもから覚えたんだ。	이 말투는 내 평생을 함께 보낸 쓰레기들한테서 물려받은 거야.	这口条是跟我伺候了一辈子的那群杂碎学的。	我這說話方式是跟那些我待了一輩子的人渣學來的。
hub1_fisherman_quest_6_15	А как было в моей родной деревне… я уже плохо помню.	Und wie es in meinem Heimatdorf war… daran erinnere ich mich kaum noch.	And what it was like in my home village… I barely remember anymore.	Y cómo era en mi aldea natal… ya no me acuerdo bien.	Et comment c'était dans mon village natal… je m'en souviens à peine.	E com'era nel mio villaggio natale… non me lo ricordo più bene.	俺の故郷の村がどうだったか…もうよく覚えてないぜ。	우리 고향 동네가 어땠는지는… 이제 잘 기억이 안 나.	至于我老家村里什么样……已经记不清了。	至於我老家村子裡是怎樣……我已經記不太清了。
hub1_fisherman_quest_6_16	Совсем ничего?	Gar nichts?	Absolutely nothing?	¿Absolutamente nada?	Vraiment rien du tout ?	Proprio niente?	まったく何も？	아무것도 기억 안 나?	一点都没有吗？	真的什麼都沒有嗎？
hub1_fisherman_quest_6_17	Я помню сестру, как она мне лепила онигири…	Ich erinnere mich an meine Schwester, wie sie Onigiri für mich gemacht hat…	I remember my sister, how she used to make me onigiri…	Recuerdo a mi hermana, cómo me preparaba onigiri…	Je me souviens de ma sœur, elle me préparait des onigiri…	Ricordo mia sorella, come mi preparava gli onigiri…	姉がおにぎりを握ってくれたのを覚えてる…	누나가 어떻게 주먹밥을 빚어주던 게 기억나…	我还记得姐姐给我捏饭团的样子……	我記得我姊姊，她會幫我做飯糰……
hub1_fisherman_quest_6_18	как она заставляла убираться в нашей хижине	wie sie mich gezwungen hat, unsere Hütte aufzuräumen	how she made me clean our hut	cómo me obligaba a limpiar nuestra cabaña	elle me forçait à nettoyer notre cabane	come mi costringeva a pulire la nostra capanna	小屋の掃除をしろってうるさく言ってたこと	우리 오두막 치우라고 자꾸 혼내던 것도	她总逼着我在我们的小屋里打扫	她會逼我打掃我們的茅屋
hub1_fisherman_quest_6_19	постоянно играла со мной и шутила.	ständig mit mir gespielt und Witze gemacht hat.	always played with me and joked around.	siempre jugaba conmigo y bromeaba.	elle jouait et plaisantait toujours avec moi.	giocava sempre con me e scherzava.	いつも一緒に遊んで冗談を言ってた	항상 같이 놀아주고 장난치던 것도.	一直陪我玩耍开玩笑。	她總是跟我玩，跟我開玩笑。
hub1_fisherman_quest_6_20	Смешила меня. Мне казалось, что все будет хорошо.	Sie hat mich zum Lachen gebracht. Ich dachte, alles würde gut werden.	Made me laugh. I thought everything would be fine.	Me hacía reír. Pensaba que todo iría bien.	Elle me faisait rire. Je pensais que tout irait bien.	Mi faceva ridere. Pensavo che tutto sarebbe andato bene.	俺を笑わせてくれた。全部うまくいくって思えてた	날 웃겨줬지. 그땐 모든 게 괜찮을 거라 생각했어.	逗我笑。我以为一切都会好起来的。	她逗我笑。我以為一切都會好起來的。
hub1_fisherman_quest_6_21	Ну… рядом с ней - всегда так было.	Nun ja… mit ihr zusammen war es immer so.	Well… with her around, it always was.	Bueno… a su lado, siempre fue así.	Enfin… avec elle, ça a toujours été comme ça.	Beh… con lei era sempre così.	まあ…姉の側にいるときは、いつもそうだった	음… 그녀랑 있으면 항상 그랬지.	嗯…在她身边——总是这样的。	嗯……在她身邊——一直都是這樣。
hub1_fisherman_quest_6_22	Мне так жаль это слышать.	Das tut mir leid zu hören.	I'm so sorry to hear that.	Siento mucho oír eso.	Je suis désolé d'entendre ça.	Mi dispiace tanto sentirlo.	お気の毒に	그런 말 듣고 보니 정말 안됐구나.	听到这些我很难过。	聽到這些我很難過。
hub1_fisherman_quest_6_23	Тебе наверное пришлось тяжело.	Du musst es schwer gehabt haben.	You must've had a hard time.	Debió ser duro para ti.	Tu as dû traverser des moments difficiles.	Devi aver passato dei momenti difficili.	きっと大変だったでしょう	힘들었겠다.	你一定过得很辛苦吧。	你一定很辛苦吧。
hub1_fisherman_quest_6_24	Но хорошо, что у тебя есть эти воспоминания о сестре.	Aber es ist gut, dass du diese Erinnerungen an deine Schwester hast.	But it's good that you have these memories of your sister.	Pero es bueno que tengas esos recuerdos de tu hermana.	Mais c'est bien que tu aies ces souvenirs de ta sœur.	Ma è un bene che tu abbia questi ricordi di tua sorella.	でも、姉さんの思い出があるのは良いことです	그래도 누나에 대한 기억이 남아있어서 다행이야.	但幸好你还保留着关于姐姐的这些回忆。	但很高興你還有這些關於姊姊的回憶。
hub1_fisherman_quest_6_25	Они как светлячки в ночи - выведут тебя на верный путь.	Sie sind wie Glühwürmchen in der Nacht – sie werden dich auf den richtigen Weg führen.	They're like fireflies in the night—they'll lead you on the right path	Son como luciérnagas en la noche, te guiarán por el camino correcto.	Ils sont comme des lucioles dans la nuit, ils te guideront sur le bon chemin	Sono come lucciole nella notte: ti guideranno sulla strada giusta.	夜の蛍のように、正しい道へ導いてくれますよ	밤속의 반딧불이처럼 널 바른 길로 이끌어 줄 거야.	它们就像夜里的萤火虫——会指引你走上正确的道路。	它們就像夜晚的螢火蟲——會引導你走向正確的道路。
hub1_fisherman_quest_6_26	…	…	…	…	…	…	…	…	……	……
hub1_fisherman_quest_6_27	Слышь?	Hör mal?	Hey,	¿Oye?	Tu piges ?	Senti?	おい？	야!	听见没？	喂？
hub1_fisherman_quest_6_28	Этим задротским словечкам тебя твои родители чудилы научили?	Haben dir deine Freak-Eltern diese Nerd-Wörter beigebracht?	Did your freak parents teach you all them nerdy words?	¿Esas palabrejas de friki te las enseñaron tus padres, los raritos?	C’est tes parents, ces cinglés, qui t’ont appris ces mots de merde de geek ?	Ti hanno insegnato queste parole da sfigato i tuoi genitori, quei mostri?	そういうオタク言葉、親のクソ蜘蛛に教わったのか？	이런 씹덕스러운 말들은 니 부모님 괴물들이 가르쳐 줬냐?	这些书呆子词儿是你那怪胎爹妈教的？	你那些書呆子詞彙，是你那對怪胎父母教你的嗎？
hub1_fisherman_quest_6_29	Ну… да.	Nun… ja.	Well… yes.	Bueno… sí.	Eh bien… oui	Beh… sì.	ええ…そうです。	음… 네.	呃……是的。	嗯……是的。
hub1_fisherman_quest_6_30	Наги редко выбирают стезю воина…	Nagas wählen selten den Weg des Kriegers…	Nagas rarely choose the path of a warrior…	Los Nagas rara vez eligen el camino del guerrero…	Les Nagas choisissent rarement la voie du guerrier…	I Naga raramente scelgono la via del guerriero…	ナーガが戦士の道を選ぶことは稀で…	나가들은 전사 길을 잘 선택하지 않아요…	纳迦很少选择战士之路……	那伽族很少選擇成為戰士……
hub1_fisherman_quest_6_31	большинство из нас становятся врачевателями, счетоводами, поэтами,	Die meisten von uns werden Heiler, Buchhalter, Dichter,	most of us become healers, accountants, poets,	la mayoría de nosotros nos convertimos en sanadores, contables, poetas,	La plupart d’entre nous deviennent guérisseurs, comptables, poètes,	la maggior parte di noi diventa guaritore, contabile, poeta,	ほとんどの者は癒し手や会計士、詩人になります。	대부분은 의사, 회계사, 시인이 되거나,	我们大多会成为医者、账房先生、诗人，	我們大多數人成為了治療師、會計師、詩人，
hub1_fisherman_quest_6_32	некоторые становятся историками.	einige werden Historiker.	some become historians.	algunos se hacen historiadores.	certains deviennent historiens.	alcuni diventano storici.	中には歴史家になる者もいます。	일부는 역사가가 돼요.	有些人会成为历史学家。	有些人成為了歷史學家。
hub1_fisherman_quest_6_33	Я даже встречал парочку адвокатов.	Ich habe sogar ein paar Anwälte getroffen.	I've even met a couple of lawyers.	Incluso conocí a un par de abogados.	J’ai même rencontré quelques avocats	Ho persino incontrato un paio di avvocati.	弁護士にだって二人ほど会ったことがあります。	변호사도 몇 명 봤어요.	我甚至还见过几个当律师的。	我甚至遇到過幾個律師。
hub1_fisherman_quest_6_34	Поэтому мои родители с детства обучали меня грамоте.	Deshalb haben meine Eltern mir von Kindheit an das Lesen und Schreiben beigebracht.	That's why my parents taught me literacy from childhood.	Por eso mis padres me enseñaron a leer y escribir desde pequeño.	C’est pourquoi mes parents m’ont appris à lire et à écrire dès mon enfance.	Per questo i miei genitori mi hanno insegnato a leggere e scrivere fin da piccolo.	ですから両親は幼い頃から私に読み書きを教えました。	그래서 부모님께서 어릴 때부터 글을 가르쳐 주셨어요.	所以我父母从小教我识字。	所以我的父母從小就教我讀寫。
hub1_fisherman_quest_6_35	ОК, лучше бы я не спрашивал.	Okay, ich hätte besser nicht gefragt.	OK, I wish I hadn't asked.	Vale, mejor no haber preguntado.	OK, j’aurais préféré ne pas demander	OK, avrei preferito non chiedere.	OK、聞かなきゃよかったぜ。	좋아, 물어보지 말 걸 그랬어.	行吧，我就不该问。	好吧，我真不該問的。
hub1_fisherman_quest_6_36	Все про тебя понятно, чудила.	Ich verstehe dich vollkommen, du Spinner.	I get you, weirdo.	Ya lo tengo todo claro contigo, bicho raro.	Je vois clair en toi, l'original.	Ho capito tutto di te, strano.	お前のこと、よくわかったぜ、変なやつ。	너에 대해서 다 알겠어, 괴짜야.	你是什么货色我算看透了，怪胎。	我算是看清你了，你這怪胎。
hub1_fisherman_quest_6_37	Что бы сказали твои родители, увидев тебя с таким как я?	Was würden deine Eltern sagen, wenn sie dich mit so einem wie mir sehen würden?	What would your parents say, seein' you with someone like me	¿Qué dirían tus padres si te vieran con alguien como yo?	Qu'auraient dit tes parents en te voyant avec quelqu'un comme moi	Cosa direbbero i tuoi genitori, vedendoti con uno come me.	お前の親父さんや親母さんが、俺みたいな奴とお前が一緒にいるのを見たら何て言うか。	네 부모님이 나 같은 놈과 함께 있는 널 보면 뭐라고 할까.	你父母要是看见你跟我这种货色混在一起会怎么说。	你爸媽要是看到你跟我這種人在一起，會說什麼？
hub1_fisherman_quest_6_38	Ловящим сранного угря посреди самого вонючего уголка Столицы? А?	Wie du einen verdammten Aal mitten im stinkendsten Winkel der Hauptstadt fängst? Hm?	Catchin' a shitty eel in the stinkiest corner of the capital? Huh?	¿Pescando una anguila de mierda en el rincón más apestoso de la Capital? ¿Eh?	À pêcher une putain d'anguille au milieu du coin le plus puant de la Capitale ? Hein ?	A pescare una fottuta anguilla nel posto più puzzolente della Capitale? Eh?	首都で一番臭い場所の真ん中で、くそったれのウナギを釣ってるのを見たら？な？	수도에서 가장 구린 구석에서 빌어먹을 장어나 잡고 있다고? 어?	在这帝都最臭的角落里钓他妈什么鳗鱼？嗯？	在首都最臭的角落抓著一條該死的鰻魚？嗯？
hub1_fisherman_quest_6_39	Ничего.	Nichts.	Nothing.	Nada.	Rien.	Niente.	何も。	아무것도.	他们不会说什么。	什麼都不會說。
hub1_fisherman_quest_6_40	Почему?	Warum?	Why?	¿Por qué?	Pourquoi ?	Perché?	なぜだ？	왜?	为什么？	為什麼？
hub1_fisherman_quest_6_41	Когда в нашу деревню пришли рабовладельцы…	Als die Sklavenhändler in unser Dorf kamen…	When the slavers came to our village…	Cuando los esclavistas llegaron a nuestra aldea…	Quand les esclavagistes sont arrivés dans notre village…	Quando gli schiavisti sono venuti nel nostro villaggio…	奴隷商人が僕たちの村に来た時…	노예상들이 우리 마을에 왔을 때…	当初奴隶贩子闯进我们村子时……	當奴隸販子來到我們村莊時……
hub1_fisherman_quest_6_42	мама и папа не захотели отдавать меня.	wollten Mama und Papa mich nicht hergeben.	Mom and Dad didn't want to give me up	mamá y papá no quisieron entregarme.	maman et papa n'ont pas voulu me laisser partir	mamma e papà non hanno voluto darmi via.	母さんも父さんも、僕を引き渡そうとしなかった。	엄마와 아빠는 날 내주길 원치 않았어.	爸爸妈妈不愿把我交出去。	我爸媽不願意把我交出去。
hub1_fisherman_quest_6_43	Их больше нет.	Sie sind nicht mehr da.	They are no longer with us.	Ya no están.	Ils ne sont plus là.	Non ci sono più.	彼らはもういない。	그분들은 이제 없어.	他们都不在了。	他們已經不在了。
hub1_fisherman_quest_6_44	Оу. Я немного перегнул. Извини.	Oh. Ich bin etwas zu weit gegangen. Entschuldige.	Oh. I went a little too far. Sorry.	Oh. Me he pasado un poco. Lo siento.	Oh. J'ai un peu dépassé les bornes. Désolé.	Oh. Ho esagerato un po'. Scusa.	おっと。言い過ぎた。悪かった。	아. 좀 지나쳤네. 미안.	呃。我说过头了。对不起。	喔。我說得有點過分了。抱歉。
hub1_fisherman_quest_6_45	Я так рад, что мы узнали друг друга лучше!	Ich bin so froh, dass wir uns besser kennengelernt haben!	I am so glad we got to know each other better!	¡Me alegro mucho de que nos hayamos conocido mejor!	Je suis si content que nous ayons appris à mieux nous connaître !	Sono così contento che ci siamo conosciuti meglio!	お互いをより深く知ることができて、本当に嬉しいよ！	서로를 더 잘 알게 되어서 정말 기뻐!	能更深入了解彼此我真是太高兴了！	我很高興我們更了解彼此了！
hub1_fisherman_quest_6_46	Мда, чувствую что ты от меня не отвалишь.	Tja, ich spüre, dass du mich nicht in Ruhe lassen wirst.	Well, I guess you ain't gonna leave me alone.	Mmm, veo que no te vas a despegar de mí.	Pfff, je sens que tu ne vas pas me lâcher	Mmh, sento che non mi mollerai.	ふん、てめえは俺から離れそうにないな。	흠, 넌 나한테서 떨어지지 않을 것 같아.	啧，感觉你是甩不掉我了。	嗯，我感覺你不會離開我了。
hub1_fisherman_quest_6_47	ЕПТ, УГОРЬ! НАКАНЕЦТА!	VERDAMMT, AAL! ENDLICH!	FUCK, AN EEL! FINALLY!	¡JODER, LA ANGUILA! ¡POR FIN!	PUTAIN, L'ANGUILLE ! ENFIN	CAZZO, ANGUILLA! FINALMENTE!	くそっ、ウナギ！　やっと捕まったぜ！	씨발, 장어다! 드디어!	操！鳗鱼！终于搞到了！	他媽的，鰻魚！終於找到了！
hub1_fisherman_quest_6_48	Ура! Мы сделали это!	Hurra! Wir haben es geschafft!	Hooray! We did it!	¡Hurra! ¡Lo hemos conseguido!	Hourra ! Nous l'avons fait !	Evviva! Ce l'abbiamo fatta!	やった！　私たち、やりましたね！	야호! 우리가 해냈어!	太好了！我们做到了！	太棒了！我們做到了！
hub1_fisherman_quest_7_1	О! Нефритовый угорь!	Oh! Ein Jadeaal!	Oh! A jade eel!	¡Oh! ¡Una anguila de jade!	Oh ! Une anguille de jade !	Oh! Un’anguilla di giada!	おお！　翡翠のウナギ！	오! 옥 같은 장어!	哦！玉鳗！	喔！玉鰻！
hub1_fisherman_quest_7_2	Спасибо вам, ребята.	Danke euch, Jungs.	Thank you, guys.	Gracias, chicos.	Merci, les gars	Grazie, ragazzi.	ありがとう、若い衆。	고마워요, 여러분.	谢谢你们，小伙子们。	謝謝你們，孩子們。
hub1_fisherman_quest_7_3	Надеюсь, моя просьба не доставила слишком много хлопот?	Ich hoffe, meine Bitte hat nicht zu viele Umstände gemacht?	I hope my request didn't cause too much trouble?	¿Espero que mi petición no os haya causado demasiados problemas?	J'espère que ma demande ne vous a pas causé trop de soucis ?	Spero che la mia richiesta non vi abbia causato troppi problemi?	わしの願いで、ずいぶん手間を取らせなかったか？	제 부탁이 너무 번거롭지 않았나요?	希望我的请求没给你们添太多麻烦吧？	希望我的請求沒有給你們帶來太多麻煩？
hub1_fisherman_quest_7_4	Что вы! Совсем нет. Мы были рады помочь.	Ach was! Überhaupt nicht. Wir haben gern geholfen.	Not at all! We were glad to help.	¡Qué va! Para nada. Nos ha encantado ayudar.	Mais non ! Pas du tout. Nous étions ravis de vous aider.	Ma che dice! Affatto. Siamo stati felici di aiutare.	とんでもない！　全然です。お手伝いできて嬉しいです。	뭘요! 전혀요. 도울 수 있어서 기뻤어요.	哪儿的话！一点都没有。我们很乐意帮忙。	哪裡的話！一點也不。我們很高興能幫忙。
hub1_fisherman_quest_7_5	Ты нас отправил к рыбаку. А его нет, он бухой!	Du hast uns zum Fischer geschickt. Aber er ist nicht da, er ist besoffen!	You sent us to the fisherman. And he ain't there, he's drunk!	Nos enviaste al pescador. ¡Y no estaba, estaba borracho!	Tu nous as envoyés chez le pêcheur. Mais il n'est pas là, il est bourré	Ci hai mandato dal pescatore. Ma non c'è, è ubriaco!	お前さん、俺たちを漁師のところへ行かせたが、あいつはいない、酔っぱらってやがる！	너는 우리를 낚시꾼한테 보냈어. 근데 걔 없더라, 술 취했어!	你让我们去找渔夫。结果他不在，喝得烂醉！	你把我們送到漁夫那裡。但他不在，他喝醉了！
hub1_fisherman_quest_7_6	И мы пошли в баню.	Und wir sind ins Bad gegangen.	So we went to the bathhouse.	Y fuimos a los baños.	Et nous sommes allés aux bains	E siamo andati ai bagni.	それで銭湯に行ったんだ。	그래서 우리는 목욕탕에 갔지.	然后我们去了澡堂。	然後我們去了澡堂。
hub1_fisherman_quest_7_7	Банщик отправил к травнице, потом обратно в баню,	Der Bademeister schickte uns zur Kräuterfrau, dann zurück ins Bad,	The bathhouse attendant sent us to the herbalist, then back to the bathhouse,	El encargado de los baños nos envió a la herborista, luego de vuelta a los baños,	Le baigneur nous a envoyés chez l'herboriste, puis de nouveau aux bains,	Il bagnino ci ha mandato dall'erborista, poi di nuovo ai bagni,	番台が薬売りのところへ行けと言うから、また銭湯に戻って、	목욕탕 주인은 약초사한테 보냈고, 다시 목욕탕으로,	澡堂伙计让我们去找药贩子，然后又回澡堂，	澡堂老闆把我們送到藥草師那裡，然後又回到澡堂，
hub1_fisherman_quest_7_8	потом поперлись к гейшам, потом к барахольщику!	dann zu den Geishas, dann zum Trödler!	then we went to the geishas, then to the junk dealer!	luego se fueron con las geishas, ¡y luego con el chatarrero!	puis on est allés voir les geishas, puis le brocanteur !	poi siamo andati dalle geisha, poi dal rigattiere!	それから芸者どものところに行って、それから古物商のところに行ったぜ！	그 다음엔 게이샤들한테 쳐들어갔다가, 그 다음엔 잡화점 주인한테 갔지!	然后我们他妈去了艺伎那儿，又去了收破烂的那儿！	然後就去找藝伎，接著又去找那個收破爛的！
hub1_fisherman_quest_7_9	И в итоге сами выловили эту сраную рыбу!	Und am Ende haben wir diesen Scheißfisch selbst gefangen!	And in the end, we caught that damn fish ourselves!	¡Y al final pescamos nosotros mismos ese puto pez!	Et au final, on a pêché nous-mêmes ce putain de poisson !	E alla fine abbiamo pescato noi stessi quel cazzo di pesce!	結局あのクソ魚は自分たちで釣り上げちまった！	그러다가 결국 우리가 그 빌어먹을 물고기를 직접 잡았어!	结果我们自己钓到了这操蛋的鱼！	結果我們自己釣到了那條該死的魚！
hub1_fisherman_quest_7_10	Так что да. Было пиздец как несложно.	Also ja. Es war verdammt einfach.	So yeah. It was fuckin' easy.	Así que sí. Fue jodidamente fácil.	Alors oui. C'était putain de facile.	Quindi sì. È stato fottutamente facile.	だからな。めちゃくちゃ簡単だったぜ。	그래서 말이야. 존나게 쉬웠어.	所以没错。简直他妈简单得要命。	所以說，這他媽的根本不難。
hub1_fisherman_quest_7_11	Леон…	Leon…	Leon…	Leon…	Leon…	Leon…	レオン…	레온…	莱昂……	雷恩……
hub1_fisherman_quest_7_12	Эм… Ну…	Ähm… Nun…	Um… Well…	Ejem… Bueno…	Euh… Eh bien…	Ehm… Beh…	えっと…まあ…	음… 뭐…	呃……那个……	嗯……這個嘛……
hub1_fisherman_quest_7_13	В таком случае следующий рамен за мой счёт.	In diesem Fall geht der nächste Ramen auf mich.	In that case, the next ramen's on me.	En ese caso, el próximo ramen corre de mi cuenta.	Dans ce cas, le prochain ramen est pour ma pomme.	In tal caso, il prossimo ramen lo offro io.	それじゃ次のラーメンは俺のおごりだ。	그렇다면 다음 라멘은 내가 쏜다.	这样的话，下一碗拉面我请客。	既然如此，下一碗拉麵算我的。
