вопрос,ключ,язык,сейчас_в_weblate,в_master,в_ветке,что_предлагаем,решение
"А. Хэллоуин: RU в Weblate отличается от master (в ветке 2026-09-22_halloween другой текст, чем в Weblate)",ability_description_ap_fire_trail_shot,ru,"После трёх успешных атак выпускает пламя, поджигающее все цели на линии атаки на 5 сек.
Если огонь не потух в течени 2х секунд, он начинает распространяться на соседние клетки.
Урон команде: {0}/с
Урон кораблю: {1}/с","После трёх успешных атак выпускает пламя, поджигающее все цели на линии атаки на 5 сек.
Если огонь не потух в течение 2х секунд, он начинает распространяться на соседние клетки.
Урон команде: {0}/с
Урон кораблю: {1}/с","После трёх успешных атак выпускает пламя, поджигающее все цели на линии атаки на 5 сек.
Если огонь не потух в течение 2х секунд, он начинает распространяться на соседние клетки.
Урон команде: {0}/с
Урон кораблю: {1}/с",Не трогали. Решить: оставить текст Weblate до слияния ветки в master или вернуть текст master,"Применено: master (исправление опечатки, не Хэллоуин) 2026-10-06"
А. Хэллоуин: RU в Weblate отличается от master и совпадает с экспериментальной веткой 2026-09-22_halloween,bp_captain_announcement_description,ru,"Поселение Малики Деломбр погибает от загадочной болезни! Добывай печати, запусти ритуал и спаси жителей болот. В награду заслужишь доверие Малики!","Слухи не врали! В наши воды прибыла мрачная Ленор де Гласваль.
Собери её запечатанные души, и ты получишь достойную награду и верность нового капитана.","Поселение Малики Деломбр погибает от загадочной болезни! Добывай печати, запусти ритуал и спаси жителей болот. В награду заслужишь доверие Малики!",Не трогали. Решить: оставить текст Weblate до слияния ветки в master или вернуть текст master,"Ждём ответа команды: Хэллоуин выходит - оставляем Weblate, нет - master"
"А. Хэллоуин: RU в Weblate отличается от master (в ветке 2026-09-22_halloween другой текст, чем в Weblate)",bp_captain_end_text,ru,Событие открытия капитана Ленор де Гласваль завершен. Теперь её карточки можно найти в поиске капитанов.,Событие открытия капитана Ленор де Гласваль завершено. Теперь её карточки можно найти в поиске капитанов.,Событие открытия капитана Ленор де Гласваль завершено. Теперь её карточки можно найти в поиске капитанов.,Не трогали. Решить: оставить текст Weblate до слияния ветки в master или вернуть текст master,"Применено: master (исправление опечатки, не Хэллоуин) 2026-10-06"
А. Хэллоуин: RU в Weblate отличается от master и совпадает с экспериментальной веткой 2026-09-22_halloween,dialog_name_halloween_shop,ru,Магазин призраков,Магазин,Магазин призраков,Не трогали. Решить: оставить текст Weblate до слияния ветки в master или вернуть текст master,"Ждём ответа команды: Хэллоуин выходит - оставляем Weblate, нет - master"
А. Хэллоуин: RU в Weblate отличается от master и совпадает с экспериментальной веткой 2026-09-22_halloween,halloween_convoy_attack_event_announcement_description_1,ru,Загадочная болезнь охватила почти всё поселение Малики Деломбр! Только ритуал  способен спасти жителей.,"Призрачный фрегат «Чёрная Луна» тащит целый трюм сокровищ, проклятого так, что звенит лишь для мёртвых.",Загадочная болезнь охватила почти всё поселение Малики Деломбр! Только ритуал  способен спасти жителей.,Не трогали. Решить: оставить текст Weblate до слияния ветки в master или вернуть текст master,"Ждём ответа команды: Хэллоуин выходит - оставляем Weblate, нет - master"
А. Хэллоуин: RU в Weblate отличается от master и совпадает с экспериментальной веткой 2026-09-22_halloween,halloween_convoy_attack_event_announcement_description_2,ru,Нападай на флот Проклятых и добывай печати для спасительного ритуала!,"Пока луна полна, корабль плотный и можно награбить всё — успей до рассвета, пока сокровища снова не стали дымом.",Нападай на флот Проклятых и добывай печати для спасительного ритуала!,Не трогали. Решить: оставить текст Weblate до слияния ветки в master или вернуть текст master,"Ждём ответа команды: Хэллоуин выходит - оставляем Weblate, нет - master"
А. Хэллоуин: RU в Weblate отличается от master и совпадает с экспериментальной веткой 2026-09-22_halloween,halloween_convoy_attack_event_announcement_description_3,ru,"Атакуй флот Проклятых и собирай печати! Помоги Малике провести ритуал, спасти поселение и заслужить её верность.","Нападай на призрачный фрегат «Чёрная Луна» на глобальной карте, выбей проклятое сокровище и успей до рассвета!","Атакуй флот Проклятых и собирай печати! Помоги Малике провести ритуал, спасти поселение и заслужить её верность.",Не трогали. Решить: оставить текст Weblate до слияния ветки в master или вернуть текст master,"Ждём ответа команды: Хэллоуин выходит - оставляем Weblate, нет - master"
А. Хэллоуин: RU в Weblate отличается от master и совпадает с экспериментальной веткой 2026-09-22_halloween,halloween_shop_hint,ru,"Тыквы мертвеца можно получить в боях с флотами Банды Фонарей, в плавающих бочках, при спасении матросов и в бочках ежедневных заданий",Тыквы можно заработать сражаясь с бандой фонарей,"Тыквы мертвеца можно получить в боях с флотами Банды Фонарей, в плавающих бочках, при спасении матросов и в бочках ежедневных заданий",Не трогали. Решить: оставить текст Weblate до слияния ветки в master или вернуть текст master,"Ждём ответа команды: Хэллоуин выходит - оставляем Weblate, нет - master"
А. Хэллоуин: RU в Weblate отличается от master и совпадает с экспериментальной веткой 2026-09-22_halloween,halloween_shop_offer,ru,Тыквы мертвеца для покупки товаров в магазине призраков,Тыквы мертвеца,Тыквы мертвеца для покупки товаров в магазине призраков,Не трогали. Решить: оставить текст Weblate до слияния ветки в master или вернуть текст master,"Ждём ответа команды: Хэллоуин выходит - оставляем Weblate, нет - master"
А. Хэллоуин: RU в Weblate отличается от master и совпадает с экспериментальной веткой 2026-09-22_halloween,reward_type_halloween_currency,ru,Тыквы мертвеца,Тыквы,Тыквы мертвеца,Не трогали. Решить: оставить текст Weblate до слияния ветки в master или вернуть текст master,"Ждём ответа команды: Хэллоуин выходит - оставляем Weblate, нет - master"
А. Хэллоуин: RU в Weblate отличается от master и совпадает с экспериментальной веткой 2026-09-22_halloween,short_event_description_halloween_convoy_event_spoiler,ru,"Когда дрогнет нужный час, над туманной гаванью поднимается проклятый флот Банды Фонарей","Когда дрогнет нужный час, над туманной гаванью поднимается проклятый фрегат «Чёрная Луна».","Когда дрогнет нужный час, над туманной гаванью поднимается проклятый флот Банды Фонарей",Не трогали. Решить: оставить текст Weblate до слияния ветки в master или вернуть текст master,"Ждём ответа команды: Хэллоуин выходит - оставляем Weblate, нет - master"
А. Хэллоуин: RU в Weblate отличается от master и совпадает с экспериментальной веткой 2026-09-22_halloween,short_event_name_cumulative_offer_happy_hard,ru,Предложение,Праздничное предложение,Предложение,Не трогали. Решить: оставить текст Weblate до слияния ветки в master или вернуть текст master,"Ждём ответа команды: Хэллоуин выходит - оставляем Weblate, нет - master"
А. Хэллоуин: RU в Weblate отличается от master и совпадает с экспериментальной веткой 2026-09-22_halloween,territorial_wars_info_fuel_desc,ru,"Чтобы действовать во время битвы требуются припасы: перемещения, найм и воскрешение юнитов. Припасы производятся Столицей, Маяками, городами, а так же могут быть найдены на островах.","Чтобы действовать во время битвы требуются припасы: перемещения, найм и воскрешение юнитов. Припасы производятся Столицей, Маяками, городами, а также могут быть найдены на островах.","Чтобы действовать во время битвы требуются припасы: перемещения, найм и воскрешение юнитов. Припасы производятся Столицей, Маяками, городами, а так же могут быть найдены на островах.",Не трогали. Решить: оставить текст Weblate до слияния ветки в master или вернуть текст master,"Применено: master (исправление опечатки, не Хэллоуин) 2026-10-06"
А. Хэллоуин: RU в Weblate отличается от master и совпадает с экспериментальной веткой 2026-09-22_halloween,territorial_wars_info_lighthouse_desc,ru,"Захватывайте их, чтобы припасы восстанавливались быстрее, и можно было ходить чаще","Захватывайте их, чтобы припасы восстанавливались быстрее, и можно было ходить чаще.","Захватывайте их, чтобы припасы восстанавливались быстрее, и можно было ходить чаще",Не трогали. Решить: оставить текст Weblate до слияния ветки в master или вернуть текст master,"Применено: master (исправление опечатки, не Хэллоуин) 2026-10-06"
А. Хэллоуин: RU в Weblate отличается от master и совпадает с экспериментальной веткой 2026-09-22_halloween,title_resourse_tips_halloween_currency,ru,Тыквы мертвеца,Тыквы,Тыквы мертвеца,Не трогали. Решить: оставить текст Weblate до слияния ветки в master или вернуть текст master,"Ждём ответа команды: Хэллоуин выходит - оставляем Weblate, нет - master"
"Б. Ключ есть только в Weblate, в master его нет (добавил Swift 2026-09-20 08:33)",ShopCardPromoTapjoy,ru,Заработай,(нет ключа),(нет в ветке),"Не удаляли. Подтвердить: новый контент, ожидающий кода в master (оставить), или лишний (удалить)",Оставлено: лишний ключ ничего не ломает
"Б. Ключ есть только в Weblate, в master его нет (добавил Swift 2026-09-20 08:33)",ShopCardPromoTapjoy2,ru,Заработай,(нет ключа),(нет в ветке),"Не удаляли. Подтвердить: новый контент, ожидающий кода в master (оставить), или лишний (удалить)",Оставлено: лишний ключ ничего не ломает
"Б. Ключ есть только в Weblate, в master его нет (добавил Swift 2026-10-01 01:55)",ability_description_captain_captain_bp_6_all_crit,ru,Шанс критического урона: +5%,(нет ключа),(нет в ветке),"Не удаляли. Подтвердить: новый контент, ожидающий кода в master (оставить), или лишний (удалить)",Оставлено: лишний ключ ничего не ломает
"Б. Ключ есть только в Weblate, в master его нет (добавил Swift 2026-10-01 02:23)",ability_description_captain_captain_bp_7_3,ru,Бонус к защите от <sprite name=&quot;fire&quot;><sprite name=&quot;ice&quot;><sprite name=&quot;decay&quot;><sprite name=&quot;lightning&quot;> стихий: 5%,(нет ключа),(нет в ветке),"Не удаляли. Подтвердить: новый контент, ожидающий кода в master (оставить), или лишний (удалить)",Оставлено: лишний ключ ничего не ломает
"Б. Ключ есть только в Weblate, в master его нет (добавил Swift 2026-10-01 01:48)",ability_description_captain_captains_regen,ru,Восстановление Здоровья капитанам: +0.5%/с,(нет ключа),(нет в ветке),"Не удаляли. Подтвердить: новый контент, ожидающий кода в master (оставить), или лишний (удалить)",Оставлено: лишний ключ ничего не ломает
"Б. Ключ есть только в Weblate, в master его нет (добавил Swift 2026-10-01 01:38)",ability_description_crew_captain_bp_6_range_crit,ru,Бонус к критическому урону: +50%,(нет ключа),(нет в ветке),"Не удаляли. Подтвердить: новый контент, ожидающий кода в master (оставить), или лишний (удалить)",Оставлено: лишний ключ ничего не ломает
"Б. Ключ есть только в Weblate, в master его нет (добавил Swift 2026-09-30 22:54)",ability_description_crew_captain_bp_7_chain_frenzy,ru,"После трех успешных атак наносит на 50% больше урона каждой цели, количество целей увеличено на 2.",(нет ключа),(нет в ветке),"Не удаляли. Подтвердить: новый контент, ожидающий кода в master (оставить), или лишний (удалить)",Оставлено: лишний ключ ничего не ломает
"Б. Ключ есть только в Weblate, в master его нет (добавил Swift 2026-09-30 22:13)",ability_description_crew_captain_bp_7_curse,ru,"Наносит {2} урона от максимального Здоровья самому слабому вражескому матросу и проклинает его на {4} секунд, нанося урон {3}/сек ядом. Умерший матрос превращается в Скелета.
Перезарядка: {0} сек",(нет ключа),(нет в ветке),"Не удаляли. Подтвердить: новый контент, ожидающий кода в master (оставить), или лишний (удалить)",Оставлено: лишний ключ ничего не ломает
"Б. Ключ есть только в Weblate, в master его нет (добавил Swift 2026-10-01 02:13)",ability_description_crew_captain_bp_7_dodge_explosion,ru,Шанс уклонения от <sprite name=&quot;explosion&quot;>: 50%,(нет ключа),(нет в ветке),"Не удаляли. Подтвердить: новый контент, ожидающий кода в master (оставить), или лишний (удалить)",Оставлено: лишний ключ ничего не ломает
"Б. Ключ есть только в Weblate, в master его нет (добавил Swift 2026-09-30 22:20)",ability_name_crew_captain_bp_7_chain_frenzy,ru,Мощное Проклятие,(нет ключа),(нет в ветке),"Не удаляли. Подтвердить: новый контент, ожидающий кода в master (оставить), или лишний (удалить)",Оставлено: лишний ключ ничего не ломает
"Б. Ключ есть только в Weblate, в master его нет (добавил Swift 2026-09-30 20:36)",ability_name_crew_captain_bp_7_curse,ru,Проклятие,(нет ключа),(нет в ветке),"Не удаляли. Подтвердить: новый контент, ожидающий кода в master (оставить), или лишний (удалить)",Оставлено: лишний ключ ничего не ломает
"Б. Ключ есть только в Weblate, в master его нет (добавил PavelV 2026-10-01 12:45)",battle_pass_captain7,ru,Амулет Духов,(нет ключа),Амулет Духов,"Не удаляли. Подтвердить: новый контент, ожидающий кода в master (оставить), или лишний (удалить)",Оставлено: лишний ключ ничего не ломает
"Б. Ключ есть только в Weblate, в master его нет (добавил PavelV 2026-10-01 13:23)",bp_captain7_premium_title,ru,Амулет Духов,(нет ключа),Амулет Духов,"Не удаляли. Подтвердить: новый контент, ожидающий кода в master (оставить), или лишний (удалить)",Оставлено: лишний ключ ничего не ломает
"Б. Ключ есть только в Weblate, в master его нет (добавил PavelV 2026-10-01 12:06)",bp_captain7_spoiler_text,ru,"Туманные болота скрывают страшную тайну. Загадочная болезнь охватила поселение Малики Деломбр, и только ритуал Малики способен спасти его жителей.",(нет ключа),"Туманные болота скрывают страшную тайну. Загадочная болезнь охватила поселение Малики Деломбр, и только ритуал Малики способен спасти его жителей.","Не удаляли. Подтвердить: новый контент, ожидающий кода в master (оставить), или лишний (удалить)",Оставлено: лишний ключ ничего не ломает
"Б. Ключ есть только в Weblate, в master его нет (автор не найден в последних записях журнала, обновлён 2026-08-16 05:35)",dialog_text_campaign_0_0_22_miniboss_2,ru,"Нам не нравится это прозвище, принцесса. “Корабельщик, почини мою посудину, Корабельщик, прекрати так смотреть”. Плохое имя, принцесса",(нет ключа),(нет в ветке),"Не удаляли. Подтвердить: новый контент, ожидающий кода в master (оставить), или лишний (удалить)",Оставлено: лишний ключ ничего не ломает
"Б. Ключ есть только в Weblate, в master его нет (автор не найден в последних записях журнала, обновлён 2026-08-16 05:35)",dialog_text_campaign_0_0_22_miniboss_4,ru,"Что? Принцесса обманывает нас! Уж я-то знаю! Ребята, отучите ее врать, или я отправлю вас на корм своему другу!",(нет ключа),(нет в ветке),"Не удаляли. Подтвердить: новый контент, ожидающий кода в master (оставить), или лишний (удалить)",Оставлено: лишний ключ ничего не ломает
"Б. Ключ есть только в Weblate, в master его нет (добавил PavelV 2026-09-25 09:50)",halloween_shop,ru,Магазин призраков,(нет ключа),(нет в ветке),"Не удаляли. Подтвердить: новый контент, ожидающий кода в master (оставить), или лишний (удалить)",Оставлено: лишний ключ ничего не ломает
"Б. Ключ есть только в Weblate, в master его нет (добавил Swift 2026-09-24 10:01)",new_texts,ru,"-у Проклятого щита уменьшено время действия и перезарядка способности Страх
-у Тяжелого щита уменьшена защита от <sprite name=""bullet""> и <sprite name=""explosion"">
-способность Пролом у Большой пушки ",(нет ключа),(нет в ветке),"Не удаляли. Подтвердить: новый контент, ожидающий кода в master (оставить), или лишний (удалить)",Оставлено: лишний ключ ничего не ломает
"Б. Ключ есть только в Weblate, в master его нет (добавил PavelV 2026-09-25 09:41)",offer_halloween_sale_point,ru,Тыквы мертвеца,(нет ключа),Тыквы мертвеца,"Не удаляли. Подтвердить: новый контент, ожидающий кода в master (оставить), или лишний (удалить)",Оставлено: лишний ключ ничего не ломает
"Б. Ключ есть только в Weblate, в master его нет (добавил PavelV 2026-09-25 09:56)",shop_event_title_halloween_sale,ru,Распродажа призраков,(нет ключа),Распродажа призраков,"Не удаляли. Подтвердить: новый контент, ожидающий кода в master (оставить), или лишний (удалить)",Оставлено: лишний ключ ничего не ломает
"Б. Ключ есть только в Weblate, в master его нет (добавил PavelV 2026-10-01 12:52)",shop_name_battle_pass_captain7,ru,Амулет Духов,(нет ключа),Амулет Духов,"Не удаляли. Подтвердить: новый контент, ожидающий кода в master (оставить), или лишний (удалить)",Оставлено: лишний ключ ничего не ломает
"Б. Ключ есть только в Weblate, в master его нет (добавил PavelV 2026-10-01 12:51)",short_event_premium_captain_buy_button7,ru,Амулет Духов,(нет ключа),Амулет Духов,"Не удаляли. Подтвердить: новый контент, ожидающий кода в master (оставить), или лишний (удалить)",Оставлено: лишний ключ ничего не ломает
"Б. Ключ есть только в Weblate, в master его нет (автор не найден в последних записях журнала, обновлён 2026-08-16 05:35)",update_1_43_info_1,ru,"<size=14><b>Кланы</b></size>
Вступай в пиратский клан или создай собственный! Кланам уже доступен отдельный канал в чате и еженедельные награды.
Новые клановые активности будут дообавлены в ближайших ",(нет ключа),"<size=14><b>Кланы</b></size>
Вступай в пиратский клан или создай собственный! Кланам уже доступен отдельный канал в чате и еженедельные награды.
Новые клановые активности будут дообавлены в ближайших ","Не удаляли. Подтвердить: новый контент, ожидающий кода в master (оставить), или лишний (удалить)",Оставлено: лишний ключ ничего не ломает
"Б. Ключ есть только в Weblate, в master его нет (автор не найден в последних записях журнала, обновлён 2026-08-16 05:35)",update_1_43_info_2,ru,"<size=14><b>Медик и Ремонтник</b></size>
Мы провели работу над ребалансом и улучшением Медика и Ремонтника, сделав их более эффективными на поздних этапах игры. Исправлены ветки улучшений, изменены не",(нет ключа),"<size=14><b>Медик и Ремонтник</b></size>
Мы провели работу над ребалансом и улучшением Медика и Ремонтника, сделав их более эффективными на поздних этапах игры. Исправлены ветки улучшений, изменены не","Не удаляли. Подтвердить: новый контент, ожидающий кода в master (оставить), или лишний (удалить)",Оставлено: лишний ключ ничего не ломает
"Б. Ключ есть только в Weblate, в master его нет (автор не найден в последних записях журнала, обновлён 2026-08-16 05:35)",update_1_43_info_3,ru,"<size=14><b>Прочие изменения:</b></size>
-Энна Чёрный Феникс теперь телепортирует только врагов
-усилено влияние Снаряжения на мощность корабля
-усилен эффект Талисмана спокойствия
-у Шипов уменьшена ",(нет ключа),"<size=14><b>Прочие изменения:</b></size>
-Энна Чёрный Феникс теперь телепортирует только врагов
-усилено влияние Снаряжения на мощность корабля
-усилен эффект Талисмана спокойствия
-у Шипов уменьшена ","Не удаляли. Подтвердить: новый контент, ожидающий кода в master (оставить), или лишний (удалить)",Оставлено: лишний ключ ничего не ломает
"Б. Ключ есть только в Weblate, в master его нет (добавил Swift 2026-09-18 12:47)",update_text,ru,- Битва за пролив — новое онлайн-событие!,(нет ключа),"- Битва за пролив — новое онлайн-событие! 
- Ракета - новое доступное оружие в арсенале! 
- Полностью новые образы матросов и улучшенный Рейд! 
- Многочисленные балансные и технические исправления.","Не удаляли. Подтвердить: новый контент, ожидающий кода в master (оставить), или лишний (удалить)",Оставлено: лишний ключ ничего не ломает
"В. Значения расходятся, автоматически не решить (в Weblate ничего не записано)",6_use_amulets,nl,Gebruik elke amulet in een gevecht,Gebruik een amulet in een gevecht,,Выбрать вариант; по умолчанию master,Применено: значение master (2026-10-06)
"В. Значения расходятся, автоматически не решить (в Weblate ничего не записано)",ability_description_items_penetration,ko,В течение {1}с. матросы дальнего боя пробивают щит противника с увеличенным на {2} уроном. Не отражается щитами.,{1}초 동안 원거리 선원이 적 방패를 관통하며 피해가 {2}만큼 증가합니다. 방패로 반사되지 않습니다.,,Выбрать вариант; по умолчанию master,Применено: значение master (2026-10-06)
"В. Значения расходятся, автоматически не решить (в Weblate ничего не записано)",ability_description_shield_steel_damage_null,zh_Hans,每第二次炮弹命中不造成伤害并恢复10%耐久度。,"降低命中护盾的炮弹的<sprite name=""explosion"">爆炸伤害半径30%",,Выбрать вариант; по умолчанию master,Применено: значение master (2026-10-06)
"В. Значения расходятся, автоматически не решить (в Weblate ничего не записано)",description_resourse_tips_not_enough_captains_medals,en,Not enough <b><color=#FF4E3B>rubies</color></b>. They can be found in the story campaign.,Not enough <b><color=#FF4E3B>rubies</color></b>. You can find them in the story campaign.,,Выбрать вариант; по умолчанию master,Применено: значение master (2026-10-06)
"В. Значения расходятся, автоматически не решить (в новый ключ dialogue_* записано значение master)",dialogue_text_campaign_0_0_boss_afterReward (из dialog_text_campaign_0_0_boss_afterReward),de,"Wir steuern Frostwind-Klippe an! Das ist ein gefährlicher Ort, wir brauchen ein besseres Schiff. Lasst uns eine <color=#1DEEFC>brandneue Brigg</color> kaufen. Und ein Pint Rum! Geht auf mich.","Wir steuern Frostwind-Klippe an! Das ist ein gefährlicher Ort, wir brauchen ein besseres Schiff. Lasst uns eine <color=#1DEEFC>brandneue Brigg</color> kaufen. Und ein Pint Rum! Geht auf mich!",,Проверить значение в новом ключе,Применено: значение master (2026-10-06)
"В. Значения расходятся, автоматически не решить (в новый ключ dialogue_* записано значение master)",dialogue_text_campaign_0_0_boss_afterReward (из dialog_text_campaign_0_0_boss_afterReward),en,"We are heading to Frostwind Edge! It's a dangerous place, we'll need a better ship. Let's buy a <color=#1DEEFC>brand new brig.</color> And a pint of rum! It's on me.","We are heading to Frostwind Edge! It's a dangerous place, we'll need a better ship. Let's buy a <color=#1DEEFC>brand new brig.</color> And a pint of rum! It's on me!",,Проверить значение в новом ключе,Применено: значение master (2026-10-06)
"В. Значения расходятся, автоматически не решить (в новый ключ dialogue_* записано значение master)",dialogue_text_campaign_0_0_boss_afterReward (из dialog_text_campaign_0_0_boss_afterReward),es,"¡Nos dirigimos a Filo Vientofrio! Es un lugar peligroso, necesitaremos un barco mejor. Comprémos un <color=#1DEEFC>bergantín nuevo.</color> ¡Y una pinta de ron! ¡Yo invito.","¡Nos dirigimos a Filo Vientofrio! Es un lugar peligroso, necesitaremos un barco mejor. Comprémos un <color=#1DEEFC>bergantín nuevo.</color> ¡Y una pinta de ron! ¡Yo invito!",,Проверить значение в новом ключе,Применено: значение master (2026-10-06)
"В. Значения расходятся, автоматически не решить (в новый ключ dialogue_* записано значение master)",dialogue_text_campaign_0_0_boss_afterReward (из dialog_text_campaign_0_0_boss_afterReward),fr,"Nous nous dirigeons vers le Bord du Vent Glacial ! C'est un endroit dangereux, nous aurons besoin d'un meilleur navire. Achetons un <color=#1DEEFC>brick flambant neuf.</color> Et une pinte de rhum ! C'est pour moi .","Nous nous dirigeons vers le Bord du Vent Glacial ! C'est un endroit dangereux, nous aurons besoin d'un meilleur navire. Achetons un <color=#1DEEFC>brick flambant neuf.</color> Et une pinte de rhum ! C'est pour moi !",,Проверить значение в новом ключе,Применено: значение master (2026-10-06)
"В. Значения расходятся, автоматически не решить (в новый ключ dialogue_* записано значение master)",dialogue_text_campaign_0_0_boss_afterReward (из dialog_text_campaign_0_0_boss_afterReward),id,"Kita menuju ke Frostwind Edge! Ini tempat yang berbahaya, kita akan membutuhkan kapal yang lebih baik. Mari kita beli <color=#1DEEFC>kapal brigantine baru.</color> Dan satu pint rum! Aku yang traktir.","Kita menuju ke Frostwind Edge! Ini tempat yang berbahaya, kita akan membutuhkan kapal yang lebih baik. Mari kita beli <color=#1DEEFC>kapal brigantine baru.</color> Dan satu pint rum! Aku yang traktir!",,Проверить значение в новом ключе,Применено: значение master (2026-10-06)
"В. Значения расходятся, автоматически не решить (в новый ключ dialogue_* записано значение master)",dialogue_text_campaign_0_0_boss_afterReward (из dialog_text_campaign_0_0_boss_afterReward),it,"Ci stiamo dirigendo verso il Limite di Ghiaccio! È un posto pericoloso, avremo bisogno di una nave migliore. Compriamo un <color=#1DEEFC>brigantino nuovo di zecca.</color> E una pinta di rum! Offro io.","Ci stiamo dirigendo verso il Limite di Ghiaccio! È un posto pericoloso, avremo bisogno di una nave migliore. Compriamo un <color=#1DEEFC>brigantino nuovo di zecca.</color> E una pinta di rum! Offro io!",,Проверить значение в новом ключе,Применено: значение master (2026-10-06)
"В. Значения расходятся, автоматически не решить (в новый ключ dialogue_* записано значение master)",dialogue_text_campaign_0_0_boss_afterReward (из dialog_text_campaign_0_0_boss_afterReward),ja,我々はフロストウィンド・エッジに向かっている！危険な場所だから、もっと良い船が必要だ。<color=#1DEEFC>真新しいブリッグ</color>を買おう。そしてラム酒を1パイント！おごりだ。,我々はフロストウィンド・エッジに向かっている！危険な場所だから、もっと良い船が必要だ。<color=#1DEEFC>真新しいブリッグ</color>を買おう。そしてラム酒を1パイント！おごりだ！,,Проверить значение в новом ключе,Применено: значение master (2026-10-06)
"В. Значения расходятся, автоматически не решить (в новый ключ dialogue_* записано значение master)",dialogue_text_campaign_0_0_boss_afterReward (из dialog_text_campaign_0_0_boss_afterReward),ko,우리는 프로스트윈드 엣지로 향하고 있어! 위험한 곳이라 더 좋은 배가 필요해. <color=#1DEEFC>새 브리그 선</color>을 사자. 그리고 럼주 한 파인트! 내가 쏠게.,우리는 프로스트윈드 엣지로 향하고 있어! 위험한 곳이라 더 좋은 배가 필요해. <color=#1DEEFC>새 브리그 선</color>을 사자. 그리고 럼주 한 파인트! 내가 쏠게!,,Проверить значение в новом ключе,Применено: значение master (2026-10-06)
"В. Значения расходятся, автоматически не решить (в новый ключ dialogue_* записано значение master)",dialogue_text_campaign_0_0_boss_afterReward (из dialog_text_campaign_0_0_boss_afterReward),nl,"We gaan naar Frostwind Edge! Het is een gevaarlijke plek, we hebben een beter schip nodig. Laten we een <color=#1DEEFC>gloednieuwe brik</color> kopen. En een pint rum! Op mijn kosten.","We gaan naar Frostwind Edge! Het is een gevaarlijke plek, we hebben een beter schip nodig. Laten we een <color=#1DEEFC>gloednieuwe brik</color> kopen. En een pint rum! Op mijn kosten!",,Проверить значение в новом ключе,Применено: значение master (2026-10-06)
"В. Значения расходятся, автоматически не решить (в новый ключ dialogue_* записано значение master)",dialogue_text_campaign_0_0_boss_afterReward (из dialog_text_campaign_0_0_boss_afterReward),pl,"Kierujemy się do Krawędzi Mroźnego Wiatru! To niebezpieczne miejsce, będziemy potrzebować lepszego statku. Kupmy <color=#1DEEFC>nowiutkiego bryga.</color> I kufel rumu! Ja stawiam.","Kierujemy się do Krawędzi Mroźnego Wiatru! To niebezpieczne miejsce, będziemy potrzebować lepszego statku. Kupmy <color=#1DEEFC>nowiutkiego bryga.</color> I kufel rumu! Ja stawiam!",,Проверить значение в новом ключе,Применено: значение master (2026-10-06)
"В. Значения расходятся, автоматически не решить (в новый ключ dialogue_* записано значение master)",dialogue_text_campaign_0_0_boss_afterReward (из dialog_text_campaign_0_0_boss_afterReward),pt_BR,"Estamos indo para Frostwind Edge! É um lugar perigoso, precisaremos de um navio melhor. Vamos comprar um <color=#1DEEFC>bergantim novinho em folha.</color> E uma caneca de rum! Por minha conta.","Estamos indo para Frostwind Edge! É um lugar perigoso, precisaremos de um navio melhor. Vamos comprar um <color=#1DEEFC>bergantim novinho em folha.</color> E uma caneca de rum! Por minha conta!",,Проверить значение в новом ключе,Применено: значение master (2026-10-06)
"В. Значения расходятся, автоматически не решить (в новый ключ dialogue_* записано значение master)",dialogue_text_campaign_0_0_boss_afterReward (из dialog_text_campaign_0_0_boss_afterReward),tr,"Frostwind Edge'e gidiyoruz! Tehlikeli bir yer, daha iyi bir gemiye ihtiyacımız olacak. <color=#1DEEFC>Sıfır bir brig.</color> ve bir pint rom alalım! Benden.","Frostwind Edge'e gidiyoruz! Tehlikeli bir yer, daha iyi bir gemiye ihtiyacımız olacak. <color=#1DEEFC>Sıfır bir brig.</color> ve bir pint rom alalım! Benden!",,Проверить значение в новом ключе,Применено: значение master (2026-10-06)
"В. Значения расходятся, автоматически не решить (в новый ключ dialogue_* записано значение master)",dialogue_text_campaign_0_0_boss_afterReward (из dialog_text_campaign_0_0_boss_afterReward),vi,"Chúng ta đang hướng đến Frostwind Edge! Đó là một nơi nguy hiểm, chúng ta sẽ cần một con tàu tốt hơn. Hãy mua một <color=#1DEEFC>chiếc brig mới tinh.</color> Và một vại rượu rum! Tôi khao.","Chúng ta đang hướng đến Frostwind Edge! Đó là một nơi nguy hiểm, chúng ta sẽ cần một con tàu tốt hơn. Hãy mua một <color=#1DEEFC>chiếc brig mới tinh.</color> Và một vại rượu rum! Tôi khao!",,Проверить значение в новом ключе,Применено: значение master (2026-10-06)
"В. Значения расходятся, автоматически не решить (в новый ключ dialogue_* записано значение master)",dialogue_text_campaign_0_0_boss_afterReward (из dialog_text_campaign_0_0_boss_afterReward),zh_Hans,我们要去寒风之崖！那是个危险的地方，我们需要一艘更好的船。我们买一艘<color=#1DEEFC>全新的双桅船</color>吧。还有一品脱朗姆酒！我请客。,我们要去寒风之崖！那是个危险的地方，我们需要一艘更好的船。我们买一艘<color=#1DEEFC>全新的双桅船</color>吧。还有一品脱朗姆酒！我请客！,,Проверить значение в новом ключе,Применено: значение master (2026-10-06)
"В. Значения расходятся, автоматически не решить (в новый ключ dialogue_* записано значение master)",dialogue_text_campaign_2_1_14_miniboss_1 (из dialog_text_campaign_2_1_14_miniboss_1),nl,"Kwel jezelf niet over hen, kind. Je zult de prins redden van zowel de ontvoerders als de verraderlijke dienaren!","Kwel jezelf niet over hen, kind. Je zult de prins redden van zowel de ontvoerders als de verraderlijke dienaren.",,Проверить значение в новом ключе,Применено: значение master (2026-10-06)
"В. Значения расходятся, автоматически не решить (в новый ключ dialogue_* записано значение master)",dialogue_text_campaign_2_1_14_miniboss_1 (из dialog_text_campaign_2_1_14_miniboss_1),vi,"Đừng dằn vặt về họ, con gái. Con sẽ cứu hoàng tử khỏi cả những kẻ bắt cóc và những tên hầu phản bội!","Đừng dằn vặt về họ, con gái. Con sẽ cứu hoàng tử khỏi cả những kẻ bắt cóc và những tên hầu phản bội.",,Проверить значение в новом ключе,Применено: значение master (2026-10-06)
"В. Значения расходятся, автоматически не решить (в новый ключ dialogue_* записано значение master)",dialogue_text_campaign_3_1_6_miniboss_win_1 (из dialog_text_campaign_3_1_6_miniboss_win_1),ja,お前も感じるか？深淵からの、奴らの氷のような視線を。,お前も感じるか？深淵からの、奴らの氷のような視線を…,,Проверить значение в новом ключе,Применено: значение master (2026-10-06)
"В. Значения расходятся, автоматически не решить (в новый ключ dialogue_* записано значение master)",dialogue_text_campaign_3_1_6_miniboss_win_1 (из dialog_text_campaign_3_1_6_miniboss_win_1),zh_Hans,你也感觉到了吗？来自深渊的冰冷凝视。,你也感觉到了吗？来自深渊的冰冷凝视……,,Проверить значение в новом ключе,Применено: значение master (2026-10-06)
"В. Значения расходятся, автоматически не решить (в новый ключ dialogue_* записано значение master)",dialogue_text_campaign_4_0_22_miniboss_3 (из dialog_text_campaign_4_0_22_miniboss_3),ja,シャークパックの提督がお相手だ。パックは常に適正な料金で交渉する準備ができている。ゴールデン・ハーピーは…で有名だと聞いているが……,シャークパックの提督がお相手だ。パックは常に適正な料金で交渉する準備ができている。ゴールデン・ハーピーは…で有名だと聞いているが,,Проверить значение в новом ключе,Применено: значение master (2026-10-06)
"В. Значения расходятся, автоматически не решить (в новый ключ dialogue_* записано значение master)",dialogue_text_campaign_4_0_22_miniboss_3 (из dialog_text_campaign_4_0_22_miniboss_3),ko,상어 떼의 제독이 바로 여기 있소. 우리 떼는 합당한 보수만 주면 언제든 협상할 준비가 되어 있소. 황금 하피는 ...으로 유명한 걸로 알고 있소만…,상어 떼의 제독이 바로 여기 있소. 우리 떼는 합당한 보수만 주면 언제든 협상할 준비가 되어 있소. 황금 하피는 ...으로 유명한 걸로 알고 있소만,,Проверить значение в новом ключе,Применено: значение master (2026-10-06)
"В. Значения расходятся, автоматически не решить (в новый ключ dialogue_* записано значение master)",dialogue_text_campaign_4_0_22_miniboss_3 (из dialog_text_campaign_4_0_22_miniboss_3),zh_Hans,鲨鱼帮的准将就在你面前。我们总是乐于以合理的价格进行谈判。我知道，金鹰女妖以……闻名……,鲨鱼帮的准将就在你面前。我们总是乐于以合理的价格进行谈判。我知道，金鹰女妖以……闻名,,Проверить значение в новом ключе,Применено: значение master (2026-10-06)
"В. Значения расходятся, автоматически не решить (в новый ключ dialogue_* записано значение master)",dialogue_text_campaign_4_0_22_miniboss_win_2 (из dialog_text_campaign_4_0_22_miniboss_win_2),ko,네가 노력해서 빌어먹을 배를 만날 때마다 갑판에 나타나지 않는 게 낫겠어?,네가 노력해서 빌어먹을 배를 만날 때마다 갑판에 나타나지 않는 게 낫겠어.,,Проверить значение в новом ключе,Применено: значение master (2026-10-06)
"В. Значения расходятся, автоматически не решить (в новый ключ dialogue_* записано значение master)",dialogue_text_campaign_4_1_region_2 (из dialog_text_campaign_4_1_region_2),ja,もしバイルが隊に何らかの伝統を残しているなら、処刑に最もふさわしい場所は鋸歯状岬だろう。すべての裏切り者と反逆者はそこに連れて行かれ、…に食わせられる……,もしバイルが隊に何らかの伝統を残しているなら、処刑に最もふさわしい場所は鋸歯状岬だろう。すべての裏切り者と反逆者はそこに連れて行かれ、…に食わせられる。,,Проверить значение в новом ключе,Применено: значение master (2026-10-06)
"В. Значения расходятся, автоматически не решить (в Weblate ничего не записано)",territorial_wars_info_gold_mine_desc,ja,影響力ポイントが継続的に増加し、ゲーム終了時にボーナスを獲得。警備に守られている。,影響力ポイントの恒久的な増加とゲーム終了時のボーナスを提供します。警備に守られています。,,Выбрать вариант; по умолчанию master,Применено: значение master (2026-10-06)
"В. Значения расходятся, автоматически не решить (в Weblate ничего не записано)",tutorial_hint_rifleman_card_select2,de,"<b>Wähle den Schützen</b>

Schützen versteckst du am besten hinter stärkeren Kämpfern","<size=14><b>Wähle den Schützen</b></size>

Schützen versteckst du am besten
hinter stärkeren Kämpfern</b>",,Выбрать вариант; по умолчанию master,Применено: значение master (2026-10-06)
"В. Значения расходятся, автоматически не решить (в Weblate ничего не записано)",tutorial_hint_rifleman_card_select2,es,"<b>Elige al Tirador</b>

Es mejor esconder a los Tiradores detrás de Combatientes más fuertes","<size=14><b>Elige al Tirador</b></size>

Es mejor esconder a los Tiradores
detrás de Combatientes más fuertes</b>",,Выбрать вариант; по умолчанию master,Применено: значение master (2026-10-06)
"В. Значения расходятся, автоматически не решить (в Weblate ничего не записано)",tutorial_hint_rifleman_card_select2,fr,"<b>Choisis un Tireur</b>

Il vaut mieux cacher les Tireurs derrière des Combattants plus forts","<size=14><b>Choisis un Tireur</b></size>

Il vaut mieux cacher les Tireurs
derrière des Combattants plus forts</b>",,Выбрать вариант; по умолчанию master,Применено: значение master (2026-10-06)
"В. Значения расходятся, автоматически не решить (в Weblate ничего не записано)",tutorial_hint_rifleman_card_select2,id,"<b>Pilih Penembak</b>

Sebaiknya sembunyikan Penembak di balik Petarung yang lebih kuat","<size=14><b>Pilih Penembak</b></size>

Sebaiknya sembunyikan Penembak
di balik Petarung yang lebih kuat</b>",,Выбрать вариант; по умолчанию master,Применено: значение master (2026-10-06)
"В. Значения расходятся, автоматически не решить (в Weblate ничего не записано)",tutorial_hint_rifleman_card_select2,it,"<b>Scegli il Tiratore</b>

È meglio nascondere i Tiratori dietro a Combattenti più forti","<size=14><b>Scegli il Tiratore</b></size>

È meglio nascondere i Tiratori
dietro a Combattenti più forti</b>",,Выбрать вариант; по умолчанию master,Применено: значение master (2026-10-06)
"В. Значения расходятся, автоматически не решить (в Weblate ничего не записано)",tutorial_hint_rifleman_card_select2,ja,"<b>射手を選択</b>

射手はより強力な戦士の後ろに隠すのがおすすめ","<size=14><b>射手を選べ</b></size>

射手はより強力な
戦士の後ろに隠れるのがベスト</b>",,Выбрать вариант; по умолчанию master,Применено: значение master (2026-10-06)
"В. Значения расходятся, автоматически не решить (в Weblate ничего не записано)",tutorial_hint_rifleman_card_select2,ko,"<b>저격수를 선택하세요</b>

저격수는 더 강한 전투원 뒤에 숨기는 것이 좋습니다","<size=14><b>저격수를 선택하세요</b></size>

저격수는 더 강한
전사들 뒤에 숨기는 것이 좋습니다</b>",,Выбрать вариант; по умолчанию master,Применено: значение master (2026-10-06)
"В. Значения расходятся, автоматически не решить (в Weblate ничего не записано)",tutorial_hint_rifleman_card_select2,nl,"<b>Kies de Schutter</b>

Je kunt Schutters het beste achter sterkere Vechters verbergen","<size=14><b>Kies de Schutter</b></size>

Je kunt Schutters het beste
achter sterkere Vechters verbergen</b>",,Выбрать вариант; по умолчанию master,Применено: значение master (2026-10-06)
"В. Значения расходятся, автоматически не решить (в Weblate ничего не записано)",tutorial_hint_rifleman_card_select2,pl,"<b>Wybierz Strzelca</b>

Strzelców lepiej ukrywać za silniejszymi Bojownikami","<size=14><b>Wybierz Strzelca</b></size>

Strzelców lepiej ukrywać
za silniejszymi Bojownikami</b>",,Выбрать вариант; по умолчанию master,Применено: значение master (2026-10-06)
"В. Значения расходятся, автоматически не решить (в Weblate ничего не записано)",tutorial_hint_rifleman_card_select2,pt_BR,"<b>Escolha o Atirador</b>

É melhor esconder os Atiradores atrás de Combatentes mais fortes","<size=14><b>Escolha o Atirador</b></size>

É melhor esconder os Atiradores
atrás de Combatentes mais fortes</b>",,Выбрать вариант; по умолчанию master,Применено: значение master (2026-10-06)
"В. Значения расходятся, автоматически не решить (в Weblate ничего не записано)",tutorial_hint_rifleman_card_select2,th,"<b>เลือกพลปืน</b>

ควรซ่อนพลปืนไว้ด้านหลังนักสู้ที่แข็งแกร่งกว่า","<size=14><b>เลือกพลยิง</b></size>

ควรซ่อนพลยิงไว้
หลังนักรบที่แข็งแกร่งกว่า</b>",,Выбрать вариант; по умолчанию master,Применено: значение master (2026-10-06)
"В. Значения расходятся, автоматически не решить (в Weblate ничего не записано)",tutorial_hint_rifleman_card_select2,tr,"<b>Nişancıyı Seç</b>

Nişancıları daha güçlü Savaşçıların arkasına saklamak daha iyidir","<size=14><b>Nişancıyı Seç</b></size>

Nişancıları daha güçlü
Savaşçıların arkasına saklamak daha iyidir</b>",,Выбрать вариант; по умолчанию master,Применено: значение master (2026-10-06)
"В. Значения расходятся, автоматически не решить (в Weblate ничего не записано)",tutorial_hint_rifleman_card_select2,vi,"<b>Chọn Xạ thủ</b>

Tốt nhất nên giấu Xạ thủ sau các Chiến binh mạnh hơn","<size=14><b>Chọn Xạ thủ</b></size>

Tốt nhất nên giấu Xạ thủ
sau các Chiến binh mạnh hơn</b>",,Выбрать вариант; по умолчанию master,Применено: значение master (2026-10-06)
"В. Значения расходятся, автоматически не решить (в Weblate ничего не записано)",tutorial_hint_rifleman_card_select2,zh_Hans,"<b>选择步枪手</b>

最好把步枪手藏在更强的战士后面","<size=14><b>选择射手</b></size>

最好将射手藏在
更强大的战士身后</b>",,Выбрать вариант; по умолчанию master,Применено: значение master (2026-10-06)
"В. Значения расходятся, автоматически не решить (в Weblate ничего не записано)",tutorial_hint_soldier_card_select,de,"<b>Wähle einen Kämpfer</b>

Kämpfer haben mehr Gesundheit als Schützen und sind stark im Nahkampf","<size=14><b>Wähle einen Kämpfer</size>

Kämpfer haben mehr Gesundheit als Schützen
und sind stark im Nahkampf</b>",,Выбрать вариант; по умолчанию master,Применено: значение master (2026-10-06)
"В. Значения расходятся, автоматически не решить (в Weblate ничего не записано)",tutorial_hint_soldier_card_select,es,"<b>Elige a un combatiente</b>

Los combatientes tienen más salud que los tiradores y son fuertes en el combate cuerpo a cuerpo","<size=14><b>Elige a un combatiente</size>

Los combatientes tienen más salud que los tiradores
y son fuertes en el combate cuerpo a cuerpo</b>",,Выбрать вариант; по умолчанию master,Применено: значение master (2026-10-06)
"В. Значения расходятся, автоматически не решить (в Weblate ничего не записано)",tutorial_hint_soldier_card_select,fr,"<b>Choisis un combattant</b>

Les combattants ont plus de santé que les Tireurs et sont forts au corps-à-corps","<size=14><b>Choisis un combattant</size>

Les combattants ont plus de santé que les Tireurs
et sont forts au corps-à-corps</b>",,Выбрать вариант; по умолчанию master,Применено: значение master (2026-10-06)
"В. Значения расходятся, автоматически не решить (в Weblate ничего не записано)",tutorial_hint_soldier_card_select,id,"<b>Pilih petarung</b>

Petarung memiliki lebih banyak kesehatan daripada Penembak dan kuat dalam pertempuran jarak dekat","<size=14><b>Pilih petarung</size>

Petarung memiliki lebih banyak kesehatan daripada Penembak
dan kuat dalam pertempuran jarak dekat</b>",,Выбрать вариант; по умолчанию master,Применено: значение master (2026-10-06)
"В. Значения расходятся, автоматически не решить (в Weblate ничего не записано)",tutorial_hint_soldier_card_select,it,"<b>Scegli un combattente</b>

I combattenti hanno più salute dei Tiratori e sono forti nel corpo a corpo","<size=14><b>Scegli un combattente</size>

I combattenti hanno più salute dei Tiratori
e sono forti nel corpo a corpo</b>",,Выбрать вариант; по умолчанию master,Применено: значение master (2026-10-06)
"В. Значения расходятся, автоматически не решить (в Weblate ничего не записано)",tutorial_hint_soldier_card_select,ja,"<b>戦士を選択</b>

戦士は射手よりもHPが高く、近接戦に強い","<size=14><b>戦士を選択</size>

戦士は射手よりもHPが高く
近接戦に強い</b>",,Выбрать вариант; по умолчанию master,Применено: значение master (2026-10-06)
"В. Значения расходятся, автоматически не решить (в Weblate ничего не записано)",tutorial_hint_soldier_card_select,ko,"<b>전사를 선택하세요

전사는 궁수보다 체력이 많고
근접전에 강합니다</b>","<size=14><b>전사를 선택하세요</size>

전사는 궁수보다 체력이 많고
근접전에 강합니다</b>",,Выбрать вариант; по умолчанию master,Применено: значение master (2026-10-06)
"В. Значения расходятся, автоматически не решить (в Weblate ничего не записано)",tutorial_hint_soldier_card_select,nl,"<b>Kies een strijder</b>

Strijders hebben meer gezondheid dan Schutters en zijn sterk in gevechten van dichtbij","<size=14><b>Kies een strijder</size>

Strijders hebben meer gezondheid dan Schutters
en zijn sterk in gevechten van dichtbij</b>",,Выбрать вариант; по умолчанию master,Применено: значение master (2026-10-06)
"В. Значения расходятся, автоматически не решить (в Weblate ничего не записано)",tutorial_hint_soldier_card_select,pl,"<b>Wybierz wojownika</b>

Wojownicy mają więcej zdrowia niż Strzelcy i są silni w walce wręcz","<size=14><b>Wybierz wojownika</size>

Wojownicy mają więcej zdrowia niż Strzelcy
i są silni w walce wręcz</b>",,Выбрать вариант; по умолчанию master,Применено: значение master (2026-10-06)
"В. Значения расходятся, автоматически не решить (в Weblate ничего не записано)",tutorial_hint_soldier_card_select,pt_BR,"<b>Escolha um combatente</b>

Combatentes têm mais vida do que Atiradores e são fortes no combate corpo a corpo","<size=14><b>Escolha um combatente</size>

Combatentes têm más vida do que Atiradores
e são fortes no combate corpo a corpo</b>",,Выбрать вариант; по умолчанию master,Применено: значение master (2026-10-06)
"В. Значения расходятся, автоматически не решить (в Weblate ничего не записано)",tutorial_hint_soldier_card_select,th,"<b>เลือกนักสู้</b>

นักสู้มีพลังชีวิตมากกว่าพลยิงและแข็งแกร่งในการต่อสู้ระยะประชิด","<size=14><b>เลือกนักสู้</size>

นักสู้มีพลังชีวิตมากกว่าพลยิง
และแข็งแกร่งในการต่อสู้ระยะประชิด</b>",,Выбрать вариант; по умолчанию master,Применено: значение master (2026-10-06)
"В. Значения расходятся, автоматически не решить (в Weblate ничего не записано)",tutorial_hint_soldier_card_select,tr,"<b>Bir savaşçı seç</b>

Savaşçılar, Nişancılardan daha fazla cana sahiptir ve yakın dövüşte güçlüdür","<size=14><b>Bir savaşçı seç</size>

Savaşçılar, Nişancılardan daha fazla cana sahiptir
ve yakın dövüşte güçlüdür</b>",,Выбрать вариант; по умолчанию master,Применено: значение master (2026-10-06)
"В. Значения расходятся, автоматически не решить (в Weblate ничего не записано)",tutorial_hint_soldier_card_select,vi,"<b>Chọn chiến binh</b>

Chiến binh có nhiều máu hơn Xạ thủ và mạnh trong cận chiến","<size=14><b>Chọn chiến binh</size>

Chiến binh có nhiều máu hơn Xạ thủ
và mạnh trong cận chiến</b>",,Выбрать вариант; по умолчанию master,Применено: значение master (2026-10-06)
"В. Значения расходятся, автоматически не решить (в Weblate ничего не записано)",tutorial_hint_soldier_card_select,zh_Hans,"<b>选择战士

战士比射手拥有更多生命值
且擅长近战</b>","<size=14><b>选择战士</size>

战士比射手拥有更多生命值
且擅长近战</b>",,Выбрать вариант; по умолчанию master,Применено: значение master (2026-10-06)
"В. Значения расходятся, автоматически не решить (в Weblate ничего не записано)",tw_item_name_building_gold_mine,ja,ゴールド鉱山,金鉱,,Выбрать вариант; по умолчанию master,Применено: значение master (2026-10-06)
"В. Значения расходятся, автоматически не решить (в Weblate ничего не записано)",tw_item_name_building_gold_mine,ko,골드 광산,황금 광산,,Выбрать вариант; по умолчанию master,Применено: значение master (2026-10-06)
"В. Значения расходятся, автоматически не решить (в Weblate ничего не записано)",tw_item_name_building_gold_mine,zh_Hans,金币矿,金矿,,Выбрать вариант; по умолчанию master,Применено: значение master (2026-10-06)
Г. Старый ключ dialog_* после переноса на dialogue_*,ability_name_crew_captain_heal_throw,все,"остался (значения те же, что в новом ключе)",(нет ключа; в master ability_name_captain_heal_throw),,Удалить после подтверждения (ни одна активная ветка не использует dialog_*),Удалено 2026-10-06
Г. Старый ключ dialog_* после переноса на dialogue_*,dialog_character_Campaign_0_0_Boss0_cutthroatkidd,все,"остался (значения те же, что в новом ключе)",(нет ключа; в master dialogue_character_Campaign_0_0_Boss0_cutthroatkidd),,Удалить после подтверждения (ни одна активная ветка не использует dialog_*),Удалено 2026-10-06
Г. Старый ключ dialog_* после переноса на dialogue_*,dialog_character_Campaign_0_0_Boss1_harryrottooth,все,"остался (значения те же, что в новом ключе)",(нет ключа; в master dialogue_character_Campaign_0_0_Boss1_harryrottooth),,Удалить после подтверждения (ни одна активная ветка не использует dialog_*),Удалено 2026-10-06
Г. Старый ключ dialog_* после переноса на dialogue_*,dialog_character_Campaign_0_0_Boss2_crazyjoe,все,"остался (значения те же, что в новом ключе)",(нет ключа; в master dialogue_character_Campaign_0_0_Boss2_crazyjoe),,Удалить после подтверждения (ни одна активная ветка не использует dialog_*),"Остаётся, удалим пакетно в нерабочее время"
Г. Старый ключ dialog_* после переноса на dialogue_*,dialog_character_Campaign_0_0_Boss3_mad_rickert,все,"остался (значения те же, что в новом ключе)",(нет ключа; в master dialogue_character_Campaign_0_0_Boss3_mad_rickert),,Удалить после подтверждения (ни одна активная ветка не использует dialog_*),"Остаётся, удалим пакетно в нерабочее время"
Г. Старый ключ dialog_* после переноса на dialogue_*,dialog_character_Campaign_0_0_Boss3_madmorgan,все,"остался (значения те же, что в новом ключе)",(нет ключа; в master dialogue_character_Campaign_0_0_Boss3_madmorgan),,Удалить после подтверждения (ни одна активная ветка не использует dialog_*),"Остаётся, удалим пакетно в нерабочее время"
Г. Старый ключ dialog_* после переноса на dialogue_*,dialog_character_Campaign_1_0_Boss0_steelbart,все,"остался (значения те же, что в новом ключе)",(нет ключа; в master dialogue_character_Campaign_1_0_Boss0_steelbart),,Удалить после подтверждения (ни одна активная ветка не использует dialog_*),"Остаётся, удалим пакетно в нерабочее время"
Г. Старый ключ dialog_* после переноса на dialogue_*,dialog_character_Campaign_1_0_Boss1_curvejack,все,"остался (значения те же, что в новом ключе)",(нет ключа; в master dialogue_character_Campaign_1_0_Boss1_curvejack),,Удалить после подтверждения (ни одна активная ветка не использует dialog_*),"Остаётся, удалим пакетно в нерабочее время"
Г. Старый ключ dialog_* после переноса на dialogue_*,dialog_character_Campaign_1_0_Boss2_oldbarbossa,все,"остался (значения те же, что в новом ключе)",(нет ключа; в master dialogue_character_Campaign_1_0_Boss2_oldbarbossa),,Удалить после подтверждения (ни одна активная ветка не использует dialog_*),"Остаётся, удалим пакетно в нерабочее время"
Г. Старый ключ dialog_* после переноса на dialogue_*,dialog_character_Campaign_1_0_Boss3_captainterror,все,"остался (значения те же, что в новом ключе)",(нет ключа; в master dialogue_character_Campaign_1_0_Boss3_captainterror),,Удалить после подтверждения (ни одна активная ветка не использует dialog_*),"Остаётся, удалим пакетно в нерабочее время"
Г. Старый ключ dialog_* после переноса на dialogue_*,dialog_character_Campaign_2_0_Boss0_hungrycannibal,все,"остался (значения те же, что в новом ключе)",(нет ключа; в master dialogue_character_Campaign_2_0_Boss0_hungrycannibal),,Удалить после подтверждения (ни одна активная ветка не использует dialog_*),"Остаётся, удалим пакетно в нерабочее время"
Г. Старый ключ dialog_* после переноса на dialogue_*,dialog_character_Campaign_2_0_Boss1_admiralnelson,все,"остался (значения те же, что в новом ключе)",(нет ключа; в master dialogue_character_Campaign_2_0_Boss1_admiralnelson),,Удалить после подтверждения (ни одна активная ветка не использует dialog_*),"Остаётся, удалим пакетно в нерабочее время"
Г. Старый ключ dialog_* после переноса на dialogue_*,dialog_character_Campaign_2_0_Boss2_thugsmoke,все,"остался (значения те же, что в новом ключе)",(нет ключа; в master dialogue_character_Campaign_2_0_Boss2_thugsmoke),,Удалить после подтверждения (ни одна активная ветка не использует dialog_*),"Остаётся, удалим пакетно в нерабочее время"
Г. Старый ключ dialog_* после переноса на dialogue_*,dialog_character_Campaign_2_0_Boss3_cannibalcaptain,все,"остался (значения те же, что в новом ключе)",(нет ключа; в master dialogue_character_Campaign_2_0_Boss3_cannibalcaptain),,Удалить после подтверждения (ни одна активная ветка не использует dialog_*),"Остаётся, удалим пакетно в нерабочее время"
Г. Старый ключ dialog_* после переноса на dialogue_*,dialog_character_Campaign_2_1_Boss0_commanderlawrence,все,"остался (значения те же, что в новом ключе)",(нет ключа; в master dialogue_character_Campaign_2_1_Boss0_commanderlawrence),,Удалить после подтверждения (ни одна активная ветка не использует dialog_*),"Остаётся, удалим пакетно в нерабочее время"
Г. Старый ключ dialog_* после переноса на dialogue_*,dialog_character_Campaign_2_1_Boss1_warghunter,все,"остался (значения те же, что в новом ключе)",(нет ключа; в master dialogue_character_Campaign_2_1_Boss1_warghunter),,Удалить после подтверждения (ни одна активная ветка не использует dialog_*),"Остаётся, удалим пакетно в нерабочее время"
Г. Старый ключ dialog_* после переноса на dialogue_*,dialog_character_Campaign_2_1_Boss2_voyager,все,"остался (значения те же, что в новом ключе)",(нет ключа; в master dialogue_character_Campaign_2_1_Boss2_voyager),,Удалить после подтверждения (ни одна активная ветка не использует dialog_*),"Остаётся, удалим пакетно в нерабочее время"
Г. Старый ключ dialog_* после переноса на dialogue_*,dialog_character_Campaign_2_1_Boss3_ogreking,все,"остался (значения те же, что в новом ключе)",(нет ключа; в master dialogue_character_Campaign_2_1_Boss3_ogreking),,Удалить после подтверждения (ни одна активная ветка не использует dialog_*),"Остаётся, удалим пакетно в нерабочее время"
Г. Старый ключ dialog_* после переноса на dialogue_*,dialog_character_Campaign_3_0_Boss0_captainahab,все,"остался (значения те же, что в новом ключе)",(нет ключа; в master dialogue_character_Campaign_3_0_Boss0_captainahab),,Удалить после подтверждения (ни одна активная ветка не использует dialog_*),"Остаётся, удалим пакетно в нерабочее время"
Г. Старый ключ dialog_* после переноса на dialogue_*,dialog_character_Campaign_3_0_Boss1_fisherman,все,"остался (значения те же, что в новом ключе)",(нет ключа; в master dialogue_character_Campaign_3_0_Boss1_fisherman),,Удалить после подтверждения (ни одна активная ветка не использует dialog_*),"Остаётся, удалим пакетно в нерабочее время"
Г. Старый ключ dialog_* после переноса на dialogue_*,dialog_character_Campaign_3_0_Boss2_willbonebreaker,все,"остался (значения те же, что в новом ключе)",(нет ключа; в master dialogue_character_Campaign_3_0_Boss2_willbonebreaker),,Удалить после подтверждения (ни одна активная ветка не использует dialog_*),"Остаётся, удалим пакетно в нерабочее время"
Г. Старый ключ dialog_* после переноса на dialogue_*,dialog_character_Campaign_3_0_Boss3_fishermenleader,все,"остался (значения те же, что в новом ключе)",(нет ключа; в master dialogue_character_Campaign_3_0_Boss3_fishermenleader),,Удалить после подтверждения (ни одна активная ветка не использует dialog_*),"Остаётся, удалим пакетно в нерабочее время"
Г. Старый ключ dialog_* после переноса на dialogue_*,dialog_character_Campaign_3_1_Boss0_creepynecromancer,все,"остался (значения те же, что в новом ключе)",(нет ключа; в master dialogue_character_Campaign_3_1_Boss0_creepynecromancer),,Удалить после подтверждения (ни одна активная ветка не использует dialog_*),"Остаётся, удалим пакетно в нерабочее время"
Г. Старый ключ dialog_* после переноса на dialogue_*,dialog_character_Campaign_3_1_Boss1_sneakshaddy,все,"остался (значения те же, что в новом ключе)",(нет ключа; в master dialogue_character_Campaign_3_1_Boss1_sneakshaddy),,Удалить после подтверждения (ни одна активная ветка не использует dialog_*),"Остаётся, удалим пакетно в нерабочее время"
Г. Старый ключ dialog_* после переноса на dialogue_*,dialog_character_Campaign_3_1_Boss2_deadcaptain,все,"остался (значения те же, что в новом ключе)",(нет ключа; в master dialogue_character_Campaign_3_1_Boss2_deadcaptain),,Удалить после подтверждения (ни одна активная ветка не использует dialog_*),"Остаётся, удалим пакетно в нерабочее время"
Г. Старый ключ dialog_* после переноса на dialogue_*,dialog_character_Campaign_3_1_Boss3_captainmoonblood,все,"остался (значения те же, что в новом ключе)",(нет ключа; в master dialogue_character_Campaign_3_1_Boss3_captainmoonblood),,Удалить после подтверждения (ни одна активная ветка не использует dialog_*),"Остаётся, удалим пакетно в нерабочее время"
Г. Старый ключ dialog_* после переноса на dialogue_*,dialog_character_Campaign_4_Bayle_Hammer,все,"остался (значения те же, что в новом ключе)",(нет ключа; в master dialogue_character_Campaign_4_Bayle_Hammer),,Удалить после подтверждения (ни одна активная ветка не использует dialog_*),"Остаётся, удалим пакетно в нерабочее время"
Г. Старый ключ dialog_* после переноса на dialogue_*,dialog_character_Campaign_4_Black_Asper,все,"остался (значения те же, что в новом ключе)",(нет ключа; в master dialogue_character_Campaign_4_Black_Asper),,Удалить после подтверждения (ни одна активная ветка не использует dialog_*),"Остаётся, удалим пакетно в нерабочее время"
Г. Старый ключ dialog_* после переноса на dialogue_*,dialog_character_Campaign_4_Gunnar,все,"остался (значения те же, что в новом ключе)",(нет ключа; в master dialogue_character_Campaign_4_Gunnar),,Удалить после подтверждения (ни одна активная ветка не использует dialog_*),"Остаётся, удалим пакетно в нерабочее время"
Г. Старый ключ dialog_* после переноса на dialogue_*,dialog_character_Campaign_4_Iago,все,"остался (значения те же, что в новом ключе)",(нет ключа; в master dialogue_character_Campaign_4_Iago),,Удалить после подтверждения (ни одна активная ветка не использует dialog_*),"Остаётся, удалим пакетно в нерабочее время"
Г. Старый ключ dialog_* после переноса на dialogue_*,dialog_character_Campaign_4_Kiran,все,"остался (значения те же, что в новом ключе)",(нет ключа; в master dialogue_character_Campaign_4_Kiran),,Удалить после подтверждения (ни одна активная ветка не использует dialog_*),"Остаётся, удалим пакетно в нерабочее время"
Г. Старый ключ dialog_* после переноса на dialogue_*,dialog_character_Campaign_4_Mako,все,"остался (значения те же, что в новом ключе)",(нет ключа; в master dialogue_character_Campaign_4_Mako),,Удалить после подтверждения (ни одна активная ветка не использует dialog_*),"Остаётся, удалим пакетно в нерабочее время"
Г. Старый ключ dialog_* после переноса на dialogue_*,dialog_character_Campaign_4_Righteous_Jim,все,"остался (значения те же, что в новом ключе)",(нет ключа; в master dialogue_character_Campaign_4_Righteous_Jim),,Удалить после подтверждения (ни одна активная ветка не использует dialog_*),"Остаётся, удалим пакетно в нерабочее время"
Г. Старый ключ dialog_* после переноса на dialogue_*,dialog_character_Campaign_Character_shamanessmalika,все,"остался (значения те же, что в новом ключе)",(нет ключа; в master dialogue_character_Campaign_Character_shamanessmalika),,Удалить после подтверждения (ни одна активная ветка не использует dialog_*),"Остаётся, удалим пакетно в нерабочее время"
Г. Старый ключ dialog_* после переноса на dialogue_*,dialog_character_Campaign_Character_unknownhostage,все,"остался (значения те же, что в новом ключе)",(нет ключа; в master dialogue_character_Campaign_Character_unknownhostage),,Удалить после подтверждения (ни одна активная ветка не использует dialog_*),"Остаётся, удалим пакетно в нерабочее время"
Г. Старый ключ dialog_* после переноса на dialogue_*,dialog_character_Captain_fear,все,"остался (значения те же, что в новом ключе)",(нет ключа; в master dialogue_character_Captain_fear),,Удалить после подтверждения (ни одна активная ветка не использует dialog_*),"Остаётся, удалим пакетно в нерабочее время"
Г. Старый ключ dialog_* после переноса на dialogue_*,dialog_character_elizabethrid,все,"остался (значения те же, что в новом ключе)",(нет ключа; в master dialogue_character_elizabethrid),,Удалить после подтверждения (ни одна активная ветка не использует dialog_*),"Остаётся, удалим пакетно в нерабочее время"
Г. Старый ключ dialog_* после переноса на dialogue_*,dialog_character_player,все,"остался (значения те же, что в новом ключе)",(нет ключа; в master dialogue_character_player),,Удалить после подтверждения (ни одна активная ветка не использует dialog_*),"Остаётся, удалим пакетно в нерабочее время"
Г. Старый ключ dialog_* после переноса на dialogue_*,dialog_text_campaign_0_0_14_miniboss_1,все,"остался (значения те же, что в новом ключе)",(нет ключа; в master dialogue_text_campaign_0_0_14_miniboss_1),,Удалить после подтверждения (ни одна активная ветка не использует dialog_*),"Остаётся, удалим пакетно в нерабочее время"
Г. Старый ключ dialog_* после переноса на dialogue_*,dialog_text_campaign_0_0_14_miniboss_2,все,"остался (значения те же, что в новом ключе)",(нет ключа; в master dialogue_text_campaign_0_0_14_miniboss_2),,Удалить после подтверждения (ни одна активная ветка не использует dialog_*),"Остаётся, удалим пакетно в нерабочее время"
Г. Старый ключ dialog_* после переноса на dialogue_*,dialog_text_campaign_0_0_14_miniboss_3,все,"остался (значения те же, что в новом ключе)",(нет ключа; в master dialogue_text_campaign_0_0_14_miniboss_3),,Удалить после подтверждения (ни одна активная ветка не использует dialog_*),"Остаётся, удалим пакетно в нерабочее время"
Г. Старый ключ dialog_* после переноса на dialogue_*,dialog_text_campaign_0_0_14_miniboss_win_1,все,"остался (значения те же, что в новом ключе)",(нет ключа; в master dialogue_text_campaign_0_0_14_miniboss_win_1),,Удалить после подтверждения (ни одна активная ветка не использует dialog_*),"Остаётся, удалим пакетно в нерабочее время"
Г. Старый ключ dialog_* после переноса на dialogue_*,dialog_text_campaign_0_0_14_miniboss_win_2,все,"остался (значения те же, что в новом ключе)",(нет ключа; в master dialogue_text_campaign_0_0_14_miniboss_win_2),,Удалить после подтверждения (ни одна активная ветка не использует dialog_*),"Остаётся, удалим пакетно в нерабочее время"
Г. Старый ключ dialog_* после переноса на dialogue_*,dialog_text_campaign_0_0_14_miniboss_win_3,все,"остался (значения те же, что в новом ключе)",(нет ключа; в master dialogue_text_campaign_0_0_14_miniboss_win_3),,Удалить после подтверждения (ни одна активная ветка не использует dialog_*),"Остаётся, удалим пакетно в нерабочее время"
Г. Старый ключ dialog_* после переноса на dialogue_*,dialog_text_campaign_0_0_14_miniboss_win_4,все,"остался (значения те же, что в новом ключе)",(нет ключа; в master dialogue_text_campaign_0_0_14_miniboss_win_4),,Удалить после подтверждения (ни одна активная ветка не использует dialog_*),"Остаётся, удалим пакетно в нерабочее время"
Г. Старый ключ dialog_* после переноса на dialogue_*,dialog_text_campaign_0_0_22_miniboss_1,все,"остался (значения те же, что в новом ключе)",(нет ключа; в master dialogue_text_campaign_0_0_22_miniboss_1),,Удалить после подтверждения (ни одна активная ветка не использует dialog_*),"Остаётся, удалим пакетно в нерабочее время"
Г. Старый ключ dialog_* после переноса на dialogue_*,dialog_text_campaign_0_0_22_miniboss_3,все,"остался (значения те же, что в новом ключе)",(нет ключа; в master dialogue_text_campaign_0_0_22_miniboss_3),,Удалить после подтверждения (ни одна активная ветка не использует dialog_*),"Остаётся, удалим пакетно в нерабочее время"
Г. Старый ключ dialog_* после переноса на dialogue_*,dialog_text_campaign_0_0_22_miniboss_win_1,все,"остался (значения те же, что в новом ключе)",(нет ключа; в master dialogue_text_campaign_0_0_22_miniboss_win_1),,Удалить после подтверждения (ни одна активная ветка не использует dialog_*),"Остаётся, удалим пакетно в нерабочее время"
Г. Старый ключ dialog_* после переноса на dialogue_*,dialog_text_campaign_0_0_6_miniboss_1,все,"остался (значения те же, что в новом ключе)",(нет ключа; в master dialogue_text_campaign_0_0_6_miniboss_1),,Удалить после подтверждения (ни одна активная ветка не использует dialog_*),"Остаётся, удалим пакетно в нерабочее время"
Г. Старый ключ dialog_* после переноса на dialogue_*,dialog_text_campaign_0_0_6_miniboss_2,все,"остался (значения те же, что в новом ключе)",(нет ключа; в master dialogue_text_campaign_0_0_6_miniboss_2),,Удалить после подтверждения (ни одна активная ветка не использует dialog_*),"Остаётся, удалим пакетно в нерабочее время"
Г. Старый ключ dialog_* после переноса на dialogue_*,dialog_text_campaign_0_0_6_miniboss_3,все,"остался (значения те же, что в новом ключе)",(нет ключа; в master dialogue_text_campaign_0_0_6_miniboss_3),,Удалить после подтверждения (ни одна активная ветка не использует dialog_*),"Остаётся, удалим пакетно в нерабочее время"
Г. Старый ключ dialog_* после переноса на dialogue_*,dialog_text_campaign_0_0_6_miniboss_4,все,"остался (значения те же, что в новом ключе)",(нет ключа; в master dialogue_text_campaign_0_0_6_miniboss_4),,Удалить после подтверждения (ни одна активная ветка не использует dialog_*),"Остаётся, удалим пакетно в нерабочее время"
Г. Старый ключ dialog_* после переноса на dialogue_*,dialog_text_campaign_0_0_6_miniboss_win_1,все,"остался (значения те же, что в новом ключе)",(нет ключа; в master dialogue_text_campaign_0_0_6_miniboss_win_1),,Удалить после подтверждения (ни одна активная ветка не использует dialog_*),"Остаётся, удалим пакетно в нерабочее время"
Г. Старый ключ dialog_* после переноса на dialogue_*,dialog_text_campaign_0_0_6_miniboss_win_2,все,"остался (значения те же, что в новом ключе)",(нет ключа; в master dialogue_text_campaign_0_0_6_miniboss_win_2),,Удалить после подтверждения (ни одна активная ветка не использует dialog_*),"Остаётся, удалим пакетно в нерабочее время"
Г. Старый ключ dialog_* после переноса на dialogue_*,dialog_text_campaign_0_0_boss_1,все,"остался (значения те же, что в новом ключе)",(нет ключа; в master dialogue_text_campaign_0_0_boss_1),,Удалить после подтверждения (ни одна активная ветка не использует dialog_*),"Остаётся, удалим пакетно в нерабочее время"
Г. Старый ключ dialog_* после переноса на dialogue_*,dialog_text_campaign_0_0_boss_2,все,"остался (значения те же, что в новом ключе)",(нет ключа; в master dialogue_text_campaign_0_0_boss_2),,Удалить после подтверждения (ни одна активная ветка не использует dialog_*),"Остаётся, удалим пакетно в нерабочее время"
Г. Старый ключ dialog_* после переноса на dialogue_*,dialog_text_campaign_0_0_boss_afterReward,все,"остался (значения те же, что в новом ключе)",(нет ключа; в master dialogue_text_campaign_0_0_boss_afterReward),,Удалить после подтверждения (ни одна активная ветка не использует dialog_*),"Остаётся, удалим пакетно в нерабочее время"
Г. Старый ключ dialog_* после переноса на dialogue_*,dialog_text_campaign_0_0_boss_win_1,все,"остался (значения те же, что в новом ключе)",(нет ключа; в master dialogue_text_campaign_0_0_boss_win_1),,Удалить после подтверждения (ни одна активная ветка не использует dialog_*),"Остаётся, удалим пакетно в нерабочее время"
Г. Старый ключ dialog_* после переноса на dialogue_*,dialog_text_campaign_0_0_boss_win_2,все,"остался (значения те же, что в новом ключе)",(нет ключа; в master dialogue_text_campaign_0_0_boss_win_2),,Удалить после подтверждения (ни одна активная ветка не использует dialog_*),"Остаётся, удалим пакетно в нерабочее время"
Г. Старый ключ dialog_* после переноса на dialogue_*,dialog_text_campaign_0_0_boss_win_3,все,"остался (значения те же, что в новом ключе)",(нет ключа; в master dialogue_text_campaign_0_0_boss_win_3),,Удалить после подтверждения (ни одна активная ветка не использует dialog_*),"Остаётся, удалим пакетно в нерабочее время"
Г. Старый ключ dialog_* после переноса на dialogue_*,dialog_text_campaign_0_0_boss_win_4,все,"остался (значения те же, что в новом ключе)",(нет ключа; в master dialogue_text_campaign_0_0_boss_win_4),,Удалить после подтверждения (ни одна активная ветка не использует dialog_*),"Остаётся, удалим пакетно в нерабочее время"
Г. Старый ключ dialog_* после переноса на dialogue_*,dialog_text_campaign_0_0_region_1,все,"остался (значения те же, что в новом ключе)",(нет ключа; в master dialogue_text_campaign_0_0_region_1),,Удалить после подтверждения (ни одна активная ветка не использует dialog_*),"Остаётся, удалим пакетно в нерабочее время"
Г. Старый ключ dialog_* после переноса на dialogue_*,dialog_text_campaign_0_0_region_2,все,"остался (значения те же, что в новом ключе)",(нет ключа; в master dialogue_text_campaign_0_0_region_2),,Удалить после подтверждения (ни одна активная ветка не использует dialog_*),"Остаётся, удалим пакетно в нерабочее время"
Г. Старый ключ dialog_* после переноса на dialogue_*,dialog_text_campaign_0_0_region_3,все,"остался (значения те же, что в новом ключе)",(нет ключа; в master dialogue_text_campaign_0_0_region_3),,Удалить после подтверждения (ни одна активная ветка не использует dialog_*),"Остаётся, удалим пакетно в нерабочее время"
Г. Старый ключ dialog_* после переноса на dialogue_*,dialog_text_campaign_1_0_14_miniboss_1,все,"остался (значения те же, что в новом ключе)",(нет ключа; в master dialogue_text_campaign_1_0_14_miniboss_1),,Удалить после подтверждения (ни одна активная ветка не использует dialog_*),"Остаётся, удалим пакетно в нерабочее время"
Г. Старый ключ dialog_* после переноса на dialogue_*,dialog_text_campaign_1_0_14_miniboss_2,все,"остался (значения те же, что в новом ключе)",(нет ключа; в master dialogue_text_campaign_1_0_14_miniboss_2),,Удалить после подтверждения (ни одна активная ветка не использует dialog_*),"Остаётся, удалим пакетно в нерабочее время"
Г. Старый ключ dialog_* после переноса на dialogue_*,dialog_text_campaign_1_0_14_miniboss_3,все,"остался (значения те же, что в новом ключе)",(нет ключа; в master dialogue_text_campaign_1_0_14_miniboss_3),,Удалить после подтверждения (ни одна активная ветка не использует dialog_*),"Остаётся, удалим пакетно в нерабочее время"
Г. Старый ключ dialog_* после переноса на dialogue_*,dialog_text_campaign_1_0_14_miniboss_4,все,"остался (значения те же, что в новом ключе)",(нет ключа; в master dialogue_text_campaign_1_0_14_miniboss_4),,Удалить после подтверждения (ни одна активная ветка не использует dialog_*),"Остаётся, удалим пакетно в нерабочее время"
Г. Старый ключ dialog_* после переноса на dialogue_*,dialog_text_campaign_1_0_14_miniboss_win_1,все,"остался (значения те же, что в новом ключе)",(нет ключа; в master dialogue_text_campaign_1_0_14_miniboss_win_1),,Удалить после подтверждения (ни одна активная ветка не использует dialog_*),"Остаётся, удалим пакетно в нерабочее время"
Г. Старый ключ dialog_* после переноса на dialogue_*,dialog_text_campaign_1_0_14_miniboss_win_2,все,"остался (значения те же, что в новом ключе)",(нет ключа; в master dialogue_text_campaign_1_0_14_miniboss_win_2),,Удалить после подтверждения (ни одна активная ветка не использует dialog_*),"Остаётся, удалим пакетно в нерабочее время"
Г. Старый ключ dialog_* после переноса на dialogue_*,dialog_text_campaign_1_0_14_miniboss_win_3,все,"остался (значения те же, что в новом ключе)",(нет ключа; в master dialogue_text_campaign_1_0_14_miniboss_win_3),,Удалить после подтверждения (ни одна активная ветка не использует dialog_*),"Остаётся, удалим пакетно в нерабочее время"
Г. Старый ключ dialog_* после переноса на dialogue_*,dialog_text_campaign_1_0_14_miniboss_win_4,все,"остался (значения те же, что в новом ключе)",(нет ключа; в master dialogue_text_campaign_1_0_14_miniboss_win_4),,Удалить после подтверждения (ни одна активная ветка не использует dialog_*),"Остаётся, удалим пакетно в нерабочее время"
Г. Старый ключ dialog_* после переноса на dialogue_*,dialog_text_campaign_1_0_14_miniboss_win_5,все,"остался (значения те же, что в новом ключе)",(нет ключа; в master dialogue_text_campaign_1_0_14_miniboss_win_5),,Удалить после подтверждения (ни одна активная ветка не использует dialog_*),"Остаётся, удалим пакетно в нерабочее время"
Г. Старый ключ dialog_* после переноса на dialogue_*,dialog_text_campaign_1_0_22_miniboss_1,все,"остался (значения те же, что в новом ключе)",(нет ключа; в master dialogue_text_campaign_1_0_22_miniboss_1),,Удалить после подтверждения (ни одна активная ветка не использует dialog_*),"Остаётся, удалим пакетно в нерабочее время"
Г. Старый ключ dialog_* после переноса на dialogue_*,dialog_text_campaign_1_0_22_miniboss_2,все,"остался (значения те же, что в новом ключе)",(нет ключа; в master dialogue_text_campaign_1_0_22_miniboss_2),,Удалить после подтверждения (ни одна активная ветка не использует dialog_*),"Остаётся, удалим пакетно в нерабочее время"
Г. Старый ключ dialog_* после переноса на dialogue_*,dialog_text_campaign_1_0_22_miniboss_3,все,"остался (значения те же, что в новом ключе)",(нет ключа; в master dialogue_text_campaign_1_0_22_miniboss_3),,Удалить после подтверждения (ни одна активная ветка не использует dialog_*),"Остаётся, удалим пакетно в нерабочее время"
Г. Старый ключ dialog_* после переноса на dialogue_*,dialog_text_campaign_1_0_22_miniboss_4,все,"остался (значения те же, что в новом ключе)",(нет ключа; в master dialogue_text_campaign_1_0_22_miniboss_4),,Удалить после подтверждения (ни одна активная ветка не использует dialog_*),"Остаётся, удалим пакетно в нерабочее время"
Г. Старый ключ dialog_* после переноса на dialogue_*,dialog_text_campaign_1_0_22_miniboss_win_1,все,"остался (значения те же, что в новом ключе)",(нет ключа; в master dialogue_text_campaign_1_0_22_miniboss_win_1),,Удалить после подтверждения (ни одна активная ветка не использует dialog_*),"Остаётся, удалим пакетно в нерабочее время"
Г. Старый ключ dialog_* после переноса на dialogue_*,dialog_text_campaign_1_0_22_miniboss_win_2,все,"остался (значения те же, что в новом ключе)",(нет ключа; в master dialogue_text_campaign_1_0_22_miniboss_win_2),,Удалить после подтверждения (ни одна активная ветка не использует dialog_*),"Остаётся, удалим пакетно в нерабочее время"
Г. Старый ключ dialog_* после переноса на dialogue_*,dialog_text_campaign_1_0_22_miniboss_win_3,все,"остался (значения те же, что в новом ключе)",(нет ключа; в master dialogue_text_campaign_1_0_22_miniboss_win_3),,Удалить после подтверждения (ни одна активная ветка не использует dialog_*),"Остаётся, удалим пакетно в нерабочее время"
Г. Старый ключ dialog_* после переноса на dialogue_*,dialog_text_campaign_1_0_6_miniboss_1,все,"остался (значения те же, что в новом ключе)",(нет ключа; в master dialogue_text_campaign_1_0_6_miniboss_1),,Удалить после подтверждения (ни одна активная ветка не использует dialog_*),"Остаётся, удалим пакетно в нерабочее время"
Г. Старый ключ dialog_* после переноса на dialogue_*,dialog_text_campaign_1_0_6_miniboss_2,все,"остался (значения те же, что в новом ключе)",(нет ключа; в master dialogue_text_campaign_1_0_6_miniboss_2),,Удалить после подтверждения (ни одна активная ветка не использует dialog_*),"Остаётся, удалим пакетно в нерабочее время"
Г. Старый ключ dialog_* после переноса на dialogue_*,dialog_text_campaign_1_0_6_miniboss_3,все,"остался (значения те же, что в новом ключе)",(нет ключа; в master dialogue_text_campaign_1_0_6_miniboss_3),,Удалить после подтверждения (ни одна активная ветка не использует dialog_*),"Остаётся, удалим пакетно в нерабочее время"
Г. Старый ключ dialog_* после переноса на dialogue_*,dialog_text_campaign_1_0_6_miniboss_4,все,"остался (значения те же, что в новом ключе)",(нет ключа; в master dialogue_text_campaign_1_0_6_miniboss_4),,Удалить после подтверждения (ни одна активная ветка не использует dialog_*),"Остаётся, удалим пакетно в нерабочее время"
Г. Старый ключ dialog_* после переноса на dialogue_*,dialog_text_campaign_1_0_6_miniboss_5,все,"остался (значения те же, что в новом ключе)",(нет ключа; в master dialogue_text_campaign_1_0_6_miniboss_5),,Удалить после подтверждения (ни одна активная ветка не использует dialog_*),"Остаётся, удалим пакетно в нерабочее время"
Г. Старый ключ dialog_* после переноса на dialogue_*,dialog_text_campaign_1_0_6_miniboss_win_1,все,"остался (значения те же, что в новом ключе)",(нет ключа; в master dialogue_text_campaign_1_0_6_miniboss_win_1),,Удалить после подтверждения (ни одна активная ветка не использует dialog_*),"Остаётся, удалим пакетно в нерабочее время"
Г. Старый ключ dialog_* после переноса на dialogue_*,dialog_text_campaign_1_0_boss_1,все,"остался (значения те же, что в новом ключе)",(нет ключа; в master dialogue_text_campaign_1_0_boss_1),,Удалить после подтверждения (ни одна активная ветка не использует dialog_*),"Остаётся, удалим пакетно в нерабочее время"
Г. Старый ключ dialog_* после переноса на dialogue_*,dialog_text_campaign_1_0_boss_2,все,"остался (значения те же, что в новом ключе)",(нет ключа; в master dialogue_text_campaign_1_0_boss_2),,Удалить после подтверждения (ни одна активная ветка не использует dialog_*),"Остаётся, удалим пакетно в нерабочее время"
Г. Старый ключ dialog_* после переноса на dialogue_*,dialog_text_campaign_1_0_boss_3,все,"остался (значения те же, что в новом ключе)",(нет ключа; в master dialogue_text_campaign_1_0_boss_3),,Удалить после подтверждения (ни одна активная ветка не использует dialog_*),"Остаётся, удалим пакетно в нерабочее время"
Г. Старый ключ dialog_* после переноса на dialogue_*,dialog_text_campaign_1_0_boss_4,все,"остался (значения те же, что в новом ключе)",(нет ключа; в master dialogue_text_campaign_1_0_boss_4),,Удалить после подтверждения (ни одна активная ветка не использует dialog_*),"Остаётся, удалим пакетно в нерабочее время"
Г. Старый ключ dialog_* после переноса на dialogue_*,dialog_text_campaign_1_0_boss_win_1,все,"остался (значения те же, что в новом ключе)",(нет ключа; в master dialogue_text_campaign_1_0_boss_win_1),,Удалить после подтверждения (ни одна активная ветка не использует dialog_*),"Остаётся, удалим пакетно в нерабочее время"
Г. Старый ключ dialog_* после переноса на dialogue_*,dialog_text_campaign_1_0_boss_win_2,все,"остался (значения те же, что в новом ключе)",(нет ключа; в master dialogue_text_campaign_1_0_boss_win_2),,Удалить после подтверждения (ни одна активная ветка не использует dialog_*),"Остаётся, удалим пакетно в нерабочее время"
Г. Старый ключ dialog_* после переноса на dialogue_*,dialog_text_campaign_1_0_boss_win_3,все,"остался (значения те же, что в новом ключе)",(нет ключа; в master dialogue_text_campaign_1_0_boss_win_3),,Удалить после подтверждения (ни одна активная ветка не использует dialog_*),"Остаётся, удалим пакетно в нерабочее время"
Г. Старый ключ dialog_* после переноса на dialogue_*,dialog_text_campaign_1_0_boss_win_4,все,"остался (значения те же, что в новом ключе)",(нет ключа; в master dialogue_text_campaign_1_0_boss_win_4),,Удалить после подтверждения (ни одна активная ветка не использует dialog_*),"Остаётся, удалим пакетно в нерабочее время"
Г. Старый ключ dialog_* после переноса на dialogue_*,dialog_text_campaign_1_0_boss_win_5,все,"остался (значения те же, что в новом ключе)",(нет ключа; в master dialogue_text_campaign_1_0_boss_win_5),,Удалить после подтверждения (ни одна активная ветка не использует dialog_*),"Остаётся, удалим пакетно в нерабочее время"
Г. Старый ключ dialog_* после переноса на dialogue_*,dialog_text_campaign_1_0_boss_win_6,все,"остался (значения те же, что в новом ключе)",(нет ключа; в master dialogue_text_campaign_1_0_boss_win_6),,Удалить после подтверждения (ни одна активная ветка не использует dialog_*),"Остаётся, удалим пакетно в нерабочее время"
Г. Старый ключ dialog_* после переноса на dialogue_*,dialog_text_campaign_1_0_boss_win_7,все,"остался (значения те же, что в новом ключе)",(нет ключа; в master dialogue_text_campaign_1_0_boss_win_7),,Удалить после подтверждения (ни одна активная ветка не использует dialog_*),"Остаётся, удалим пакетно в нерабочее время"
Г. Старый ключ dialog_* после переноса на dialogue_*,dialog_text_campaign_1_0_boss_win_8,все,"остался (значения те же, что в новом ключе)",(нет ключа; в master dialogue_text_campaign_1_0_boss_win_8),,Удалить после подтверждения (ни одна активная ветка не использует dialog_*),"Остаётся, удалим пакетно в нерабочее время"
Г. Старый ключ dialog_* после переноса на dialogue_*,dialog_text_campaign_1_0_region_1,все,"остался (значения те же, что в новом ключе)",(нет ключа; в master dialogue_text_campaign_1_0_region_1),,Удалить после подтверждения (ни одна активная ветка не использует dialog_*),"Остаётся, удалим пакетно в нерабочее время"
Г. Старый ключ dialog_* после переноса на dialogue_*,dialog_text_campaign_1_0_region_2,все,"остался (значения те же, что в новом ключе)",(нет ключа; в master dialogue_text_campaign_1_0_region_2),,Удалить после подтверждения (ни одна активная ветка не использует dialog_*),"Остаётся, удалим пакетно в нерабочее время"
Г. Старый ключ dialog_* после переноса на dialogue_*,dialog_text_campaign_2_0_14_miniboss_1,все,"остался (значения те же, что в новом ключе)",(нет ключа; в master dialogue_text_campaign_2_0_14_miniboss_1),,Удалить после подтверждения (ни одна активная ветка не использует dialog_*),"Остаётся, удалим пакетно в нерабочее время"
Г. Старый ключ dialog_* после переноса на dialogue_*,dialog_text_campaign_2_0_14_miniboss_2,все,"остался (значения те же, что в новом ключе)",(нет ключа; в master dialogue_text_campaign_2_0_14_miniboss_2),,Удалить после подтверждения (ни одна активная ветка не использует dialog_*),"Остаётся, удалим пакетно в нерабочее время"
Г. Старый ключ dialog_* после переноса на dialogue_*,dialog_text_campaign_2_0_14_miniboss_win,все,"остался (значения те же, что в новом ключе)",(нет ключа; в master dialogue_text_campaign_2_0_14_miniboss_win),,Удалить после подтверждения (ни одна активная ветка не использует dialog_*),"Остаётся, удалим пакетно в нерабочее время"
Г. Старый ключ dialog_* после переноса на dialogue_*,dialog_text_campaign_2_0_22_miniboss_1,все,"остался (значения те же, что в новом ключе)",(нет ключа; в master dialogue_text_campaign_2_0_22_miniboss_1),,Удалить после подтверждения (ни одна активная ветка не использует dialog_*),"Остаётся, удалим пакетно в нерабочее время"
Г. Старый ключ dialog_* после переноса на dialogue_*,dialog_text_campaign_2_0_22_miniboss_2,все,"остался (значения те же, что в новом ключе)",(нет ключа; в master dialogue_text_campaign_2_0_22_miniboss_2),,Удалить после подтверждения (ни одна активная ветка не использует dialog_*),"Остаётся, удалим пакетно в нерабочее время"
Г. Старый ключ dialog_* после переноса на dialogue_*,dialog_text_campaign_2_0_6_miniboss_1,все,"остался (значения те же, что в новом ключе)",(нет ключа; в master dialogue_text_campaign_2_0_6_miniboss_1),,Удалить после подтверждения (ни одна активная ветка не использует dialog_*),"Остаётся, удалим пакетно в нерабочее время"
Г. Старый ключ dialog_* после переноса на dialogue_*,dialog_text_campaign_2_0_6_miniboss_2,все,"остался (значения те же, что в новом ключе)",(нет ключа; в master dialogue_text_campaign_2_0_6_miniboss_2),,Удалить после подтверждения (ни одна активная ветка не использует dialog_*),"Остаётся, удалим пакетно в нерабочее время"
Г. Старый ключ dialog_* после переноса на dialogue_*,dialog_text_campaign_2_0_6_miniboss_3,все,"остался (значения те же, что в новом ключе)",(нет ключа; в master dialogue_text_campaign_2_0_6_miniboss_3),,Удалить после подтверждения (ни одна активная ветка не использует dialog_*),"Остаётся, удалим пакетно в нерабочее время"
Г. Старый ключ dialog_* после переноса на dialogue_*,dialog_text_campaign_2_0_6_miniboss_win,все,"остался (значения те же, что в новом ключе)",(нет ключа; в master dialogue_text_campaign_2_0_6_miniboss_win),,Удалить после подтверждения (ни одна активная ветка не использует dialog_*),"Остаётся, удалим пакетно в нерабочее время"
Г. Старый ключ dialog_* после переноса на dialogue_*,dialog_text_campaign_2_0_boss_1,все,"остался (значения те же, что в новом ключе)",(нет ключа; в master dialogue_text_campaign_2_0_boss_1),,Удалить после подтверждения (ни одна активная ветка не использует dialog_*),"Остаётся, удалим пакетно в нерабочее время"
Г. Старый ключ dialog_* после переноса на dialogue_*,dialog_text_campaign_2_0_boss_2,все,"остался (значения те же, что в новом ключе)",(нет ключа; в master dialogue_text_campaign_2_0_boss_2),,Удалить после подтверждения (ни одна активная ветка не использует dialog_*),"Остаётся, удалим пакетно в нерабочее время"
Г. Старый ключ dialog_* после переноса на dialogue_*,dialog_text_campaign_2_0_boss_3,все,"остался (значения те же, что в новом ключе)",(нет ключа; в master dialogue_text_campaign_2_0_boss_3),,Удалить после подтверждения (ни одна активная ветка не использует dialog_*),"Остаётся, удалим пакетно в нерабочее время"
Г. Старый ключ dialog_* после переноса на dialogue_*,dialog_text_campaign_2_0_boss_win_1,все,"остался (значения те же, что в новом ключе)",(нет ключа; в master dialogue_text_campaign_2_0_boss_win_1),,Удалить после подтверждения (ни одна активная ветка не использует dialog_*),"Остаётся, удалим пакетно в нерабочее время"
Г. Старый ключ dialog_* после переноса на dialogue_*,dialog_text_campaign_2_0_boss_win_2,все,"остался (значения те же, что в новом ключе)",(нет ключа; в master dialogue_text_campaign_2_0_boss_win_2),,Удалить после подтверждения (ни одна активная ветка не использует dialog_*),"Остаётся, удалим пакетно в нерабочее время"
Г. Старый ключ dialog_* после переноса на dialogue_*,dialog_text_campaign_2_0_boss_win_3,все,"остался (значения те же, что в новом ключе)",(нет ключа; в master dialogue_text_campaign_2_0_boss_win_3),,Удалить после подтверждения (ни одна активная ветка не использует dialog_*),"Остаётся, удалим пакетно в нерабочее время"
Г. Старый ключ dialog_* после переноса на dialogue_*,dialog_text_campaign_2_0_region_1,все,"остался (значения те же, что в новом ключе)",(нет ключа; в master dialogue_text_campaign_2_0_region_1),,Удалить после подтверждения (ни одна активная ветка не использует dialog_*),"Остаётся, удалим пакетно в нерабочее время"
Г. Старый ключ dialog_* после переноса на dialogue_*,dialog_text_campaign_2_0_region_2,все,"остался (значения те же, что в новом ключе)",(нет ключа; в master dialogue_text_campaign_2_0_region_2),,Удалить после подтверждения (ни одна активная ветка не использует dialog_*),"Остаётся, удалим пакетно в нерабочее время"
Г. Старый ключ dialog_* после переноса на dialogue_*,dialog_text_campaign_2_0_region_3,все,"остался (значения те же, что в новом ключе)",(нет ключа; в master dialogue_text_campaign_2_0_region_3),,Удалить после подтверждения (ни одна активная ветка не использует dialog_*),"Остаётся, удалим пакетно в нерабочее время"
Г. Старый ключ dialog_* после переноса на dialogue_*,dialog_text_campaign_2_1_14_miniboss_1,все,"остался (значения те же, что в новом ключе)",(нет ключа; в master dialogue_text_campaign_2_1_14_miniboss_1),,Удалить после подтверждения (ни одна активная ветка не использует dialog_*),"Остаётся, удалим пакетно в нерабочее время"
Г. Старый ключ dialog_* после переноса на dialogue_*,dialog_text_campaign_2_1_14_miniboss_2,все,"остался (значения те же, что в новом ключе)",(нет ключа; в master dialogue_text_campaign_2_1_14_miniboss_2),,Удалить после подтверждения (ни одна активная ветка не использует dialog_*),"Остаётся, удалим пакетно в нерабочее время"
Г. Старый ключ dialog_* после переноса на dialogue_*,dialog_text_campaign_2_1_14_miniboss_win_1,все,"остался (значения те же, что в новом ключе)",(нет ключа; в master dialogue_text_campaign_2_1_14_miniboss_win_1),,Удалить после подтверждения (ни одна активная ветка не использует dialog_*),"Остаётся, удалим пакетно в нерабочее время"
Г. Старый ключ dialog_* после переноса на dialogue_*,dialog_text_campaign_2_1_14_miniboss_win_2,все,"остался (значения те же, что в новом ключе)",(нет ключа; в master dialogue_text_campaign_2_1_14_miniboss_win_2),,Удалить после подтверждения (ни одна активная ветка не использует dialog_*),"Остаётся, удалим пакетно в нерабочее время"
Г. Старый ключ dialog_* после переноса на dialogue_*,dialog_text_campaign_2_1_14_miniboss_win_3,все,"остался (значения те же, что в новом ключе)",(нет ключа; в master dialogue_text_campaign_2_1_14_miniboss_win_3),,Удалить после подтверждения (ни одна активная ветка не использует dialog_*),"Остаётся, удалим пакетно в нерабочее время"
Г. Старый ключ dialog_* после переноса на dialogue_*,dialog_text_campaign_2_1_14_miniboss_win_4,все,"остался (значения те же, что в новом ключе)",(нет ключа; в master dialogue_text_campaign_2_1_14_miniboss_win_4),,Удалить после подтверждения (ни одна активная ветка не использует dialog_*),"Остаётся, удалим пакетно в нерабочее время"
Г. Старый ключ dialog_* после переноса на dialogue_*,dialog_text_campaign_2_1_14_miniboss_win_5,все,"остался (значения те же, что в новом ключе)",(нет ключа; в master dialogue_text_campaign_2_1_14_miniboss_win_5),,Удалить после подтверждения (ни одна активная ветка не использует dialog_*),"Остаётся, удалим пакетно в нерабочее время"
Г. Старый ключ dialog_* после переноса на dialogue_*,dialog_text_campaign_2_1_22_miniboss,все,"остался (значения те же, что в новом ключе)",(нет ключа; в master dialogue_text_campaign_2_1_22_miniboss),,Удалить после подтверждения (ни одна активная ветка не использует dialog_*),"Остаётся, удалим пакетно в нерабочее время"
Г. Старый ключ dialog_* после переноса на dialogue_*,dialog_text_campaign_2_1_6_miniboss_1,все,"остался (значения те же, что в новом ключе)",(нет ключа; в master dialogue_text_campaign_2_1_6_miniboss_1),,Удалить после подтверждения (ни одна активная ветка не использует dialog_*),"Остаётся, удалим пакетно в нерабочее время"
Г. Старый ключ dialog_* после переноса на dialogue_*,dialog_text_campaign_2_1_6_miniboss_2,все,"остался (значения те же, что в новом ключе)",(нет ключа; в master dialogue_text_campaign_2_1_6_miniboss_2),,Удалить после подтверждения (ни одна активная ветка не использует dialog_*),"Остаётся, удалим пакетно в нерабочее время"
Г. Старый ключ dialog_* после переноса на dialogue_*,dialog_text_campaign_2_1_6_miniboss_3,все,"остался (значения те же, что в новом ключе)",(нет ключа; в master dialogue_text_campaign_2_1_6_miniboss_3),,Удалить после подтверждения (ни одна активная ветка не использует dialog_*),"Остаётся, удалим пакетно в нерабочее время"
Г. Старый ключ dialog_* после переноса на dialogue_*,dialog_text_campaign_2_1_6_miniboss_win_1,все,"остался (значения те же, что в новом ключе)",(нет ключа; в master dialogue_text_campaign_2_1_6_miniboss_win_1),,Удалить после подтверждения (ни одна активная ветка не использует dialog_*),"Остаётся, удалим пакетно в нерабочее время"
Г. Старый ключ dialog_* после переноса на dialogue_*,dialog_text_campaign_2_1_boss_1,все,"остался (значения те же, что в новом ключе)",(нет ключа; в master dialogue_text_campaign_2_1_boss_1),,Удалить после подтверждения (ни одна активная ветка не использует dialog_*),"Остаётся, удалим пакетно в нерабочее время"
Г. Старый ключ dialog_* после переноса на dialogue_*,dialog_text_campaign_2_1_boss_2,все,"остался (значения те же, что в новом ключе)",(нет ключа; в master dialogue_text_campaign_2_1_boss_2),,Удалить после подтверждения (ни одна активная ветка не использует dialog_*),"Остаётся, удалим пакетно в нерабочее время"
Г. Старый ключ dialog_* после переноса на dialogue_*,dialog_text_campaign_2_1_boss_3,все,"остался (значения те же, что в новом ключе)",(нет ключа; в master dialogue_text_campaign_2_1_boss_3),,Удалить после подтверждения (ни одна активная ветка не использует dialog_*),"Остаётся, удалим пакетно в нерабочее время"
Г. Старый ключ dialog_* после переноса на dialogue_*,dialog_text_campaign_2_1_boss_afterReward_1,все,"остался (значения те же, что в новом ключе)",(нет ключа; в master dialogue_text_campaign_2_1_boss_afterReward_1),,Удалить после подтверждения (ни одна активная ветка не использует dialog_*),"Остаётся, удалим пакетно в нерабочее время"
Г. Старый ключ dialog_* после переноса на dialogue_*,dialog_text_campaign_2_1_boss_afterReward_2,все,"остался (значения те же, что в новом ключе)",(нет ключа; в master dialogue_text_campaign_2_1_boss_afterReward_2),,Удалить после подтверждения (ни одна активная ветка не использует dialog_*),"Остаётся, удалим пакетно в нерабочее время"
Г. Старый ключ dialog_* после переноса на dialogue_*,dialog_text_campaign_2_1_boss_afterReward_3,все,"остался (значения те же, что в новом ключе)",(нет ключа; в master dialogue_text_campaign_2_1_boss_afterReward_3),,Удалить после подтверждения (ни одна активная ветка не использует dialog_*),"Остаётся, удалим пакетно в нерабочее время"
Г. Старый ключ dialog_* после переноса на dialogue_*,dialog_text_campaign_2_1_boss_afterReward_4,все,"остался (значения те же, что в новом ключе)",(нет ключа; в master dialogue_text_campaign_2_1_boss_afterReward_4),,Удалить после подтверждения (ни одна активная ветка не использует dialog_*),"Остаётся, удалим пакетно в нерабочее время"
Г. Старый ключ dialog_* после переноса на dialogue_*,dialog_text_campaign_2_1_boss_win_1,все,"остался (значения те же, что в новом ключе)",(нет ключа; в master dialogue_text_campaign_2_1_boss_win_1),,Удалить после подтверждения (ни одна активная ветка не использует dialog_*),"Остаётся, удалим пакетно в нерабочее время"
Г. Старый ключ dialog_* после переноса на dialogue_*,dialog_text_campaign_2_1_boss_win_2,все,"остался (значения те же, что в новом ключе)",(нет ключа; в master dialogue_text_campaign_2_1_boss_win_2),,Удалить после подтверждения (ни одна активная ветка не использует dialog_*),"Остаётся, удалим пакетно в нерабочее время"
Г. Старый ключ dialog_* после переноса на dialogue_*,dialog_text_campaign_2_1_boss_win_3,все,"остался (значения те же, что в новом ключе)",(нет ключа; в master dialogue_text_campaign_2_1_boss_win_3),,Удалить после подтверждения (ни одна активная ветка не использует dialog_*),"Остаётся, удалим пакетно в нерабочее время"
Г. Старый ключ dialog_* после переноса на dialogue_*,dialog_text_campaign_2_1_boss_win_4,все,"остался (значения те же, что в новом ключе)",(нет ключа; в master dialogue_text_campaign_2_1_boss_win_4),,Удалить после подтверждения (ни одна активная ветка не использует dialog_*),"Остаётся, удалим пакетно в нерабочее время"
Г. Старый ключ dialog_* после переноса на dialogue_*,dialog_text_campaign_2_1_boss_win_5,все,"остался (значения те же, что в новом ключе)",(нет ключа; в master dialogue_text_campaign_2_1_boss_win_5),,Удалить после подтверждения (ни одна активная ветка не использует dialog_*),"Остаётся, удалим пакетно в нерабочее время"
Г. Старый ключ dialog_* после переноса на dialogue_*,dialog_text_campaign_2_1_region_1,все,"остался (значения те же, что в новом ключе)",(нет ключа; в master dialogue_text_campaign_2_1_region_1),,Удалить после подтверждения (ни одна активная ветка не использует dialog_*),"Остаётся, удалим пакетно в нерабочее время"
Г. Старый ключ dialog_* после переноса на dialogue_*,dialog_text_campaign_2_1_region_2,все,"остался (значения те же, что в новом ключе)",(нет ключа; в master dialogue_text_campaign_2_1_region_2),,Удалить после подтверждения (ни одна активная ветка не использует dialog_*),"Остаётся, удалим пакетно в нерабочее время"
Г. Старый ключ dialog_* после переноса на dialogue_*,dialog_text_campaign_2_1_region_3,все,"остался (значения те же, что в новом ключе)",(нет ключа; в master dialogue_text_campaign_2_1_region_3),,Удалить после подтверждения (ни одна активная ветка не использует dialog_*),"Остаётся, удалим пакетно в нерабочее время"
Г. Старый ключ dialog_* после переноса на dialogue_*,dialog_text_campaign_2_1_region_4,все,"остался (значения те же, что в новом ключе)",(нет ключа; в master dialogue_text_campaign_2_1_region_4),,Удалить после подтверждения (ни одна активная ветка не использует dialog_*),"Остаётся, удалим пакетно в нерабочее время"
Г. Старый ключ dialog_* после переноса на dialogue_*,dialog_text_campaign_2_1_region_5,все,"остался (значения те же, что в новом ключе)",(нет ключа; в master dialogue_text_campaign_2_1_region_5),,Удалить после подтверждения (ни одна активная ветка не использует dialog_*),"Остаётся, удалим пакетно в нерабочее время"
Г. Старый ключ dialog_* после переноса на dialogue_*,dialog_text_campaign_2_1_region_6,все,"остался (значения те же, что в новом ключе)",(нет ключа; в master dialogue_text_campaign_2_1_region_6),,Удалить после подтверждения (ни одна активная ветка не использует dialog_*),"Остаётся, удалим пакетно в нерабочее время"
Г. Старый ключ dialog_* после переноса на dialogue_*,dialog_text_campaign_3_0_14_miniboss_1,все,"остался (значения те же, что в новом ключе)",(нет ключа; в master dialogue_text_campaign_3_0_14_miniboss_1),,Удалить после подтверждения (ни одна активная ветка не использует dialog_*),"Остаётся, удалим пакетно в нерабочее время"
Г. Старый ключ dialog_* после переноса на dialogue_*,dialog_text_campaign_3_0_14_miniboss_2,все,"остался (значения те же, что в новом ключе)",(нет ключа; в master dialogue_text_campaign_3_0_14_miniboss_2),,Удалить после подтверждения (ни одна активная ветка не использует dialog_*),"Остаётся, удалим пакетно в нерабочее время"
Г. Старый ключ dialog_* после переноса на dialogue_*,dialog_text_campaign_3_0_14_miniboss_3,все,"остался (значения те же, что в новом ключе)",(нет ключа; в master dialogue_text_campaign_3_0_14_miniboss_3),,Удалить после подтверждения (ни одна активная ветка не использует dialog_*),"Остаётся, удалим пакетно в нерабочее время"
Г. Старый ключ dialog_* после переноса на dialogue_*,dialog_text_campaign_3_0_14_miniboss_4,все,"остался (значения те же, что в новом ключе)",(нет ключа; в master dialogue_text_campaign_3_0_14_miniboss_4),,Удалить после подтверждения (ни одна активная ветка не использует dialog_*),"Остаётся, удалим пакетно в нерабочее время"
Г. Старый ключ dialog_* после переноса на dialogue_*,dialog_text_campaign_3_0_14_miniboss_win,все,"остался (значения те же, что в новом ключе)",(нет ключа; в master dialogue_text_campaign_3_0_14_miniboss_win),,Удалить после подтверждения (ни одна активная ветка не использует dialog_*),"Остаётся, удалим пакетно в нерабочее время"
Г. Старый ключ dialog_* после переноса на dialogue_*,dialog_text_campaign_3_0_22_miniboss_1,все,"остался (значения те же, что в новом ключе)",(нет ключа; в master dialogue_text_campaign_3_0_22_miniboss_1),,Удалить после подтверждения (ни одна активная ветка не использует dialog_*),"Остаётся, удалим пакетно в нерабочее время"
Г. Старый ключ dialog_* после переноса на dialogue_*,dialog_text_campaign_3_0_22_miniboss_2,все,"остался (значения те же, что в новом ключе)",(нет ключа; в master dialogue_text_campaign_3_0_22_miniboss_2),,Удалить после подтверждения (ни одна активная ветка не использует dialog_*),"Остаётся, удалим пакетно в нерабочее время"
Г. Старый ключ dialog_* после переноса на dialogue_*,dialog_text_campaign_3_0_22_miniboss_3,все,"остался (значения те же, что в новом ключе)",(нет ключа; в master dialogue_text_campaign_3_0_22_miniboss_3),,Удалить после подтверждения (ни одна активная ветка не использует dialog_*),"Остаётся, удалим пакетно в нерабочее время"
Г. Старый ключ dialog_* после переноса на dialogue_*,dialog_text_campaign_3_0_22_miniboss_win_1,все,"остался (значения те же, что в новом ключе)",(нет ключа; в master dialogue_text_campaign_3_0_22_miniboss_win_1),,Удалить после подтверждения (ни одна активная ветка не использует dialog_*),"Остаётся, удалим пакетно в нерабочее время"
Г. Старый ключ dialog_* после переноса на dialogue_*,dialog_text_campaign_3_0_22_miniboss_win_2,все,"остался (значения те же, что в новом ключе)",(нет ключа; в master dialogue_text_campaign_3_0_22_miniboss_win_2),,Удалить после подтверждения (ни одна активная ветка не использует dialog_*),"Остаётся, удалим пакетно в нерабочее время"
Г. Старый ключ dialog_* после переноса на dialogue_*,dialog_text_campaign_3_0_6_miniboss_1,все,"остался (значения те же, что в новом ключе)",(нет ключа; в master dialogue_text_campaign_3_0_6_miniboss_1),,Удалить после подтверждения (ни одна активная ветка не использует dialog_*),"Остаётся, удалим пакетно в нерабочее время"
Г. Старый ключ dialog_* после переноса на dialogue_*,dialog_text_campaign_3_0_6_miniboss_2,все,"остался (значения те же, что в новом ключе)",(нет ключа; в master dialogue_text_campaign_3_0_6_miniboss_2),,Удалить после подтверждения (ни одна активная ветка не использует dialog_*),"Остаётся, удалим пакетно в нерабочее время"
Г. Старый ключ dialog_* после переноса на dialogue_*,dialog_text_campaign_3_0_6_miniboss_3,все,"остался (значения те же, что в новом ключе)",(нет ключа; в master dialogue_text_campaign_3_0_6_miniboss_3),,Удалить после подтверждения (ни одна активная ветка не использует dialog_*),"Остаётся, удалим пакетно в нерабочее время"
Г. Старый ключ dialog_* после переноса на dialogue_*,dialog_text_campaign_3_0_6_miniboss_4,все,"остался (значения те же, что в новом ключе)",(нет ключа; в master dialogue_text_campaign_3_0_6_miniboss_4),,Удалить после подтверждения (ни одна активная ветка не использует dialog_*),"Остаётся, удалим пакетно в нерабочее время"
Г. Старый ключ dialog_* после переноса на dialogue_*,dialog_text_campaign_3_0_6_miniboss_win,все,"остался (значения те же, что в новом ключе)",(нет ключа; в master dialogue_text_campaign_3_0_6_miniboss_win),,Удалить после подтверждения (ни одна активная ветка не использует dialog_*),"Остаётся, удалим пакетно в нерабочее время"
Г. Старый ключ dialog_* после переноса на dialogue_*,dialog_text_campaign_3_0_boss_1,все,"остался (значения те же, что в новом ключе)",(нет ключа; в master dialogue_text_campaign_3_0_boss_1),,Удалить после подтверждения (ни одна активная ветка не использует dialog_*),"Остаётся, удалим пакетно в нерабочее время"
Г. Старый ключ dialog_* после переноса на dialogue_*,dialog_text_campaign_3_0_boss_2,все,"остался (значения те же, что в новом ключе)",(нет ключа; в master dialogue_text_campaign_3_0_boss_2),,Удалить после подтверждения (ни одна активная ветка не использует dialog_*),"Остаётся, удалим пакетно в нерабочее время"
Г. Старый ключ dialog_* после переноса на dialogue_*,dialog_text_campaign_3_0_boss_3,все,"остался (значения те же, что в новом ключе)",(нет ключа; в master dialogue_text_campaign_3_0_boss_3),,Удалить после подтверждения (ни одна активная ветка не использует dialog_*),"Остаётся, удалим пакетно в нерабочее время"
Г. Старый ключ dialog_* после переноса на dialogue_*,dialog_text_campaign_3_0_boss_4,все,"остался (значения те же, что в новом ключе)",(нет ключа; в master dialogue_text_campaign_3_0_boss_4),,Удалить после подтверждения (ни одна активная ветка не использует dialog_*),"Остаётся, удалим пакетно в нерабочее время"
Г. Старый ключ dialog_* после переноса на dialogue_*,dialog_text_campaign_3_0_boss_win_1,все,"остался (значения те же, что в новом ключе)",(нет ключа; в master dialogue_text_campaign_3_0_boss_win_1),,Удалить после подтверждения (ни одна активная ветка не использует dialog_*),"Остаётся, удалим пакетно в нерабочее время"
Г. Старый ключ dialog_* после переноса на dialogue_*,dialog_text_campaign_3_0_boss_win_2,все,"остался (значения те же, что в новом ключе)",(нет ключа; в master dialogue_text_campaign_3_0_boss_win_2),,Удалить после подтверждения (ни одна активная ветка не использует dialog_*),"Остаётся, удалим пакетно в нерабочее время"
Г. Старый ключ dialog_* после переноса на dialogue_*,dialog_text_campaign_3_1_14_miniboss_1,все,"остался (значения те же, что в новом ключе)",(нет ключа; в master dialogue_text_campaign_3_1_14_miniboss_1),,Удалить после подтверждения (ни одна активная ветка не использует dialog_*),"Остаётся, удалим пакетно в нерабочее время"
Г. Старый ключ dialog_* после переноса на dialogue_*,dialog_text_campaign_3_1_14_miniboss_2,все,"остался (значения те же, что в новом ключе)",(нет ключа; в master dialogue_text_campaign_3_1_14_miniboss_2),,Удалить после подтверждения (ни одна активная ветка не использует dialog_*),"Остаётся, удалим пакетно в нерабочее время"
Г. Старый ключ dialog_* после переноса на dialogue_*,dialog_text_campaign_3_1_14_miniboss_3,все,"остался (значения те же, что в новом ключе)",(нет ключа; в master dialogue_text_campaign_3_1_14_miniboss_3),,Удалить после подтверждения (ни одна активная ветка не использует dialog_*),"Остаётся, удалим пакетно в нерабочее время"
Г. Старый ключ dialog_* после переноса на dialogue_*,dialog_text_campaign_3_1_14_miniboss_4,все,"остался (значения те же, что в новом ключе)",(нет ключа; в master dialogue_text_campaign_3_1_14_miniboss_4),,Удалить после подтверждения (ни одна активная ветка не использует dialog_*),"Остаётся, удалим пакетно в нерабочее время"
Г. Старый ключ dialog_* после переноса на dialogue_*,dialog_text_campaign_3_1_14_miniboss_win,все,"остался (значения те же, что в новом ключе)",(нет ключа; в master dialogue_text_campaign_3_1_14_miniboss_win),,Удалить после подтверждения (ни одна активная ветка не использует dialog_*),"Остаётся, удалим пакетно в нерабочее время"
Г. Старый ключ dialog_* после переноса на dialogue_*,dialog_text_campaign_3_1_22_miniboss_1,все,"остался (значения те же, что в новом ключе)",(нет ключа; в master dialogue_text_campaign_3_1_22_miniboss_1),,Удалить после подтверждения (ни одна активная ветка не использует dialog_*),"Остаётся, удалим пакетно в нерабочее время"
Г. Старый ключ dialog_* после переноса на dialogue_*,dialog_text_campaign_3_1_22_miniboss_2,все,"остался (значения те же, что в новом ключе)",(нет ключа; в master dialogue_text_campaign_3_1_22_miniboss_2),,Удалить после подтверждения (ни одна активная ветка не использует dialog_*),"Остаётся, удалим пакетно в нерабочее время"
Г. Старый ключ dialog_* после переноса на dialogue_*,dialog_text_campaign_3_1_22_miniboss_3,все,"остался (значения те же, что в новом ключе)",(нет ключа; в master dialogue_text_campaign_3_1_22_miniboss_3),,Удалить после подтверждения (ни одна активная ветка не использует dialog_*),"Остаётся, удалим пакетно в нерабочее время"
Г. Старый ключ dialog_* после переноса на dialogue_*,dialog_text_campaign_3_1_22_miniboss_win_1,все,"остался (значения те же, что в новом ключе)",(нет ключа; в master dialogue_text_campaign_3_1_22_miniboss_win_1),,Удалить после подтверждения (ни одна активная ветка не использует dialog_*),"Остаётся, удалим пакетно в нерабочее время"
Г. Старый ключ dialog_* после переноса на dialogue_*,dialog_text_campaign_3_1_22_miniboss_win_2,все,"остался (значения те же, что в новом ключе)",(нет ключа; в master dialogue_text_campaign_3_1_22_miniboss_win_2),,Удалить после подтверждения (ни одна активная ветка не использует dialog_*),"Остаётся, удалим пакетно в нерабочее время"
Г. Старый ключ dialog_* после переноса на dialogue_*,dialog_text_campaign_3_1_22_miniboss_win_3,все,"остался (значения те же, что в новом ключе)",(нет ключа; в master dialogue_text_campaign_3_1_22_miniboss_win_3),,Удалить после подтверждения (ни одна активная ветка не использует dialog_*),"Остаётся, удалим пакетно в нерабочее время"
Г. Старый ключ dialog_* после переноса на dialogue_*,dialog_text_campaign_3_1_6_miniboss_1,все,"остался (значения те же, что в новом ключе)",(нет ключа; в master dialogue_text_campaign_3_1_6_miniboss_1),,Удалить после подтверждения (ни одна активная ветка не использует dialog_*),"Остаётся, удалим пакетно в нерабочее время"
Г. Старый ключ dialog_* после переноса на dialogue_*,dialog_text_campaign_3_1_6_miniboss_2,все,"остался (значения те же, что в новом ключе)",(нет ключа; в master dialogue_text_campaign_3_1_6_miniboss_2),,Удалить после подтверждения (ни одна активная ветка не использует dialog_*),"Остаётся, удалим пакетно в нерабочее время"
Г. Старый ключ dialog_* после переноса на dialogue_*,dialog_text_campaign_3_1_6_miniboss_3,все,"остался (значения те же, что в новом ключе)",(нет ключа; в master dialogue_text_campaign_3_1_6_miniboss_3),,Удалить после подтверждения (ни одна активная ветка не использует dialog_*),"Остаётся, удалим пакетно в нерабочее время"
Г. Старый ключ dialog_* после переноса на dialogue_*,dialog_text_campaign_3_1_6_miniboss_4,все,"остался (значения те же, что в новом ключе)",(нет ключа; в master dialogue_text_campaign_3_1_6_miniboss_4),,Удалить после подтверждения (ни одна активная ветка не использует dialog_*),"Остаётся, удалим пакетно в нерабочее время"
Г. Старый ключ dialog_* после переноса на dialogue_*,dialog_text_campaign_3_1_6_miniboss_5,все,"остался (значения те же, что в новом ключе)",(нет ключа; в master dialogue_text_campaign_3_1_6_miniboss_5),,Удалить после подтверждения (ни одна активная ветка не использует dialog_*),"Остаётся, удалим пакетно в нерабочее время"
Г. Старый ключ dialog_* после переноса на dialogue_*,dialog_text_campaign_3_1_6_miniboss_win_1,все,"остался (значения те же, что в новом ключе)",(нет ключа; в master dialogue_text_campaign_3_1_6_miniboss_win_1),,Удалить после подтверждения (ни одна активная ветка не использует dialog_*),"Остаётся, удалим пакетно в нерабочее время"
Г. Старый ключ dialog_* после переноса на dialogue_*,dialog_text_campaign_3_1_6_miniboss_win_2,все,"остался (значения те же, что в новом ключе)",(нет ключа; в master dialogue_text_campaign_3_1_6_miniboss_win_2),,Удалить после подтверждения (ни одна активная ветка не использует dialog_*),"Остаётся, удалим пакетно в нерабочее время"
Г. Старый ключ dialog_* после переноса на dialogue_*,dialog_text_campaign_3_1_6_miniboss_win_3,все,"остался (значения те же, что в новом ключе)",(нет ключа; в master dialogue_text_campaign_3_1_6_miniboss_win_3),,Удалить после подтверждения (ни одна активная ветка не использует dialog_*),"Остаётся, удалим пакетно в нерабочее время"
Г. Старый ключ dialog_* после переноса на dialogue_*,dialog_text_campaign_3_1_6_miniboss_win_4,все,"остался (значения те же, что в новом ключе)",(нет ключа; в master dialogue_text_campaign_3_1_6_miniboss_win_4),,Удалить после подтверждения (ни одна активная ветка не использует dialog_*),"Остаётся, удалим пакетно в нерабочее время"
Г. Старый ключ dialog_* после переноса на dialogue_*,dialog_text_campaign_3_1_boss_1,все,"остался (значения те же, что в новом ключе)",(нет ключа; в master dialogue_text_campaign_3_1_boss_1),,Удалить после подтверждения (ни одна активная ветка не использует dialog_*),"Остаётся, удалим пакетно в нерабочее время"
Г. Старый ключ dialog_* после переноса на dialogue_*,dialog_text_campaign_3_1_boss_2,все,"остался (значения те же, что в новом ключе)",(нет ключа; в master dialogue_text_campaign_3_1_boss_2),,Удалить после подтверждения (ни одна активная ветка не использует dialog_*),"Остаётся, удалим пакетно в нерабочее время"
Г. Старый ключ dialog_* после переноса на dialogue_*,dialog_text_campaign_3_1_boss_3,все,"остался (значения те же, что в новом ключе)",(нет ключа; в master dialogue_text_campaign_3_1_boss_3),,Удалить после подтверждения (ни одна активная ветка не использует dialog_*),"Остаётся, удалим пакетно в нерабочее время"
Г. Старый ключ dialog_* после переноса на dialogue_*,dialog_text_campaign_3_1_boss_4,все,"остался (значения те же, что в новом ключе)",(нет ключа; в master dialogue_text_campaign_3_1_boss_4),,Удалить после подтверждения (ни одна активная ветка не использует dialog_*),"Остаётся, удалим пакетно в нерабочее время"
Г. Старый ключ dialog_* после переноса на dialogue_*,dialog_text_campaign_3_1_boss_afterReward_1,все,"остался (значения те же, что в новом ключе)",(нет ключа; в master dialogue_text_campaign_3_1_boss_afterReward_1),,Удалить после подтверждения (ни одна активная ветка не использует dialog_*),"Остаётся, удалим пакетно в нерабочее время"
Г. Старый ключ dialog_* после переноса на dialogue_*,dialog_text_campaign_3_1_boss_afterReward_2,все,"остался (значения те же, что в новом ключе)",(нет ключа; в master dialogue_text_campaign_3_1_boss_afterReward_2),,Удалить после подтверждения (ни одна активная ветка не использует dialog_*),"Остаётся, удалим пакетно в нерабочее время"
Г. Старый ключ dialog_* после переноса на dialogue_*,dialog_text_campaign_3_1_boss_win_1,все,"остался (значения те же, что в новом ключе)",(нет ключа; в master dialogue_text_campaign_3_1_boss_win_1),,Удалить после подтверждения (ни одна активная ветка не использует dialog_*),"Остаётся, удалим пакетно в нерабочее время"
Г. Старый ключ dialog_* после переноса на dialogue_*,dialog_text_campaign_3_1_boss_win_2,все,"остался (значения те же, что в новом ключе)",(нет ключа; в master dialogue_text_campaign_3_1_boss_win_2),,Удалить после подтверждения (ни одна активная ветка не использует dialog_*),"Остаётся, удалим пакетно в нерабочее время"
Г. Старый ключ dialog_* после переноса на dialogue_*,dialog_text_campaign_3_1_boss_win_3,все,"остался (значения те же, что в новом ключе)",(нет ключа; в master dialogue_text_campaign_3_1_boss_win_3),,Удалить после подтверждения (ни одна активная ветка не использует dialog_*),"Остаётся, удалим пакетно в нерабочее время"
Г. Старый ключ dialog_* после переноса на dialogue_*,dialog_text_campaign_3_1_boss_win_4,все,"остался (значения те же, что в новом ключе)",(нет ключа; в master dialogue_text_campaign_3_1_boss_win_4),,Удалить после подтверждения (ни одна активная ветка не использует dialog_*),"Остаётся, удалим пакетно в нерабочее время"
Г. Старый ключ dialog_* после переноса на dialogue_*,dialog_text_campaign_3_1_boss_win_5,все,"остался (значения те же, что в новом ключе)",(нет ключа; в master dialogue_text_campaign_3_1_boss_win_5),,Удалить после подтверждения (ни одна активная ветка не использует dialog_*),"Остаётся, удалим пакетно в нерабочее время"
Г. Старый ключ dialog_* после переноса на dialogue_*,dialog_text_campaign_3_1_region_1,все,"остался (значения те же, что в новом ключе)",(нет ключа; в master dialogue_text_campaign_3_1_region_1),,Удалить после подтверждения (ни одна активная ветка не использует dialog_*),"Остаётся, удалим пакетно в нерабочее время"
Г. Старый ключ dialog_* после переноса на dialogue_*,dialog_text_campaign_3_1_region_2,все,"остался (значения те же, что в новом ключе)",(нет ключа; в master dialogue_text_campaign_3_1_region_2),,Удалить после подтверждения (ни одна активная ветка не использует dialog_*),"Остаётся, удалим пакетно в нерабочее время"
Г. Старый ключ dialog_* после переноса на dialogue_*,dialog_text_campaign_3_1_region_3,все,"остался (значения те же, что в новом ключе)",(нет ключа; в master dialogue_text_campaign_3_1_region_3),,Удалить после подтверждения (ни одна активная ветка не использует dialog_*),"Остаётся, удалим пакетно в нерабочее время"
Г. Старый ключ dialog_* после переноса на dialogue_*,dialog_text_campaign_3_1_region_4,все,"остался (значения те же, что в новом ключе)",(нет ключа; в master dialogue_text_campaign_3_1_region_4),,Удалить после подтверждения (ни одна активная ветка не использует dialog_*),"Остаётся, удалим пакетно в нерабочее время"
Г. Старый ключ dialog_* после переноса на dialogue_*,dialog_text_campaign_3_1_region_5,все,"остался (значения те же, что в новом ключе)",(нет ключа; в master dialogue_text_campaign_3_1_region_5),,Удалить после подтверждения (ни одна активная ветка не использует dialog_*),"Остаётся, удалим пакетно в нерабочее время"
Г. Старый ключ dialog_* после переноса на dialogue_*,dialog_text_campaign_3_1_region_6,все,"остался (значения те же, что в новом ключе)",(нет ключа; в master dialogue_text_campaign_3_1_region_6),,Удалить после подтверждения (ни одна активная ветка не использует dialog_*),"Остаётся, удалим пакетно в нерабочее время"
Г. Старый ключ dialog_* после переноса на dialogue_*,dialog_text_campaign_4_0_0_win_1,все,"остался (значения те же, что в новом ключе)",(нет ключа; в master dialogue_text_campaign_4_0_0_win_1),,Удалить после подтверждения (ни одна активная ветка не использует dialog_*),"Остаётся, удалим пакетно в нерабочее время"
Г. Старый ключ dialog_* после переноса на dialogue_*,dialog_text_campaign_4_0_10_win_1,все,"остался (значения те же, что в новом ключе)",(нет ключа; в master dialogue_text_campaign_4_0_10_win_1),,Удалить после подтверждения (ни одна активная ветка не использует dialog_*),"Остаётся, удалим пакетно в нерабочее время"
Г. Старый ключ dialog_* после переноса на dialogue_*,dialog_text_campaign_4_0_10_win_10,все,"остался (значения те же, что в новом ключе)",(нет ключа; в master dialogue_text_campaign_4_0_10_win_10),,Удалить после подтверждения (ни одна активная ветка не использует dialog_*),"Остаётся, удалим пакетно в нерабочее время"
Г. Старый ключ dialog_* после переноса на dialogue_*,dialog_text_campaign_4_0_10_win_2,все,"остался (значения те же, что в новом ключе)",(нет ключа; в master dialogue_text_campaign_4_0_10_win_2),,Удалить после подтверждения (ни одна активная ветка не использует dialog_*),"Остаётся, удалим пакетно в нерабочее время"
Г. Старый ключ dialog_* после переноса на dialogue_*,dialog_text_campaign_4_0_10_win_3,все,"остался (значения те же, что в новом ключе)",(нет ключа; в master dialogue_text_campaign_4_0_10_win_3),,Удалить после подтверждения (ни одна активная ветка не использует dialog_*),"Остаётся, удалим пакетно в нерабочее время"
Г. Старый ключ dialog_* после переноса на dialogue_*,dialog_text_campaign_4_0_10_win_4,все,"остался (значения те же, что в новом ключе)",(нет ключа; в master dialogue_text_campaign_4_0_10_win_4),,Удалить после подтверждения (ни одна активная ветка не использует dialog_*),"Остаётся, удалим пакетно в нерабочее время"
Г. Старый ключ dialog_* после переноса на dialogue_*,dialog_text_campaign_4_0_10_win_5,все,"остался (значения те же, что в новом ключе)",(нет ключа; в master dialogue_text_campaign_4_0_10_win_5),,Удалить после подтверждения (ни одна активная ветка не использует dialog_*),"Остаётся, удалим пакетно в нерабочее время"
Г. Старый ключ dialog_* после переноса на dialogue_*,dialog_text_campaign_4_0_10_win_6,все,"остался (значения те же, что в новом ключе)",(нет ключа; в master dialogue_text_campaign_4_0_10_win_6),,Удалить после подтверждения (ни одна активная ветка не использует dialog_*),"Остаётся, удалим пакетно в нерабочее время"
Г. Старый ключ dialog_* после переноса на dialogue_*,dialog_text_campaign_4_0_10_win_6_,все,"остался (значения те же, что в новом ключе)",(нет ключа; в master dialogue_text_campaign_4_0_10_win_6_),,Удалить после подтверждения (ни одна активная ветка не использует dialog_*),"Остаётся, удалим пакетно в нерабочее время"
Г. Старый ключ dialog_* после переноса на dialogue_*,dialog_text_campaign_4_0_10_win_7,все,"остался (значения те же, что в новом ключе)",(нет ключа; в master dialogue_text_campaign_4_0_10_win_7),,Удалить после подтверждения (ни одна активная ветка не использует dialog_*),"Остаётся, удалим пакетно в нерабочее время"
Г. Старый ключ dialog_* после переноса на dialogue_*,dialog_text_campaign_4_0_10_win_8,все,"остался (значения те же, что в новом ключе)",(нет ключа; в master dialogue_text_campaign_4_0_10_win_8),,Удалить после подтверждения (ни одна активная ветка не использует dialog_*),"Остаётся, удалим пакетно в нерабочее время"
Г. Старый ключ dialog_* после переноса на dialogue_*,dialog_text_campaign_4_0_10_win_9,все,"остался (значения те же, что в новом ключе)",(нет ключа; в master dialogue_text_campaign_4_0_10_win_9),,Удалить после подтверждения (ни одна активная ветка не использует dialog_*),"Остаётся, удалим пакетно в нерабочее время"
Г. Старый ключ dialog_* после переноса на dialogue_*,dialog_text_campaign_4_0_14_miniboss_1,все,"остался (значения те же, что в новом ключе)",(нет ключа; в master dialogue_text_campaign_4_0_14_miniboss_1),,Удалить после подтверждения (ни одна активная ветка не использует dialog_*),"Остаётся, удалим пакетно в нерабочее время"
Г. Старый ключ dialog_* после переноса на dialogue_*,dialog_text_campaign_4_0_14_miniboss_2,все,"остался (значения те же, что в новом ключе)",(нет ключа; в master dialogue_text_campaign_4_0_14_miniboss_2),,Удалить после подтверждения (ни одна активная ветка не использует dialog_*),"Остаётся, удалим пакетно в нерабочее время"
Г. Старый ключ dialog_* после переноса на dialogue_*,dialog_text_campaign_4_0_14_miniboss_3,все,"остался (значения те же, что в новом ключе)",(нет ключа; в master dialogue_text_campaign_4_0_14_miniboss_3),,Удалить после подтверждения (ни одна активная ветка не использует dialog_*),"Остаётся, удалим пакетно в нерабочее время"
Г. Старый ключ dialog_* после переноса на dialogue_*,dialog_text_campaign_4_0_22_miniboss_1,все,"остался (значения те же, что в новом ключе)",(нет ключа; в master dialogue_text_campaign_4_0_22_miniboss_1),,Удалить после подтверждения (ни одна активная ветка не использует dialog_*),"Остаётся, удалим пакетно в нерабочее время"
Г. Старый ключ dialog_* после переноса на dialogue_*,dialog_text_campaign_4_0_22_miniboss_2,все,"остался (значения те же, что в новом ключе)",(нет ключа; в master dialogue_text_campaign_4_0_22_miniboss_2),,Удалить после подтверждения (ни одна активная ветка не использует dialog_*),"Остаётся, удалим пакетно в нерабочее время"
Г. Старый ключ dialog_* после переноса на dialogue_*,dialog_text_campaign_4_0_22_miniboss_3,все,"остался (значения те же, что в новом ключе)",(нет ключа; в master dialogue_text_campaign_4_0_22_miniboss_3),,Удалить после подтверждения (ни одна активная ветка не использует dialog_*),"Остаётся, удалим пакетно в нерабочее время"
Г. Старый ключ dialog_* после переноса на dialogue_*,dialog_text_campaign_4_0_22_miniboss_4,все,"остался (значения те же, что в новом ключе)",(нет ключа; в master dialogue_text_campaign_4_0_22_miniboss_4),,Удалить после подтверждения (ни одна активная ветка не использует dialog_*),"Остаётся, удалим пакетно в нерабочее время"
Г. Старый ключ dialog_* после переноса на dialogue_*,dialog_text_campaign_4_0_22_miniboss_win_1,все,"остался (значения те же, что в новом ключе)",(нет ключа; в master dialogue_text_campaign_4_0_22_miniboss_win_1),,Удалить после подтверждения (ни одна активная ветка не использует dialog_*),"Остаётся, удалим пакетно в нерабочее время"
Г. Старый ключ dialog_* после переноса на dialogue_*,dialog_text_campaign_4_0_22_miniboss_win_2,все,"остался (значения те же, что в новом ключе)",(нет ключа; в master dialogue_text_campaign_4_0_22_miniboss_win_2),,Удалить после подтверждения (ни одна активная ветка не использует dialog_*),"Остаётся, удалим пакетно в нерабочее время"
Г. Старый ключ dialog_* после переноса на dialogue_*,dialog_text_campaign_4_0_6_miniboss_1,все,"остался (значения те же, что в новом ключе)",(нет ключа; в master dialogue_text_campaign_4_0_6_miniboss_1),,Удалить после подтверждения (ни одна активная ветка не использует dialog_*),"Остаётся, удалим пакетно в нерабочее время"
Г. Старый ключ dialog_* после переноса на dialogue_*,dialog_text_campaign_4_0_6_miniboss_2,все,"остался (значения те же, что в новом ключе)",(нет ключа; в master dialogue_text_campaign_4_0_6_miniboss_2),,Удалить после подтверждения (ни одна активная ветка не использует dialog_*),"Остаётся, удалим пакетно в нерабочее время"
Г. Старый ключ dialog_* после переноса на dialogue_*,dialog_text_campaign_4_0_6_miniboss_3,все,"остался (значения те же, что в новом ключе)",(нет ключа; в master dialogue_text_campaign_4_0_6_miniboss_3),,Удалить после подтверждения (ни одна активная ветка не использует dialog_*),"Остаётся, удалим пакетно в нерабочее время"
Г. Старый ключ dialog_* после переноса на dialogue_*,dialog_text_campaign_4_0_6_win_1,все,"остался (значения те же, что в новом ключе)",(нет ключа; в master dialogue_text_campaign_4_0_6_win_1),,Удалить после подтверждения (ни одна активная ветка не использует dialog_*),"Остаётся, удалим пакетно в нерабочее время"
Г. Старый ключ dialog_* после переноса на dialogue_*,dialog_text_campaign_4_0_boss_1,все,"остался (значения те же, что в новом ключе)",(нет ключа; в master dialogue_text_campaign_4_0_boss_1),,Удалить после подтверждения (ни одна активная ветка не использует dialog_*),"Остаётся, удалим пакетно в нерабочее время"
Г. Старый ключ dialog_* после переноса на dialogue_*,dialog_text_campaign_4_0_boss_2,все,"остался (значения те же, что в новом ключе)",(нет ключа; в master dialogue_text_campaign_4_0_boss_2),,Удалить после подтверждения (ни одна активная ветка не использует dialog_*),"Остаётся, удалим пакетно в нерабочее время"
Г. Старый ключ dialog_* после переноса на dialogue_*,dialog_text_campaign_4_0_boss_3,все,"остался (значения те же, что в новом ключе)",(нет ключа; в master dialogue_text_campaign_4_0_boss_3),,Удалить после подтверждения (ни одна активная ветка не использует dialog_*),"Остаётся, удалим пакетно в нерабочее время"
Г. Старый ключ dialog_* после переноса на dialogue_*,dialog_text_campaign_4_0_boss_win_1,все,"остался (значения те же, что в новом ключе)",(нет ключа; в master dialogue_text_campaign_4_0_boss_win_1),,Удалить после подтверждения (ни одна активная ветка не использует dialog_*),"Остаётся, удалим пакетно в нерабочее время"
Г. Старый ключ dialog_* после переноса на dialogue_*,dialog_text_campaign_4_0_boss_win_2,все,"остался (значения те же, что в новом ключе)",(нет ключа; в master dialogue_text_campaign_4_0_boss_win_2),,Удалить после подтверждения (ни одна активная ветка не использует dialog_*),"Остаётся, удалим пакетно в нерабочее время"
Г. Старый ключ dialog_* после переноса на dialogue_*,dialog_text_campaign_4_0_boss_win_3,все,"остался (значения те же, что в новом ключе)",(нет ключа; в master dialogue_text_campaign_4_0_boss_win_3),,Удалить после подтверждения (ни одна активная ветка не использует dialog_*),"Остаётся, удалим пакетно в нерабочее время"
Г. Старый ключ dialog_* после переноса на dialogue_*,dialog_text_campaign_4_0_boss_win_4,все,"остался (значения те же, что в новом ключе)",(нет ключа; в master dialogue_text_campaign_4_0_boss_win_4),,Удалить после подтверждения (ни одна активная ветка не использует dialog_*),"Остаётся, удалим пакетно в нерабочее время"
Г. Старый ключ dialog_* после переноса на dialogue_*,dialog_text_campaign_4_0_boss_win_5,все,"остался (значения те же, что в новом ключе)",(нет ключа; в master dialogue_text_campaign_4_0_boss_win_5),,Удалить после подтверждения (ни одна активная ветка не использует dialog_*),"Остаётся, удалим пакетно в нерабочее время"
Г. Старый ключ dialog_* после переноса на dialogue_*,dialog_text_campaign_4_0_region_1,все,"остался (значения те же, что в новом ключе)",(нет ключа; в master dialogue_text_campaign_4_0_region_1),,Удалить после подтверждения (ни одна активная ветка не использует dialog_*),"Остаётся, удалим пакетно в нерабочее время"
Г. Старый ключ dialog_* после переноса на dialogue_*,dialog_text_campaign_4_0_region_2,все,"остался (значения те же, что в новом ключе)",(нет ключа; в master dialogue_text_campaign_4_0_region_2),,Удалить после подтверждения (ни одна активная ветка не использует dialog_*),"Остаётся, удалим пакетно в нерабочее время"
Г. Старый ключ dialog_* после переноса на dialogue_*,dialog_text_campaign_4_0_region_3,все,"остался (значения те же, что в новом ключе)",(нет ключа; в master dialogue_text_campaign_4_0_region_3),,Удалить после подтверждения (ни одна активная ветка не использует dialog_*),"Остаётся, удалим пакетно в нерабочее время"
Г. Старый ключ dialog_* после переноса на dialogue_*,dialog_text_campaign_4_0_region_4,все,"остался (значения те же, что в новом ключе)",(нет ключа; в master dialogue_text_campaign_4_0_region_4),,Удалить после подтверждения (ни одна активная ветка не использует dialog_*),"Остаётся, удалим пакетно в нерабочее время"
Г. Старый ключ dialog_* после переноса на dialogue_*,dialog_text_campaign_4_1_14_miniboss_1,все,"остался (значения те же, что в новом ключе)",(нет ключа; в master dialogue_text_campaign_4_1_14_miniboss_1),,Удалить после подтверждения (ни одна активная ветка не использует dialog_*),"Остаётся, удалим пакетно в нерабочее время"
Г. Старый ключ dialog_* после переноса на dialogue_*,dialog_text_campaign_4_1_14_miniboss_2,все,"остался (значения те же, что в новом ключе)",(нет ключа; в master dialogue_text_campaign_4_1_14_miniboss_2),,Удалить после подтверждения (ни одна активная ветка не использует dialog_*),"Остаётся, удалим пакетно в нерабочее время"
Г. Старый ключ dialog_* после переноса на dialogue_*,dialog_text_campaign_4_1_14_miniboss_win_1,все,"остался (значения те же, что в новом ключе)",(нет ключа; в master dialogue_text_campaign_4_1_14_miniboss_win_1),,Удалить после подтверждения (ни одна активная ветка не использует dialog_*),"Остаётся, удалим пакетно в нерабочее время"
Г. Старый ключ dialog_* после переноса на dialogue_*,dialog_text_campaign_4_1_14_miniboss_win_2,все,"остался (значения те же, что в новом ключе)",(нет ключа; в master dialogue_text_campaign_4_1_14_miniboss_win_2),,Удалить после подтверждения (ни одна активная ветка не использует dialog_*),"Остаётся, удалим пакетно в нерабочее время"
Г. Старый ключ dialog_* после переноса на dialogue_*,dialog_text_campaign_4_1_14_miniboss_win_3,все,"остался (значения те же, что в новом ключе)",(нет ключа; в master dialogue_text_campaign_4_1_14_miniboss_win_3),,Удалить после подтверждения (ни одна активная ветка не использует dialog_*),"Остаётся, удалим пакетно в нерабочее время"
Г. Старый ключ dialog_* после переноса на dialogue_*,dialog_text_campaign_4_1_14_miniboss_win_4,все,"остался (значения те же, что в новом ключе)",(нет ключа; в master dialogue_text_campaign_4_1_14_miniboss_win_4),,Удалить после подтверждения (ни одна активная ветка не использует dialog_*),"Остаётся, удалим пакетно в нерабочее время"
Г. Старый ключ dialog_* после переноса на dialogue_*,dialog_text_campaign_4_1_22_miniboss_1,все,"остался (значения те же, что в новом ключе)",(нет ключа; в master dialogue_text_campaign_4_1_22_miniboss_1),,Удалить после подтверждения (ни одна активная ветка не использует dialog_*),"Остаётся, удалим пакетно в нерабочее время"
Г. Старый ключ dialog_* после переноса на dialogue_*,dialog_text_campaign_4_1_22_miniboss_2,все,"остался (значения те же, что в новом ключе)",(нет ключа; в master dialogue_text_campaign_4_1_22_miniboss_2),,Удалить после подтверждения (ни одна активная ветка не использует dialog_*),"Остаётся, удалим пакетно в нерабочее время"
Г. Старый ключ dialog_* после переноса на dialogue_*,dialog_text_campaign_4_1_22_miniboss_3,все,"остался (значения те же, что в новом ключе)",(нет ключа; в master dialogue_text_campaign_4_1_22_miniboss_3),,Удалить после подтверждения (ни одна активная ветка не использует dialog_*),"Остаётся, удалим пакетно в нерабочее время"
Г. Старый ключ dialog_* после переноса на dialogue_*,dialog_text_campaign_4_1_6_miniboss_1,все,"остался (значения те же, что в новом ключе)",(нет ключа; в master dialogue_text_campaign_4_1_6_miniboss_1),,Удалить после подтверждения (ни одна активная ветка не использует dialog_*),"Остаётся, удалим пакетно в нерабочее время"
Г. Старый ключ dialog_* после переноса на dialogue_*,dialog_text_campaign_4_1_6_miniboss_2,все,"остался (значения те же, что в новом ключе)",(нет ключа; в master dialogue_text_campaign_4_1_6_miniboss_2),,Удалить после подтверждения (ни одна активная ветка не использует dialog_*),"Остаётся, удалим пакетно в нерабочее время"
Г. Старый ключ dialog_* после переноса на dialogue_*,dialog_text_campaign_4_1_6_miniboss_3,все,"остался (значения те же, что в новом ключе)",(нет ключа; в master dialogue_text_campaign_4_1_6_miniboss_3),,Удалить после подтверждения (ни одна активная ветка не использует dialog_*),"Остаётся, удалим пакетно в нерабочее время"
Г. Старый ключ dialog_* после переноса на dialogue_*,dialog_text_campaign_4_1_6_miniboss_win_1,все,"остался (значения те же, что в новом ключе)",(нет ключа; в master dialogue_text_campaign_4_1_6_miniboss_win_1),,Удалить после подтверждения (ни одна активная ветка не использует dialog_*),"Остаётся, удалим пакетно в нерабочее время"
Г. Старый ключ dialog_* после переноса на dialogue_*,dialog_text_campaign_4_1_boss_1,все,"остался (значения те же, что в новом ключе)",(нет ключа; в master dialogue_text_campaign_4_1_boss_1),,Удалить после подтверждения (ни одна активная ветка не использует dialog_*),"Остаётся, удалим пакетно в нерабочее время"
Г. Старый ключ dialog_* после переноса на dialogue_*,dialog_text_campaign_4_1_boss_2,все,"остался (значения те же, что в новом ключе)",(нет ключа; в master dialogue_text_campaign_4_1_boss_2),,Удалить после подтверждения (ни одна активная ветка не использует dialog_*),"Остаётся, удалим пакетно в нерабочее время"
Г. Старый ключ dialog_* после переноса на dialogue_*,dialog_text_campaign_4_1_boss_afterReward_1,все,"остался (значения те же, что в новом ключе)",(нет ключа; в master dialogue_text_campaign_4_1_boss_afterReward_1),,Удалить после подтверждения (ни одна активная ветка не использует dialog_*),"Остаётся, удалим пакетно в нерабочее время"
Г. Старый ключ dialog_* после переноса на dialogue_*,dialog_text_campaign_4_1_boss_afterReward_2,все,"остался (значения те же, что в новом ключе)",(нет ключа; в master dialogue_text_campaign_4_1_boss_afterReward_2),,Удалить после подтверждения (ни одна активная ветка не использует dialog_*),"Остаётся, удалим пакетно в нерабочее время"
Г. Старый ключ dialog_* после переноса на dialogue_*,dialog_text_campaign_4_1_boss_afterReward_3,все,"остался (значения те же, что в новом ключе)",(нет ключа; в master dialogue_text_campaign_4_1_boss_afterReward_3),,Удалить после подтверждения (ни одна активная ветка не использует dialog_*),"Остаётся, удалим пакетно в нерабочее время"
Г. Старый ключ dialog_* после переноса на dialogue_*,dialog_text_campaign_4_1_boss_afterReward_4,все,"остался (значения те же, что в новом ключе)",(нет ключа; в master dialogue_text_campaign_4_1_boss_afterReward_4),,Удалить после подтверждения (ни одна активная ветка не использует dialog_*),"Остаётся, удалим пакетно в нерабочее время"
Г. Старый ключ dialog_* после переноса на dialogue_*,dialog_text_campaign_4_1_boss_afterReward_5,все,"остался (значения те же, что в новом ключе)",(нет ключа; в master dialogue_text_campaign_4_1_boss_afterReward_5),,Удалить после подтверждения (ни одна активная ветка не использует dialog_*),"Остаётся, удалим пакетно в нерабочее время"
Г. Старый ключ dialog_* после переноса на dialogue_*,dialog_text_campaign_4_1_boss_afterReward_6,все,"остался (значения те же, что в новом ключе)",(нет ключа; в master dialogue_text_campaign_4_1_boss_afterReward_6),,Удалить после подтверждения (ни одна активная ветка не использует dialog_*),"Остаётся, удалим пакетно в нерабочее время"
Г. Старый ключ dialog_* после переноса на dialogue_*,dialog_text_campaign_4_1_boss_afterReward_7,все,"остался (значения те же, что в новом ключе)",(нет ключа; в master dialogue_text_campaign_4_1_boss_afterReward_7),,Удалить после подтверждения (ни одна активная ветка не использует dialog_*),"Остаётся, удалим пакетно в нерабочее время"
Г. Старый ключ dialog_* после переноса на dialogue_*,dialog_text_campaign_4_1_boss_afterReward_8,все,"остался (значения те же, что в новом ключе)",(нет ключа; в master dialogue_text_campaign_4_1_boss_afterReward_8),,Удалить после подтверждения (ни одна активная ветка не использует dialog_*),"Остаётся, удалим пакетно в нерабочее время"
Г. Старый ключ dialog_* после переноса на dialogue_*,dialog_text_campaign_4_1_boss_win_1,все,"остался (значения те же, что в новом ключе)",(нет ключа; в master dialogue_text_campaign_4_1_boss_win_1),,Удалить после подтверждения (ни одна активная ветка не использует dialog_*),"Остаётся, удалим пакетно в нерабочее время"
Г. Старый ключ dialog_* после переноса на dialogue_*,dialog_text_campaign_4_1_boss_win_2,все,"остался (значения те же, что в новом ключе)",(нет ключа; в master dialogue_text_campaign_4_1_boss_win_2),,Удалить после подтверждения (ни одна активная ветка не использует dialog_*),"Остаётся, удалим пакетно в нерабочее время"
Г. Старый ключ dialog_* после переноса на dialogue_*,dialog_text_campaign_4_1_region_1,все,"остался (значения те же, что в новом ключе)",(нет ключа; в master dialogue_text_campaign_4_1_region_1),,Удалить после подтверждения (ни одна активная ветка не использует dialog_*),"Остаётся, удалим пакетно в нерабочее время"
Г. Старый ключ dialog_* после переноса на dialogue_*,dialog_text_campaign_4_1_region_2,все,"остался (значения те же, что в новом ключе)",(нет ключа; в master dialogue_text_campaign_4_1_region_2),,Удалить после подтверждения (ни одна активная ветка не использует dialog_*),"Остаётся, удалим пакетно в нерабочее время"
Г. Старый ключ dialog_* после переноса на dialogue_*,dialog_text_campaign_4_1_region_3,все,"остался (значения те же, что в новом ключе)",(нет ключа; в master dialogue_text_campaign_4_1_region_3),,Удалить после подтверждения (ни одна активная ветка не использует dialog_*),"Остаётся, удалим пакетно в нерабочее время"
Г. Старый ключ dialog_* после переноса на dialogue_*,dialog_text_intro_end_0,все,"остался (значения те же, что в новом ключе)",(нет ключа; в master dialogue_text_intro_end_0),,Удалить после подтверждения (ни одна активная ветка не использует dialog_*),"Остаётся, удалим пакетно в нерабочее время"
Г. Старый ключ dialog_* после переноса на dialogue_*,dialog_text_intro_end_1,все,"остался (значения те же, что в новом ключе)",(нет ключа; в master dialogue_text_intro_end_1),,Удалить после подтверждения (ни одна активная ветка не использует dialog_*),"Остаётся, удалим пакетно в нерабочее время"
Г. Старый ключ dialog_* после переноса на dialogue_*,dialog_text_intro_start_0,все,"остался (значения те же, что в новом ключе)",(нет ключа; в master dialogue_text_intro_start_0),,Удалить после подтверждения (ни одна активная ветка не использует dialog_*),"Остаётся, удалим пакетно в нерабочее время"
"Д. RU в master и в Weblate разные, Weblate правили после 24.09 (автоматически не меняли, переводы ключа тоже)",ability_description_captain_fire_bomb_throw,ru,"Бросает огненную бочку во врага. При попадании наносит {3} от основного урона огнем в радиусе 1 метра, вызывает возгорание на 3 сек, наносящее 10% урона от максимального Здоровья в секунду. Матросы в радиусе горения начинают хаотично бегать по палубе.","Бросает огненную бочку во врага. При попадании наносит {0} огненного урона в радиусе {1} узлов, поджигает палубу и наводит страх на {2}с.",,"Решить, какой RU верный; Weblate не менялся; переводы этого ключа тоже не тронуты",Оставлен Weblate: в master заглушка или черновик
"Д. RU в master и в Weblate разные, Weblate правили после 24.09 (автоматически не меняли, переводы ключа тоже)",ability_description_captain_heal_throw,ru,Бросает бочки с лечебным зельем и восстанавливает раненым матросам в радиусе 1м {3} Здоровья.,Бросает {0} бочки с лечебным зельем в союзных матросов (приоритет — раненым). Лечение: {1}/с в течение {2}с,,"Решить, какой RU верный; Weblate не менялся; переводы этого ключа тоже не тронуты",Оставлен Weblate: в master заглушка или черновик
"Д. RU в master и в Weblate разные, Weblate правили после 24.09 (автоматически не меняли, переводы ключа тоже)",ability_description_shotgun_accuracy_mod,ru,Увеличивает точность стрельбы на 50%,Увеличивает точность стрельбы на {0},,"Решить, какой RU верный; Weblate не менялся; переводы этого ключа тоже не тронуты",Оставлен Weblate: в master заглушка или черновик
"Д. RU в master и в Weblate разные, Weblate правили после 24.09 (автоматически не меняли, переводы ключа тоже)",dialog_cumulative_offer_shop_card_title_happy,ru,предложение,Успей получить награды с выгодой!,,"Решить, какой RU верный; Weblate не менялся; переводы этого ключа тоже не тронуты",Оставлен Weblate: в master заглушка или черновик
"Д. RU в master и в Weblate разные, Weblate правили после 24.09 (автоматически не меняли, переводы ключа тоже)",item_description_cannon_shotgun,ru,"Двухствольное орудие, вращающееся на 360 градусов. Выстреливает облако пуль двумя залпами с точностью, зависящей от расстояния до цели. Эффективен против большого количества целей.",Текст описание,,"Решить, какой RU верный; Weblate не менялся; переводы этого ключа тоже не тронуты",Оставлен Weblate: в master заглушка или черновик
"Д. RU в master и в Weblate разные, Weblate правили после 24.09 (автоматически не меняли, переводы ключа тоже)",territorial_wars_panel_rules,ru,"•  Сразитесь за владение проливом, через который лежат ключевые торговые пути
•  Соберите до 5 отрядов
•  Победите 3х конкурентов в реальном времени","Пираты, добро пожаловать на бета-тест! Вас ждут 30 минут хардкорного боя в реальном времени. Прочитайте правила перед началом. Режим дорабатывается, ждем ваших отзывов!",,"Решить, какой RU верный; Weblate не менялся; переводы этого ключа тоже не тронуты",Оставлен Weblate: в master заглушка или черновик
"Е. В master RU-заглушка, машинный перевод перевёл заглушку",description_resourse_tips_duels_rating,ru,description_resourse_tips_duels_rating Не заполнено.,description_resourse_tips_duels_rating Не заполнено.,,Команда присылает настоящий RU-текст,Ждём текст от команды
"Е. В master RU-заглушка, машинный перевод перевёл заглушку",description_resourse_tips_not_enough_duels_rating,ru,description_resourse_tips_not_enough_duels_rating Не заполнено.,description_resourse_tips_not_enough_duels_rating Не заполнено.,,Команда присылает настоящий RU-текст,Ждём текст от команды
"Е. В master RU-заглушка, машинный перевод перевёл заглушку",description_resourse_tips_convoy_regular_rating,ru,description_resourse_tips_convoy_regular_rating Не заполнено.,description_resourse_tips_convoy_regular_rating Не заполнено.,,Команда присылает настоящий RU-текст,Ждём текст от команды
"Е. В master RU-заглушка, машинный перевод перевёл заглушку",description_resourse_tips_not_enough_convoy_regular_rating,ru,description_resourse_tips_not_enough_convoy_regular_rating Не заполнено.,description_resourse_tips_not_enough_convoy_regular_rating Не заполнено.,,Команда присылает настоящий RU-текст,Ждём текст от команды
"Е. В master RU-заглушка, машинный перевод перевёл заглушку",description_resourse_tips_not_enough_tournament_points,ru,description_resourse_tips_not_enough_tournament_points Не заполнено.,description_resourse_tips_not_enough_tournament_points Не заполнено.,,Команда присылает настоящий RU-текст,Ждём текст от команды
"Е. В master RU-заглушка, машинный перевод перевёл заглушку",description_resourse_tips_convoy_summer_rating,ru,description_resourse_tips_convoy_summer_rating Не заполнено.,description_resourse_tips_convoy_summer_rating Не заполнено.,,Команда присылает настоящий RU-текст,Ждём текст от команды
"Е. В master RU-заглушка, машинный перевод перевёл заглушку",description_resourse_tips_not_enough_convoy_summer_rating,ru,description_resourse_tips_not_enough_convoy_summer_rating Не заполнено.,description_resourse_tips_not_enough_convoy_summer_rating Не заполнено.,,Команда присылает настоящий RU-текст,Ждём текст от команды
"Е. В master RU-заглушка, машинный перевод перевёл заглушку",description_resourse_tips_kraken_kill,ru,description_resourse_tips_kraken_kill Не заполнено.,description_resourse_tips_kraken_kill Не заполнено.,,Команда присылает настоящий RU-текст,Ждём текст от команды
"Е. В master RU-заглушка, машинный перевод перевёл заглушку",description_resourse_tips_not_enough_kraken_kill,ru,description_resourse_tips_not_enough_kraken_kill Не заполнено.,description_resourse_tips_not_enough_kraken_kill Не заполнено.,,Команда присылает настоящий RU-текст,Ждём текст от команды
"Е. В master RU-заглушка, машинный перевод перевёл заглушку",description_resourse_tips_armada_movement_points,ru,description_resourse_tips_armada_movement_points Не заполнено.,description_resourse_tips_armada_movement_points Не заполнено.,,Команда присылает настоящий RU-текст,Ждём текст от команды
"Е. В master RU-заглушка, машинный перевод перевёл заглушку",description_resourse_tips_not_enough_battle_pass_points,ru,description_resourse_tips_not_enough_battle_pass_points Не заполнено.,description_resourse_tips_not_enough_battle_pass_points Не заполнено.,,Команда присылает настоящий RU-текст,Ждём текст от команды
"Е. В master RU-заглушка, машинный перевод перевёл заглушку",description_resourse_tips_not_enough_bp_captain_points,ru,description_resourse_tips_not_enough_bp_captain_points Не заполнено.,description_resourse_tips_not_enough_bp_captain_points Не заполнено.,,Команда присылает настоящий RU-текст,Ждём текст от команды
