kind,lang,beta_key,weblate_key,beta_value,weblate_value,weblate_last_updated,take,rule
common,en,label_button_details,label_button_details,,Details,2026-10-06T12:07,weblate,filled-in-weblate
common,es,label_button_details,label_button_details,,Detalles,2026-10-06T12:07,weblate,filled-in-weblate
common,fr,label_button_details,label_button_details,,Détails,2026-10-06T12:07,weblate,filled-in-weblate
common,pt,label_button_details,label_button_details,,Detalhes,2026-10-06T12:08,weblate,filled-in-weblate
common,pl,label_button_details,label_button_details,,Szczegóły,2026-10-06T12:08,weblate,filled-in-weblate
common,de,label_button_details,label_button_details,,Details,2026-10-06T12:07,weblate,filled-in-weblate
common,it,label_button_details,label_button_details,,Dettagli,2026-10-06T12:07,weblate,filled-in-weblate
common,th,label_button_details,label_button_details,,รายละเอียด,2026-10-06T12:08,weblate,filled-in-weblate
common,id,label_button_details,label_button_details,,Detail,2026-10-06T12:07,weblate,filled-in-weblate
common,cn,label_button_details,label_button_details,,详情,2026-10-06T12:07,weblate,filled-in-weblate
common,kr,label_button_details,label_button_details,,자세히,2026-10-06T12:08,weblate,filled-in-weblate
common,jp,label_button_details,label_button_details,,詳細,2026-10-06T12:08,weblate,filled-in-weblate
common,tr,label_button_details,label_button_details,,Detaylar,2026-10-06T12:08,weblate,filled-in-weblate
common,vi,label_button_details,label_button_details,,Chi tiết,2026-10-06T12:08,weblate,filled-in-weblate
common,nl,label_button_details,label_button_details,,Details,2026-10-06T12:08,weblate,filled-in-weblate
common,en,item_info_explosion_radius,item_info_explosion_radius,Explosion range,Explosion radius,2026-10-06T12:07,weblate,newer-in-weblate
common,en,tutorial_hint_open_equipment,tutorial_hint_open_equipment,<b>Press on the ship to go to the deck</b>,<b>Tap the ship to go to the deck</b>,2026-10-06T08:38,weblate,newer-in-weblate
common,en,tutorial_hint_open_equipment_to_hire_sailors,tutorial_hint_open_equipment_to_hire_sailors,<b>Equip sailors</b>,<b>Assign sailors</b>,2026-10-06T08:38,weblate,newer-in-weblate
common,cn,tutorial_hint_save_equipment,tutorial_hint_save_equipment,<b>保存</b>,保存,2026-10-05T12:22,weblate,newer-in-weblate
common,kr,tutorial_hint_save_equipment,tutorial_hint_save_equipment,<b>저장</b>,저장,2026-10-05T12:22,weblate,newer-in-weblate
common,kr,tutorial_hint_find_opponent,tutorial_hint_find_opponent,<b>상대를 찾다</b>,상대를 찾다,2026-10-05T12:23,weblate,newer-in-weblate
common,cn,tutorial_hint_start_skirmish,tutorial_hint_start_skirmish,<b>开始</b>,开始,2026-10-05T12:25,weblate,newer-in-weblate
common,en,tutorial_hint_clear_equipment,tutorial_hint_clear_equipment,<b>Clear the deck</b>,<b>Clear deck</b>,2026-10-06T08:38,weblate,newer-in-weblate
common,cn,tutorial_hint_clear_equipment,tutorial_hint_clear_equipment,<b>清理甲板</b>,清理甲板,2026-10-05T12:27,weblate,newer-in-weblate
common,kr,tutorial_hint_clear_equipment,tutorial_hint_clear_equipment,<b>갑판 청소</b>,갑판 청소,2026-10-05T12:27,weblate,newer-in-weblate
common,en,tutorial_hint_soldier_card_select,tutorial_hint_soldier_card_select,"<size=14><b>Choose a fighter</size>

Fighters have more health than Shooters
and are strong in melee combat</b>","<size=14><b>Choose a Fighter</size>

Fighters have more health than
Riflemen and are strong in melee</b>",2026-10-06T10:14,weblate,newer-in-weblate
common,es,tutorial_hint_soldier_card_select,tutorial_hint_soldier_card_select,"<size=14><b>Elige a un combatiente</size>

Los combatientes tienen más salud que los tiradores
y son fuertes en el combate cuerpo a cuerpo</b>","<b>Elige a un combatiente</b>

Los combatientes tienen más salud que los tiradores y son fuertes en el combate cuerpo a cuerpo",2026-09-22T09:01,beta,review
common,fr,tutorial_hint_soldier_card_select,tutorial_hint_soldier_card_select,"<size=14><b>Choisis un combattant</size>

Les combattants ont plus de santé que les Tireurs
et sont forts au corps-à-corps</b>","<b>Choisis un combattant</b>

Les combattants ont plus de santé que les Tireurs et sont forts au corps-à-corps",2026-09-22T09:01,beta,review
common,pt,tutorial_hint_soldier_card_select,tutorial_hint_soldier_card_select,"<size=14><b>Escolha um combatente</size>

Combatentes têm más vida do que Atiradores
e são fortes no combate corpo a corpo</b>","<b>Escolha um combatente</b>

Combatentes têm mais vida do que Atiradores e são fortes no combate corpo a corpo",2026-09-22T09:01,beta,review
common,pl,tutorial_hint_soldier_card_select,tutorial_hint_soldier_card_select,"<size=14><b>Wybierz wojownika</size>

Wojownicy mają więcej zdrowia niż Strzelcy
i są silni w walce wręcz</b>","<b>Wybierz wojownika</b>

Wojownicy mają więcej zdrowia niż Strzelcy i są silni w walce wręcz",2026-09-22T09:01,beta,review
common,de,tutorial_hint_soldier_card_select,tutorial_hint_soldier_card_select,"<size=14><b>Wähle einen Kämpfer</size>

Kämpfer haben mehr Gesundheit als Schützen
und sind stark im Nahkampf</b>","<b>Wähle einen Kämpfer</b>

Kämpfer haben mehr Gesundheit als Schützen und sind stark im Nahkampf",2026-09-22T09:01,beta,review
common,it,tutorial_hint_soldier_card_select,tutorial_hint_soldier_card_select,"<size=14><b>Scegli un combattente</size>

I combattenti hanno più salute dei Tiratori
e sono forti nel corpo a corpo</b>","<b>Scegli un combattente</b>

I combattenti hanno più salute dei Tiratori e sono forti nel corpo a corpo",2026-09-22T09:01,beta,review
common,th,tutorial_hint_soldier_card_select,tutorial_hint_soldier_card_select,"<size=14><b>เลือกนักสู้</size>

นักสู้มีพลังชีวิตมากกว่าพลยิง
และแข็งแกร่งในการต่อสู้ระยะประชิด</b>","<b>เลือกนักสู้</b>

นักสู้มีพลังชีวิตมากกว่าพลยิงและแข็งแกร่งในการต่อสู้ระยะประชิด",2026-09-22T09:01,beta,review
common,id,tutorial_hint_soldier_card_select,tutorial_hint_soldier_card_select,"<size=14><b>Pilih petarung</size>

Petarung memiliki lebih banyak kesehatan daripada Penembak
dan kuat dalam pertempuran jarak dekat</b>","<b>Pilih petarung</b>

Petarung memiliki lebih banyak kesehatan daripada Penembak dan kuat dalam pertempuran jarak dekat",2026-09-22T09:01,beta,review
common,cn,tutorial_hint_soldier_card_select,tutorial_hint_soldier_card_select,"<size=14><b>选择战士</size>

战士比射手拥有更多生命值
且擅长近战</b>","<b>选择战士

战士比射手拥有更多生命值
且擅长近战</b>",2026-09-22T09:01,beta,review
common,kr,tutorial_hint_soldier_card_select,tutorial_hint_soldier_card_select,"<size=14><b>전사를 선택하세요</size>

전사는 궁수보다 체력이 많고
근접전에 강합니다</b>","<b>전사를 선택하세요

전사는 궁수보다 체력이 많고
근접전에 강합니다</b>",2026-09-22T09:01,beta,review
common,jp,tutorial_hint_soldier_card_select,tutorial_hint_soldier_card_select,"<size=14><b>戦士を選択</size>

戦士は射手よりもHPが高く
近接戦に強い</b>","<b>戦士を選択</b>

戦士は射手よりもHPが高く、近接戦に強い",2026-09-22T09:01,beta,review
common,tr,tutorial_hint_soldier_card_select,tutorial_hint_soldier_card_select,"<size=14><b>Bir savaşçı seç</size>

Savaşçılar, Nişancılardan daha fazla cana sahiptir
ve yakın dövüşte güçlüdür</b>","<b>Bir savaşçı seç</b>

Savaşçılar, Nişancılardan daha fazla cana sahiptir ve yakın dövüşte güçlüdür",2026-09-22T09:01,beta,review
common,vi,tutorial_hint_soldier_card_select,tutorial_hint_soldier_card_select,"<size=14><b>Chọn chiến binh</size>

Chiến binh có nhiều máu hơn Xạ thủ
và mạnh trong cận chiến</b>","<b>Chọn chiến binh</b>

Chiến binh có nhiều máu hơn Xạ thủ và mạnh trong cận chiến",2026-09-22T09:01,beta,review
common,nl,tutorial_hint_soldier_card_select,tutorial_hint_soldier_card_select,"<size=14><b>Kies een strijder</size>

Strijders hebben meer gezondheid dan Schutters
en zijn sterk in gevechten van dichtbij</b>","<b>Kies een strijder</b>

Strijders hebben meer gezondheid dan Schutters en zijn sterk in gevechten van dichtbij",2026-09-22T09:01,beta,review
common,ru,dialogue_text_intro_start_0,dialogue_text_intro_start_0,"О, это была великолепная битва! Мы нагнали Золотых Гарпий, и уже предвкушали легкую наживу...","О, это была великолепная битва! Мы нагнали Золотых Гарпий, и уже предвкушали легкую наживу…",2026-10-06T12:07,weblate,ru-ellipsis
common,en,dialogue_text_intro_start_0,dialogue_text_intro_start_0,"Oh, it was a glorious battle! We caught up with the Golden Harpies, and were already anticipating an easy loot...","Oh, it was a glorious battle! We caught up with the Golden Harpies, and were already anticipating an easy loot…",2026-10-06T12:07,weblate,cleanup
common,es,dialogue_text_intro_start_0,dialogue_text_intro_start_0,"¡Oh, fue una batalla gloriosa! Alcanzamos a las Arpías Doradas y ya anticipábamos un botín fácil...","¡Oh, fue una batalla gloriosa! Alcanzamos a las Arpías Doradas y ya anticipábamos un botín fácil…",2026-10-06T12:07,weblate,cleanup
common,fr,dialogue_text_intro_start_0,dialogue_text_intro_start_0,"Oh, c'était une bataille glorieuse ! Nous avons rattrapé les Harpies Dorées, et nous nous attendions déjà à un butin facile...","Oh, c'était une bataille glorieuse ! Nous avons rattrapé les Harpies Dorées, et nous nous attendions déjà à un butin facile…",2026-10-06T12:07,weblate,cleanup
common,pt,dialogue_text_intro_start_0,dialogue_text_intro_start_0,"Oh, foi uma batalha gloriosa! Alcançamos as Harpias Douradas e já estávamos antecipando um saque fácil...","Oh, foi uma batalha gloriosa! Alcançamos as Harpias Douradas e já estávamos antecipando um saque fácil…",2026-10-06T12:08,weblate,cleanup
common,pl,dialogue_text_intro_start_0,dialogue_text_intro_start_0,"Och, to była wspaniała bitwa! Dogoniliśmy Złote Harpie i już spodziewaliśmy się łatwego łupu...","Och, to była wspaniała bitwa! Dogoniliśmy Złote Harpie i już spodziewaliśmy się łatwego łupu…",2026-10-06T12:08,weblate,cleanup
common,de,dialogue_text_intro_start_0,dialogue_text_intro_start_0,"Oh, es war eine glorreiche Schlacht! Wir holten die Goldenen Harpyien ein und freuten uns schon auf eine leichte Beute...","Oh, es war eine glorreiche Schlacht! Wir holten die Goldenen Harpyien ein und freuten uns schon auf eine leichte Beute…",2026-10-06T12:07,weblate,cleanup
common,it,dialogue_text_intro_start_0,dialogue_text_intro_start_0,"Oh, è stata una battaglia gloriosa! Abbiamo raggiunto le Arpie Dorate e stavamo già anticipando un facile bottino...","Oh, è stata una battaglia gloriosa! Abbiamo raggiunto le Arpie Dorate e stavamo già anticipando un facile bottino…",2026-10-06T12:07,weblate,cleanup
common,th,dialogue_text_intro_start_0,dialogue_text_intro_start_0,โอ้ มันเป็นการต่อสู้ที่รุ่งโรจน์! เราตามทันเหล่าฮาร์ปีทองคำ และกำลังคาดหวังการปล้นสะดมง่ายๆ...,โอ้ มันเป็นการต่อสู้ที่รุ่งโรจน์! เราตามทันเหล่าฮาร์ปีทองคำ และกำลังคาดหวังการปล้นสะดมง่ายๆ…,2026-10-06T12:08,weblate,cleanup
common,id,dialogue_text_intro_start_0,dialogue_text_intro_start_0,"Oh, itu adalah pertempuran yang mulia! Kami menyusul Harpy Emas, dan sudah mengantisipasi jarahan yang mudah...","Oh, itu adalah pertempuran yang mulia! Kami menyusul Harpy Emas, dan sudah mengantisipasi jarahan yang mudah…",2026-10-06T12:07,weblate,cleanup
common,kr,dialogue_text_intro_start_0,dialogue_text_intro_start_0,"오, 훌륭한 전투였어! 골든 하피들을 따라잡았고, 쉬운 전리품을 이미 기대하고 있었지...","오, 훌륭한 전투였어! 골든 하피들을 따라잡았고, 쉬운 전리품을 이미 기대하고 있었지…",2026-10-06T12:08,weblate,cleanup
common,jp,dialogue_text_intro_start_0,dialogue_text_intro_start_0,おお、それは輝かしい戦いだった！私たちは黄金のハーピーたちに追いつき、すでに簡単な戦利品を期待していた...,おお、それは輝かしい戦いだった！私たちは黄金のハーピーたちに追いつき、すでに簡単な戦利品を期待していた…,2026-10-06T12:08,weblate,cleanup
common,tr,dialogue_text_intro_start_0,dialogue_text_intro_start_0,"Ah, muhteşem bir savaştı! Altın Harpiler'e yetiştik ve kolay bir ganimet bekliyorduk...","Ah, muhteşem bir savaştı! Altın Harpiler'e yetiştik ve kolay bir ganimet bekliyorduk…",2026-10-06T12:08,weblate,cleanup
common,vi,dialogue_text_intro_start_0,dialogue_text_intro_start_0,"Ồ, đó là một trận chiến vinh quang! Chúng tôi đã bắt kịp những con Harpy Vàng, và đã mong đợi một chiến lợi phẩm dễ dàng...","Ồ, đó là một trận chiến vinh quang! Chúng tôi đã bắt kịp những con Harpy Vàng, và đã mong đợi một chiến lợi phẩm dễ dàng…",2026-10-06T12:08,weblate,cleanup
common,nl,dialogue_text_intro_start_0,dialogue_text_intro_start_0,"Oh, het was een glorieuze strijd! We haalden de Gouden Harpyen in en anticipeerden al op een gemakkelijke buit...","Oh, het was een glorieuze strijd! We haalden de Gouden Harpyen in en anticipeerden al op een gemakkelijke buit…",2026-10-06T12:08,weblate,cleanup
common,fr,dialogue_text_intro_end_0,dialogue_text_intro_end_0,Et nous les avons écrasés ! Nous les avons acculés comme des rats !,Et nous les avons écrasés ! Nous les avons acculés comme des rats !,2026-10-06T12:07,weblate,cleanup
common,ru,dialogue_text_intro_end_1,dialogue_text_intro_end_1,Но потом... Потом произошло кое-что странное.,Но потом… Потом произошло кое-что странное.,2026-10-06T12:07,weblate,ru-ellipsis
common,en,dialogue_character_player,dialogue_character_player, ,,2026-10-06T10:34,weblate,cleanup
common,es,dialogue_character_player,dialogue_character_player, ,,2026-10-06T10:34,weblate,cleanup
common,fr,dialogue_character_player,dialogue_character_player, ,,2026-10-06T10:34,weblate,cleanup
common,pt,dialogue_character_player,dialogue_character_player, ,,2026-10-06T10:34,weblate,cleanup
common,pl,dialogue_character_player,dialogue_character_player, ,,2026-10-06T10:34,weblate,cleanup
common,de,dialogue_character_player,dialogue_character_player, ,,2026-10-06T10:34,weblate,cleanup
common,it,dialogue_character_player,dialogue_character_player, ,,2026-10-06T10:34,weblate,cleanup
common,th,dialogue_character_player,dialogue_character_player, ,,2026-10-06T10:34,weblate,cleanup
common,id,dialogue_character_player,dialogue_character_player, ,,2026-10-06T10:34,weblate,cleanup
common,cn,dialogue_character_player,dialogue_character_player, ,,2026-10-06T10:34,weblate,cleanup
common,kr,dialogue_character_player,dialogue_character_player, ,,2026-10-06T10:34,weblate,cleanup
common,jp,dialogue_character_player,dialogue_character_player, ,,2026-10-06T10:34,weblate,cleanup
common,tr,dialogue_character_player,dialogue_character_player, ,,2026-10-06T10:34,weblate,cleanup
common,vi,dialogue_character_player,dialogue_character_player, ,,2026-10-06T10:34,weblate,cleanup
common,nl,dialogue_character_player,dialogue_character_player, ,,2026-10-06T10:34,weblate,cleanup
common,fr,dialogue_text_campaign_0_0_6_miniboss_1,dialogue_text_campaign_0_0_6_miniboss_1,"Douce Lizzy ! Je vois que tu n'arrives vraiment pas à te calmer, n'est-ce pas ?","Douce Lizzy ! Je vois que tu n'arrives vraiment pas à te calmer, n'est-ce pas ?",2026-10-06T12:07,weblate,cleanup
common,fr,dialogue_text_campaign_0_0_6_miniboss_2,dialogue_text_campaign_0_0_6_miniboss_2,Rends-moi mon navire ! Et mon or !,Rends-moi mon navire ! Et mon or !,2026-10-06T12:07,weblate,cleanup
common,fr,dialogue_text_campaign_0_0_6_miniboss_win_1,dialogue_text_campaign_0_0_6_miniboss_win_1,Comment a-t-il osé me lancer ce pauvre excuse de capitaine contre moi !,Comment a-t-il osé me lancer ce pauvre excuse de capitaine contre moi !,2026-10-06T12:07,weblate,cleanup
common,fr,dialogue_text_campaign_0_0_6_miniboss_win_2,dialogue_text_campaign_0_0_6_miniboss_win_2,"Hissez les voiles ! La prochaine fois, il ne s'échappera pas de moi !","Hissez les voiles ! La prochaine fois, il ne s'échappera pas de moi !",2026-10-06T12:07,weblate,cleanup
common,fr,dialogue_text_campaign_0_0_14_miniboss_1,dialogue_text_campaign_0_0_14_miniboss_1,"Hé toi, sur le sloop ! Qu'est-ce que tu viens renifler ici ?","Hé toi, sur le sloop ! Qu'est-ce que tu viens renifler ici ?",2026-10-06T12:07,weblate,cleanup
common,fr,dialogue_text_campaign_0_0_14_miniboss_2,dialogue_text_campaign_0_0_14_miniboss_2,"Mince, voilà les Pirates du Tonnerre. Attends, c'est Kidd ! Hé, Kidd, c'est moi !","Mince, voilà les Pirates du Tonnerre. Attends, c'est Kidd ! Hé, Kidd, c'est moi !",2026-10-06T12:07,weblate,cleanup
common,fr,dialogue_text_campaign_0_0_14_miniboss_3,dialogue_text_campaign_0_0_14_miniboss_3,Toi ! Je le savais ! Tu vas payer pour Rickert !,Toi ! Je le savais ! Tu vas payer pour Rickert !,2026-10-06T12:07,weblate,cleanup
common,fr,dialogue_text_campaign_0_0_14_miniboss_win_1,dialogue_text_campaign_0_0_14_miniboss_win_1,"Le rhum t'a-t-il frappé à la tête, Kidd ? Que se passe-t-il ?","Le rhum t'a-t-il frappé à la tête, Kidd ? Que se passe-t-il ?",2026-10-06T12:07,weblate,cleanup
common,fr,dialogue_text_campaign_0_0_14_miniboss_win_3,dialogue_text_campaign_0_0_14_miniboss_win_3,"Si tu ne l'as pas remarqué, je n'ai plus mon navire ! Cet enfoiré de Moonblood m'a trompé et a emmené mon galion !","Si tu ne l'as pas remarqué, je n'ai plus mon navire ! Cet enfoiré de Moonblood m'a trompé et a emmené mon galion !",2026-10-06T12:07,weblate,cleanup
common,ru,dialogue_text_campaign_0_0_14_miniboss_win_4,dialogue_text_campaign_0_0_14_miniboss_win_4,"Старик Мунблад... Наверное, я мог бы сам догадаться. Ты прости меня, Рид. В последнее время здесь творятся совсем странные вещи. И держись подальше от Риккерта. Он и раньше был странным, но сейчас…","Старик Мунблад… Наверное, я мог бы сам догадаться. Ты прости меня, Рид. В последнее время здесь творятся совсем странные вещи. И держись подальше от Риккерта. Он и раньше был странным, но сейчас…",2026-10-06T12:07,weblate,ru-ellipsis
common,vi,dialogue_text_campaign_0_0_14_miniboss_win_4,dialogue_text_campaign_0_0_14_miniboss_win_4,"Lão già Moonblood... đáng lẽ tôi phải tự mình nghĩ ra. Tôi xin lỗi, Reid. Gần đây, những chuyện kỳ lạ vẫn luôn xảy ra quanh đây. Và hãy tránh xa Rickert ra. Gã luôn kỳ quặc, nhưng giờ thì...","Lão già Moonblood... đáng lẽ tôi phải tự mình nghĩ ra. Tôi xin lỗi, Reid. Gần đây, những chuyện kỳ lạ vẫn luôn xảy ra quanh đây. Và hãy tránh xa Rickert ra. Gã luôn kỳ quặc, nhưng giờ thì…",2026-10-06T12:08,weblate,cleanup
common,nl,dialogue_text_campaign_0_0_14_miniboss_win_4,dialogue_text_campaign_0_0_14_miniboss_win_4,"Oude man Moonblood... dat had ik zelf moeten bedenken. Het spijt me, Reid. De laatste tijd gebeuren er vreemde dingen hier. En blijf uit de buurt van Rickert. Hij was altijd al vreemd, maar nu...","Oude man Moonblood... dat had ik zelf moeten bedenken. Het spijt me, Reid. De laatste tijd gebeuren er vreemde dingen hier. En blijf uit de buurt van Rickert. Hij was altijd al vreemd, maar nu…",2026-10-06T12:08,weblate,cleanup
common,fr,dialogue_text_campaign_0_0_22_miniboss_1,dialogue_text_campaign_0_0_22_miniboss_1,Alors tu es le Charpentier Rickert ?,Alors tu es le Charpentier Rickert ?,2026-10-06T12:07,weblate,cleanup
common,en,dialogue_text_campaign_0_0_22_miniboss_2,dialogue_text_campaign_0_0_22_miniboss_2,"We don't like this nickname, Princess. 'Shipwright, fix my vessel, Shipwright, stop looking at me like that.' Bad name, Princess.","We don't like that nickname, princess. “Shipwright, fix my tub, Shipwright, stop staring like that”. Bad name, princess",2026-10-02T12:39,weblate,newer-in-weblate
common,es,dialogue_text_campaign_0_0_22_miniboss_2,dialogue_text_campaign_0_0_22_miniboss_2,"No nos gusta este apodo, princesa. 'Carpintero, repara mi nave, Carpintero, deja de mirarme así.' Mal nombre, princesa.","No nos gusta ese apodo, princesa. “Constructor, arregla mi cascarón, Constructor, deja de mirar así”. Mal nombre, princesa",2026-10-02T12:39,weblate,newer-in-weblate
common,fr,dialogue_text_campaign_0_0_22_miniboss_2,dialogue_text_campaign_0_0_22_miniboss_2,"Nous n'aimons pas ce surnom, Princesse. 'Charpentier, répare mon vaisseau, Charpentier, arrête de me regarder comme ça.' Mauvais nom, Princesse.","Nous n'aimons pas ce surnom, princesse. « Charpentier, répare mon rafiot, Charpentier, arrête de me regarder comme ça ». Mauvais nom, princesse",2026-10-02T12:39,weblate,newer-in-weblate
common,pt,dialogue_text_campaign_0_0_22_miniboss_2,dialogue_text_campaign_0_0_22_miniboss_2,"Não gostamos desse apelido, Princesa. 'Carpinteiro, conserte minha embarcação, Carpinteiro, pare de me olhar assim.' Nome ruim, Princesa.","Não gostamos desse apelido, princesa. “Construtor de Navios, conserte minha banheira, Construtor de Navios, pare de olhar assim”. Nome ruim, princesa",2026-10-02T12:39,weblate,newer-in-weblate
common,pl,dialogue_text_campaign_0_0_22_miniboss_2,dialogue_text_campaign_0_0_22_miniboss_2,"Nie lubimy tego przydomku, Księżniczko. 'Stolarz, napraw moją jednostkę, Stolarz, przestań patrzeć na mnie w ten sposób.' Złe imię, Księżniczko.","Nie podoba nam się to przezwisko, księżniczko. „Szkutniku, napraw moją krypę, Szkutniku, przestań się tak gapić”. Złe imię, księżniczko",2026-10-02T12:39,weblate,newer-in-weblate
common,de,dialogue_text_campaign_0_0_22_miniboss_2,dialogue_text_campaign_0_0_22_miniboss_2,"Wir mögen diesen Spitznamen nicht, Prinzessin. 'Schiffszimmermann, repariere mein Schiff, Schiffszimmermann, hör auf, so zu schauen.' Schlechter Name, Prinzessin.","Wir mögen diesen Spitznamen nicht, Prinzessin. „Schiffbauer, reparier meinen Kahn, Schiffbauer, hör auf, so zu starren“. Schlechter Name, Prinzessin",2026-10-02T12:39,weblate,newer-in-weblate
common,it,dialogue_text_campaign_0_0_22_miniboss_2,dialogue_text_campaign_0_0_22_miniboss_2,"Non ci piace questo soprannome, Principessa. 'Falegname, ripara la mia nave, Falegname, smettila di guardarmi così.' Brutto nome, Principessa.","Non ci piace questo soprannome, principessa. “Carpentiere, ripara la mia carretta, Carpentiere, smettila di guardare così”. Brutto nome, principessa",2026-10-02T12:39,weblate,newer-in-weblate
common,th,dialogue_text_campaign_0_0_22_miniboss_2,dialogue_text_campaign_0_0_22_miniboss_2,พวกเราไม่ชอบชื่อเล่นนี้เลย เจ้าหญิง 'ช่างไม้ซ่อมเรือ ซ่อมเรือของฉัน ช่างไม้ หยุดมองฉันแบบนั้น' ชื่อแย่ๆ เจ้าหญิง,พวกเราไม่ชอบฉายานี้เลย เจ้าหญิง “ช่างต่อเรือ ซ่อมเรือซอมซ่อของข้าที ช่างต่อเรือ เลิกมองแบบนั้นได้แล้ว” ชื่อแย่ชะมัด เจ้าหญิง,2026-10-02T12:39,weblate,newer-in-weblate
common,id,dialogue_text_campaign_0_0_22_miniboss_2,dialogue_text_campaign_0_0_22_miniboss_2,"Kami tidak suka julukan ini, Putri. 'Tukang Kayu, perbaiki kapalku, Tukang Kayu, berhenti melihatku seperti itu.' Nama buruk, Putri.","Kami tidak suka julukan itu, Putri. “Tukang kapal, perbaiki perahuku, Tukang kapal, jangan menatap seperti itu”. Nama yang buruk, Putri",2026-10-02T12:39,weblate,newer-in-weblate
common,cn,dialogue_text_campaign_0_0_22_miniboss_2,dialogue_text_campaign_0_0_22_miniboss_2,我们不喜欢这个绰号，公主。‘木匠，修理我的船，木匠，别那样看着我。’糟糕的名字，公主。,我们不喜欢这个绰号，公主。“船匠，修好我的船，船匠，别那样看着我”。这名字真难听，公主,2026-10-02T12:39,weblate,newer-in-weblate
common,kr,dialogue_text_campaign_0_0_22_miniboss_2,dialogue_text_campaign_0_0_22_miniboss_2,"우리는 이 별명을 좋아하지 않아요, 공주님. '선박공, 내 배를 고쳐줘, 선박공, 그렇게 쳐다보지 마.' 나쁜 이름이에요, 공주님.","우린 그 별명이 마음에 안 들어, 공주님. ""배 수리공, 내 배 좀 고쳐줘, 배 수리공, 그렇게 쳐다보지 마"". 별로인 이름이야, 공주님",2026-10-02T12:39,weblate,newer-in-weblate
common,jp,dialogue_text_campaign_0_0_22_miniboss_2,dialogue_text_campaign_0_0_22_miniboss_2,このニックネームは好きじゃない、プリンセス。「船大工、私の船を修理して、船大工、そんな風に見ないで。」悪い名前だ、プリンセス。,そのあだ名は気に入らねえな、お姫さん。「船大工、ボロ船を直せ」「船大工、そんな目で見るな」だとよ。ろくでもねえ名前だ、お姫さん,2026-10-02T12:39,weblate,newer-in-weblate
common,tr,dialogue_text_campaign_0_0_22_miniboss_2,dialogue_text_campaign_0_0_22_miniboss_2,"Bu lakap hoşumuza gitmiyor, Prenses. 'Gemi İnşaatçısı, gemimi tamir et, Gemi İnşaatçısı, böyle bakmayı bırak.' Kötü bir isim, Prenses.","Bu lakap hoşumuza gitmedi, prenses. “Gemi Ustası, teknemi onar, Gemi Ustası, öyle bakmayı kes”. Kötü bir isim, prenses",2026-10-02T12:39,weblate,newer-in-weblate
common,vi,dialogue_text_campaign_0_0_22_miniboss_2,dialogue_text_campaign_0_0_22_miniboss_2,"Chúng tôi không thích cái biệt danh đó, Công chúa. 'Thợ đóng tàu, sửa tàu cho tôi đi, Thợ đóng tàu, đừng nhìn tôi như thế nữa.' Cái tên tồi tệ, Công chúa à.","Bọn ta không thích cái biệt danh đó đâu, công chúa. “Thợ đóng tàu, sửa con thuyền ọp ẹp cho ta đi, Thợ đóng tàu, đừng có nhìn kiểu đó nữa”. Cái tên dở tệ, công chúa",2026-10-02T12:39,weblate,newer-in-weblate
common,nl,dialogue_text_campaign_0_0_22_miniboss_2,dialogue_text_campaign_0_0_22_miniboss_2,"We houden niet van die bijnaam, Prinses. 'Scheepsbouwer, repareer mijn schip, Scheepsbouwer, kijk me niet zo aan.' Slechte naam, Prinses.","We houden niet van die bijnaam, prinses. “Scheepsbouwer, repareer mijn schuit, Scheepsbouwer, kijk niet zo”. Een slechte naam, prinses",2026-10-02T12:39,weblate,newer-in-weblate
common,en,dialogue_text_campaign_0_0_22_miniboss_4,dialogue_text_campaign_0_0_22_miniboss_4,"What? The Princess is lying to us! I know it for sure! Guys, teach her not to lie, or I'll send you to feed my friend!","What? The princess is lying to us! I know it! Lads, teach her not to lie, or I'll feed you to my friend!",2026-10-02T12:39,weblate,newer-in-weblate
common,es,dialogue_text_campaign_0_0_22_miniboss_4,dialogue_text_campaign_0_0_22_miniboss_4,"¿Qué? ¡La princesa nos está mintiendo! ¡Lo sé con certeza! Chicos, enséñenle a no mentir, o los enviaré a alimentar a mi amigo.","¿Qué? ¡La princesa nos engaña! ¡Vaya si lo sé! ¡Muchachos, enseñadle a no mentir o serviréis de comida a mi amigo!",2026-10-02T12:39,weblate,newer-in-weblate
common,fr,dialogue_text_campaign_0_0_22_miniboss_4,dialogue_text_campaign_0_0_22_miniboss_4,"Quoi ? La Princesse nous ment ! Je le sais avec certitude ! Les gars, apprenez-lui à ne pas mentir, ou je vous enverrai nourrir mon ami !","Quoi ? La princesse nous ment ! Je le sais bien ! Les gars, apprenez-lui à ne plus mentir, ou je vous donnerai en pâture à mon ami !",2026-10-02T12:39,weblate,newer-in-weblate
common,pt,dialogue_text_campaign_0_0_22_miniboss_4,dialogue_text_campaign_0_0_22_miniboss_4,"O quê? A Princesa está mentindo para nós! Eu sei disso com certeza! Pessoal, ensinem ela a não mentir, ou eu vou mandar vocês alimentar meu amigo!","O quê? A princesa está nos enganando! Eu bem sei! Rapazes, ensinem-na a não mentir, ou vou mandar vocês de comida para o meu amigo!",2026-10-02T12:39,weblate,newer-in-weblate
common,pl,dialogue_text_campaign_0_0_22_miniboss_4,dialogue_text_campaign_0_0_22_miniboss_4,"Co? Księżniczka nas okłamuje! Ja to wiem na pewno! Chłopaki, nauczcie ją nie kłamać, albo wyślę was nakarmić mojego przyjaciela!","Co? Księżniczka nas oszukuje! Ja to wiem! Chłopaki, oduczcie ją kłamać, albo poślę was na pożarcie mojemu przyjacielowi!",2026-10-02T12:39,weblate,newer-in-weblate
common,de,dialogue_text_campaign_0_0_22_miniboss_4,dialogue_text_campaign_0_0_22_miniboss_4,"Was? Die Prinzessin lügt uns an! Ich weiß es genau! Jungs, bringt ihr bei, nicht zu lügen, oder ich schicke euch, um meinen Freund zu füttern!","Was? Die Prinzessin belügt uns! Ich weiß das ganz genau! Jungs, treibt ihr das Lügen aus, oder ich verfüttere euch an meinen Freund!",2026-10-02T12:39,weblate,newer-in-weblate
common,it,dialogue_text_campaign_0_0_22_miniboss_4,dialogue_text_campaign_0_0_22_miniboss_4,"Cosa? La principessa ci sta mentendo! Lo so per certo! Raga, insegnatele a non mentire, o vi mando a nutrire il mio amico!","Cosa? La principessa ci sta ingannando! Lo so bene! Ragazzi, insegnatele a non mentire, o vi darò in pasto al mio amico!",2026-10-02T12:39,weblate,newer-in-weblate
common,th,dialogue_text_campaign_0_0_22_miniboss_4,dialogue_text_campaign_0_0_22_miniboss_4,อะไรนะ? เจ้าหญิงกำลังโกหกเรา! ฉันรู้แน่ๆ! ทุกคน สอนเธอไม่ให้โกหก หรือฉันจะส่งพวกคุณไปให้เพื่อนของฉันกิน!,อะไรนะ? เจ้าหญิงหลอกพวกเรา! ข้ารู้อยู่แล้ว! พวกเจ้า สั่งสอนนางให้เลิกโกหก ไม่งั้นข้าจะส่งพวกเจ้าไปเป็นอาหารให้เพื่อนข้า!,2026-10-02T12:39,weblate,newer-in-weblate
common,id,dialogue_text_campaign_0_0_22_miniboss_4,dialogue_text_campaign_0_0_22_miniboss_4,"Apa? Putri berbohong kepada kita! Aku tahu itu pasti! Teman-teman, ajari dia untuk tidak berbohong, atau aku akan mengirim kalian untuk memberi makan teman saya!","Apa? Sang Putri membohongi kita! Aku tahu betul! Anak-anak, beri dia pelajaran agar berhenti berbohong, atau kalian akan kukirim jadi santapan temanku!",2026-10-02T12:39,weblate,newer-in-weblate
common,cn,dialogue_text_campaign_0_0_22_miniboss_4,dialogue_text_campaign_0_0_22_miniboss_4,什么？公主在骗我们！我知道的很清楚！伙计们，教她不说谎，否则我会把你们送去喂我的朋友！,什么？公主在骗我们！我可清楚得很！伙计们，让她改掉撒谎的毛病，不然我就把你们喂给我的朋友！,2026-10-02T12:39,weblate,newer-in-weblate
common,kr,dialogue_text_campaign_0_0_22_miniboss_4,dialogue_text_campaign_0_0_22_miniboss_4,"뭐? 공주가 우리에게 거짓말을 하고 있어! 나는 확실히 알아! 얘들아, 그녀에게 거짓말하지 않도록 가르쳐, 아니면 너희들을 내 친구에게 먹이로 보낼 거야!","뭐? 공주가 우리를 속이고 있어! 내가 잘 알고 있지! 얘들아, 그녀가 거짓말하는 버릇을 고쳐 줘, 안 그러면 내 친구 밥으로 너희를 보내버릴 테니까!",2026-10-02T12:39,weblate,newer-in-weblate
common,jp,dialogue_text_campaign_0_0_22_miniboss_4,dialogue_text_campaign_0_0_22_miniboss_4,何？プリンセスが私たちに嘘をついている！私はそれを確信している！みんな、彼女に嘘をつかないように教えてくれ、さもなければ君たちを私の友達の餌に送るぞ！,何だと？あの姫は俺たちを騙している！俺には分かるぞ！野郎ども、嘘をつく癖を叩き直してやれ。さもないとお前らを俺の相棒の餌にしてやるぞ！,2026-10-02T12:39,weblate,newer-in-weblate
common,tr,dialogue_text_campaign_0_0_22_miniboss_4,dialogue_text_campaign_0_0_22_miniboss_4,"Ne? Prenses bize yalan söylüyor! Kesinlikle biliyorum! Çocuklar, ona yalan söylememeyi öğretin, yoksa sizi arkadaşımın yemi olarak gönderirim!","Ne? Prenses bizi kandırıyor! Bunu en iyi ben bilirim! Çocuklar, ona yalan söylememeyi öğretin yoksa sizi dostuma yem ederim!",2026-10-02T12:39,weblate,newer-in-weblate
common,vi,dialogue_text_campaign_0_0_22_miniboss_4,dialogue_text_campaign_0_0_22_miniboss_4,"Cái gì? Công chúa đang nói dối chúng ta! Tôi biết chắc chắn! Mọi người, dạy cho cô ta biết đừng nói dối, nếu không tôi sẽ cho các anh đi làm mồi cho bạn tôi!","Cái gì? Công chúa đang lừa dối chúng ta! Ta thừa biết mà! Lũ bay, dạy cho ả chừa thói nói dối, nếu không ta sẽ ném các ngươi làm mồi cho bạn ta!",2026-10-02T12:39,weblate,newer-in-weblate
common,nl,dialogue_text_campaign_0_0_22_miniboss_4,dialogue_text_campaign_0_0_22_miniboss_4,"Wat? De Prinses liegt tegen ons! Ik weet het zeker! Mannen, leer haar dat ze niet moet liegen, anders stuur ik jullie naar mijn vriend als voer!","Wat? De prinses bedriegt ons! Ik kan het weten! Mannen, leer haar het liegen af, of ik voer jullie aan mijn vriend!",2026-10-02T12:39,weblate,newer-in-weblate
common,fr,dialogue_text_campaign_0_0_boss_2,dialogue_text_campaign_0_0_boss_2,"Oh, la méchante princesse ne sait pas... Rickert n'a maintenant qu'un seul ami. Et lui non plus n'aime pas les gens mauvais !","Oh, la méchante princesse ne sait pas... Rickert n'a maintenant qu'un seul ami. Et lui non plus n'aime pas les gens mauvais !",2026-10-06T12:07,weblate,cleanup
common,fr,dialogue_text_campaign_0_0_boss_win_1,dialogue_text_campaign_0_0_boss_win_1,Qu'est-ce que c'est que cette créature ? Comment l'as-tu apprivoisée ?,Qu'est-ce que c'est que cette créature ? Comment l'as-tu apprivoisée ?,2026-10-06T12:07,weblate,cleanup
common,fr,dialogue_text_campaign_0_0_boss_win_2,dialogue_text_campaign_0_0_boss_win_2,"La Corne Sanglante ! Un gentil capitaine sur un navire aux voiles rouges l'a donné à Rickert, et maintenant Rickert a un ami. Mais nous ne le dirons pas à cette méchante princesse ! Non, non !","La Corne Sanglante ! Un gentil capitaine sur un navire aux voiles rouges l'a donné à Rickert, et maintenant Rickert a un ami. Mais nous ne le dirons pas à cette méchante princesse ! Non, non !",2026-10-06T12:07,weblate,cleanup
common,fr,dialogue_text_campaign_0_0_boss_win_3,dialogue_text_campaign_0_0_boss_win_3,Des voiles rouges ? C'est définitivement Moonblood ! Où est-il allé ?,Des voiles rouges ? C'est définitivement Moonblood ! Où est-il allé ?,2026-10-06T12:07,weblate,cleanup
common,fr,dialogue_text_campaign_0_0_boss_win_4,dialogue_text_campaign_0_0_boss_win_4,"La princesse stupide ne sait pas qu'il n'y a qu'un seul chemin ici : vers le nord, vers la <color=#1DEEFC>Terre des Vents Glacés.</color> Le gentil capitaine veut prier les dieux à l'Autel. La princesse stupide ne sait pas, mais nous ne lui dirons rien !","La princesse stupide ne sait pas qu'il n'y a qu'un seul chemin ici : vers le nord, vers la <color=#1DEEFC>Terre des Vents Glacés.</color> Le gentil capitaine veut prier les dieux à l'Autel. La princesse stupide ne sait pas, mais nous ne lui dirons rien !",2026-10-06T12:07,weblate,cleanup
common,fr,dialogue_text_campaign_0_0_boss_afterReward,dialogue_text_campaign_0_0_boss_afterReward,"Nous nous dirigeons vers le Bord du Vent Glacial ! C'est un endroit dangereux, nous aurons besoin d'un meilleur navire. Achetons un <color=#1DEEFC>brick flambant neuf.</color> Et une pinte de rhum ! C'est pour moi !","Nous nous dirigeons vers le Bord du Vent Glacial ! C'est un endroit dangereux, nous aurons besoin d'un meilleur navire. Achetons un <color=#1DEEFC>brick flambant neuf.</color> Et une pinte de rhum ! C'est pour moi !",2026-10-06T12:07,weblate,cleanup
common,fr,dialogue_text_campaign_1_0_region_2,dialogue_text_campaign_1_0_region_2,"Cependant, le chemin n'est pas court. Et il ne sera guère paisible. Préparez-vous tous, nous partons !","Cependant, le chemin n'est pas court. Et il ne sera guère paisible. Préparez-vous tous, nous partons !",2026-10-06T12:07,weblate,cleanup
common,fr,dialogue_text_campaign_1_0_6_miniboss_1,dialogue_text_campaign_1_0_6_miniboss_1,"Cela fait longtemps, capitaine Reed. Je suppose que vous êtes ici pour Moonblood ? Eh bien, vous devrez attendre votre tour.","Cela fait longtemps, capitaine Reed. Je suppose que vous êtes ici pour Moonblood ? Eh bien, vous devrez attendre votre tour.",2026-10-06T12:07,weblate,cleanup
common,fr,dialogue_text_campaign_1_0_6_miniboss_2,dialogue_text_campaign_1_0_6_miniboss_2,Capitaine Terreur ! Il a réussi à t'embêter aussi ? Pourquoi ne pas unir nos forces ?,Capitaine Terreur ! Il a réussi à t'embêter aussi ? Pourquoi ne pas unir nos forces ?,2026-10-06T12:07,weblate,cleanup
common,fr,dialogue_text_campaign_1_0_6_miniboss_4,dialogue_text_campaign_1_0_6_miniboss_4,"Oh non ! C'est mon navire, et la vie de Moonblood est aussi la mienne !","Oh non ! C'est mon navire, et la vie de Moonblood est aussi la mienne !",2026-10-06T12:07,weblate,cleanup
common,fr,dialogue_text_campaign_1_0_6_miniboss_win_1,dialogue_text_campaign_1_0_6_miniboss_win_1,Merde ! Je ne peux pas laisser Terror couler mon navire !,Merde ! Je ne peux pas laisser Terror couler mon navire !,2026-10-06T12:07,weblate,cleanup
common,ru,dialogue_text_campaign_1_0_14_miniboss_1,dialogue_text_campaign_1_0_14_miniboss_1,"Кажется, я знаю этот флаг... Это что, Кривой Джек?","Кажется, я знаю этот флаг… Это что, Кривой Джек?",2026-10-06T12:07,weblate,ru-ellipsis
common,fr,dialogue_text_campaign_1_0_14_miniboss_1,dialogue_text_campaign_1_0_14_miniboss_1,"Je crois que je connais ce drapeau... C'est Crooked Jack, non ?","Je crois que je connais ce drapeau... C'est Crooked Jack, non ?",2026-10-06T12:07,weblate,cleanup
common,fr,dialogue_text_campaign_1_0_14_miniboss_2,dialogue_text_campaign_1_0_14_miniboss_2,"Ha ha ! Elizabeth Reed, nous nous retrouvons ! L'heure est venue de régler nos comptes !","Ha ha ! Elizabeth Reed, nous nous retrouvons ! L'heure est venue de régler nos comptes !",2026-10-06T12:07,weblate,cleanup
common,fr,dialogue_text_campaign_1_0_14_miniboss_3,dialogue_text_campaign_1_0_14_miniboss_3,"Jack, la dernière défaite ne t'a pas suffi ?","Jack, la dernière défaite ne t'a pas suffi ?",2026-10-06T12:07,weblate,cleanup
common,fr,dialogue_text_campaign_1_0_14_miniboss_4,dialogue_text_campaign_1_0_14_miniboss_4,Tu m'as humilié ! Et tu vas le payer !,Tu m'as humilié ! Et tu vas le payer !,2026-10-06T12:07,weblate,cleanup
common,fr,dialogue_text_campaign_1_0_14_miniboss_win_2,dialogue_text_campaign_1_0_14_miniboss_win_2,Ce n'est pas la fin !,Ce n'est pas la fin !,2026-10-06T12:07,weblate,cleanup
common,en,dialogue_text_campaign_1_0_14_miniboss_win_3,dialogue_text_campaign_1_0_14_miniboss_win_3,Every time it's the same thing. Just find yourself another archenemy already.,Every time it's the same thing. Just find yourself another archenemy already,2026-10-06T12:07,weblate,cleanup
common,es,dialogue_text_campaign_1_0_14_miniboss_win_3,dialogue_text_campaign_1_0_14_miniboss_win_3,Siempre es lo mismo. Ya búscate otro archienemigo.,Siempre es lo mismo. Ya búscate otro archienemigo,2026-10-06T12:07,weblate,cleanup
common,fr,dialogue_text_campaign_1_0_14_miniboss_win_3,dialogue_text_campaign_1_0_14_miniboss_win_3,C'est toujours la même chose. Trouvez-vous un autre ennemi juré.,C'est toujours la même chose. Trouvez-vous un autre ennemi juré,2026-10-06T12:07,weblate,cleanup
common,pt,dialogue_text_campaign_1_0_14_miniboss_win_3,dialogue_text_campaign_1_0_14_miniboss_win_3,É sempre a mesma coisa. Arranja outro arqui-inimigo.,É sempre a mesma coisa. Arranja outro arqui-inimigo,2026-10-06T12:08,weblate,cleanup
common,pl,dialogue_text_campaign_1_0_14_miniboss_win_3,dialogue_text_campaign_1_0_14_miniboss_win_3,Za każdym razem to samo. Znajdź sobie wreszcie innego arcywroga.,Za każdym razem to samo. Znajdź sobie wreszcie innego arcywroga,2026-10-06T12:08,weblate,cleanup
common,de,dialogue_text_campaign_1_0_14_miniboss_win_3,dialogue_text_campaign_1_0_14_miniboss_win_3,Jedes Mal das Gleiche. Such dir endlich einen anderen Erzfeind.,Jedes Mal das Gleiche. Such dir endlich einen anderen Erzfeind,2026-10-06T12:07,weblate,cleanup
common,it,dialogue_text_campaign_1_0_14_miniboss_win_3,dialogue_text_campaign_1_0_14_miniboss_win_3,Ogni volta è la stessa storia. Trovati un altro arcinemico.,Ogni volta è la stessa storia. Trovati un altro arcinemico,2026-10-06T12:07,weblate,cleanup
common,id,dialogue_text_campaign_1_0_14_miniboss_win_3,dialogue_text_campaign_1_0_14_miniboss_win_3,Setiap kali selalu sama. Cari saja musuh bebuyutan yang lain.,Setiap kali selalu sama. Cari saja musuh bebuyutan yang lain,2026-10-06T12:07,weblate,cleanup
common,cn,dialogue_text_campaign_1_0_14_miniboss_win_3,dialogue_text_campaign_1_0_14_miniboss_win_3,每次都这样。你找个新的死对头吧。,每次都这样。你找个新的死对头吧,2026-10-06T12:07,weblate,cleanup
common,kr,dialogue_text_campaign_1_0_14_miniboss_win_3,dialogue_text_campaign_1_0_14_miniboss_win_3,매번 똑같은 일이 벌어지네. 그냥 다른 숙적을 찾아.,매번 똑같은 일이 벌어지네. 그냥 다른 숙적을 찾아,2026-10-06T12:08,weblate,cleanup
common,jp,dialogue_text_campaign_1_0_14_miniboss_win_3,dialogue_text_campaign_1_0_14_miniboss_win_3,いつも同じことの繰り返しだ。いい加減別の宿敵を見つけたらどうだ。,いつも同じことの繰り返しだ。いい加減別の宿敵を見つけたらどうだ,2026-10-06T12:08,weblate,cleanup
common,tr,dialogue_text_campaign_1_0_14_miniboss_win_3,dialogue_text_campaign_1_0_14_miniboss_win_3,Her seferinde aynı şey. Kendine bir baş düşman bul artık.,Her seferinde aynı şey. Kendine bir baş düşman bul artık,2026-10-06T12:08,weblate,cleanup
common,vi,dialogue_text_campaign_1_0_14_miniboss_win_3,dialogue_text_campaign_1_0_14_miniboss_win_3,Lúc nào cũng như vậy. Tìm một kẻ thù khác đi.,Lúc nào cũng như vậy. Tìm một kẻ thù khác đi,2026-10-06T12:08,weblate,cleanup
common,nl,dialogue_text_campaign_1_0_14_miniboss_win_3,dialogue_text_campaign_1_0_14_miniboss_win_3,Het is elke keer hetzelfde. Zoek jezelf een andere aartsvijand.,Het is elke keer hetzelfde. Zoek jezelf een andere aartsvijand,2026-10-06T12:08,weblate,cleanup
common,ru,dialogue_text_campaign_1_0_22_miniboss_1,dialogue_text_campaign_1_0_22_miniboss_1,Впереди ветхий корабль... Неужели это старый Барбосса?,Впереди ветхий корабль… Неужели это старый Барбосса?,2026-10-06T12:07,weblate,ru-ellipsis
common,fr,dialogue_text_campaign_1_0_22_miniboss_1,dialogue_text_campaign_1_0_22_miniboss_1,"Devant, un vieux navire... Est-ce le vieux Barbossa ?","Devant, un vieux navire... Est-ce le vieux Barbossa ?",2026-10-06T12:07,weblate,cleanup
common,en,dialogue_text_campaign_1_0_22_miniboss_3,dialogue_text_campaign_1_0_22_miniboss_3,Barbossa! You've been away from piracy for a long time...,Barbossa! You've been away from piracy for a long time…,2026-10-06T12:07,weblate,cleanup
common,es,dialogue_text_campaign_1_0_22_miniboss_3,dialogue_text_campaign_1_0_22_miniboss_3,¡Barbosa! Has estado fuera de la piratería durante mucho tiempo...,¡Barbosa! Has estado fuera de la piratería durante mucho tiempo…,2026-10-06T12:07,weblate,cleanup
common,fr,dialogue_text_campaign_1_0_22_miniboss_3,dialogue_text_campaign_1_0_22_miniboss_3,Barbossa ! Tu es éloigné de la piraterie depuis longtemps...,Barbossa ! Tu es éloigné de la piraterie depuis longtemps…,2026-10-06T12:07,weblate,cleanup
common,pt,dialogue_text_campaign_1_0_22_miniboss_3,dialogue_text_campaign_1_0_22_miniboss_3,Barbossa! Você está afastado da pirataria há muito tempo...,Barbossa! Você está afastado da pirataria há muito tempo…,2026-10-06T12:08,weblate,cleanup
common,pl,dialogue_text_campaign_1_0_22_miniboss_3,dialogue_text_campaign_1_0_22_miniboss_3,Barbossa! Dawno już opuściłeś piractwo...,Barbossa! Dawno już opuściłeś piractwo…,2026-10-06T12:08,weblate,cleanup
common,de,dialogue_text_campaign_1_0_22_miniboss_3,dialogue_text_campaign_1_0_22_miniboss_3,Barbossa! Du bist schon lange weg vom Piratenleben...,Barbossa! Du bist schon lange weg vom Piratenleben…,2026-10-06T12:07,weblate,cleanup
common,it,dialogue_text_campaign_1_0_22_miniboss_3,dialogue_text_campaign_1_0_22_miniboss_3,Barbossa! Sei lontano dalla pirateria da molto tempo...,Barbossa! Sei lontano dalla pirateria da molto tempo…,2026-10-06T12:07,weblate,cleanup
common,th,dialogue_text_campaign_1_0_22_miniboss_3,dialogue_text_campaign_1_0_22_miniboss_3,บาร์บอสซ่า! คุณห่างจากการเป็นโจรสลัดมานานแล้ว...,บาร์บอสซ่า! คุณห่างจากการเป็นโจรสลัดมานานแล้ว…,2026-10-06T12:08,weblate,cleanup
common,id,dialogue_text_campaign_1_0_22_miniboss_3,dialogue_text_campaign_1_0_22_miniboss_3,Barbossa! Kamu sudah lama meninggalkan dunia bajak laut...,Barbossa! Kamu sudah lama meninggalkan dunia bajak laut…,2026-10-06T12:07,weblate,cleanup
common,kr,dialogue_text_campaign_1_0_22_miniboss_3,dialogue_text_campaign_1_0_22_miniboss_3,바르보사! 너는 아주 오랫동안 해적에서 떠났잖아...,바르보사! 너는 아주 오랫동안 해적에서 떠났잖아…,2026-10-06T12:08,weblate,cleanup
common,jp,dialogue_text_campaign_1_0_22_miniboss_3,dialogue_text_campaign_1_0_22_miniboss_3,バルボッサ！君はもう長いこと海賊を離れているじゃないか...,バルボッサ！君はもう長いこと海賊を離れているじゃないか…,2026-10-06T12:08,weblate,cleanup
common,tr,dialogue_text_campaign_1_0_22_miniboss_3,dialogue_text_campaign_1_0_22_miniboss_3,Barbossa! Piratlıktan uzun zamandır uzaklaştın...,Barbossa! Piratlıktan uzun zamandır uzaklaştın…,2026-10-06T12:08,weblate,cleanup
common,vi,dialogue_text_campaign_1_0_22_miniboss_3,dialogue_text_campaign_1_0_22_miniboss_3,Barbossa! Ông đã rời xa giới cướp biển lâu lắm rồi...,Barbossa! Ông đã rời xa giới cướp biển lâu lắm rồi…,2026-10-06T12:08,weblate,cleanup
common,nl,dialogue_text_campaign_1_0_22_miniboss_3,dialogue_text_campaign_1_0_22_miniboss_3,Barbossa! Je bent al lang weg van piraterij...,Barbossa! Je bent al lang weg van piraterij…,2026-10-06T12:08,weblate,cleanup
common,fr,dialogue_text_campaign_1_0_22_miniboss_4,dialogue_text_campaign_1_0_22_miniboss_4,"C'est vrai. Mais Moonblood m'a rappelé une vieille dette. Ne pense pas que je sois heureux de cela. Équipage, chargez les canons !","C'est vrai. Mais Moonblood m'a rappelé une vieille dette. Ne pense pas que je sois heureux de cela. Équipage, chargez les canons !",2026-10-06T12:07,weblate,cleanup
common,fr,dialogue_text_campaign_1_0_boss_3,dialogue_text_campaign_1_0_boss_3,Il est parti comme ça ? Tu as fait un deal avec lui ? Et ta vengeance ?,Il est parti comme ça ? Tu as fait un deal avec lui ? Et ta vengeance ?,2026-10-06T12:07,weblate,cleanup
common,es,dialogue_text_campaign_1_0_boss_4,dialogue_text_campaign_1_0_boss_4,"A veces ocurren fuerzas incontrolables, Capitán Reed. Tu ex-cuartermaster es justo esa fuerza. A diferencia de ti...","A veces ocurren fuerzas incontrolables, Capitán Reed. Tu ex-cuartermaster es justo esa fuerza. A diferencia de ti…",2026-10-06T12:07,weblate,cleanup
common,fr,dialogue_text_campaign_1_0_boss_4,dialogue_text_campaign_1_0_boss_4,"Parfois, il y a des forces incontrôlables, capitaine Reed. Ton ancien quartier-maître est justement une de ces forces. Ce qui n'est pas le cas de toi...","Parfois, il y a des forces incontrôlables, capitaine Reed. Ton ancien quartier-maître est justement une de ces forces. Ce qui n'est pas le cas de toi…",2026-10-06T12:07,weblate,cleanup
common,pt,dialogue_text_campaign_1_0_boss_4,dialogue_text_campaign_1_0_boss_4,"Às vezes, existem forças incontroláveis, Capitão Reed. Seu ex-quartel-mestre é exatamente essa força. O que não se pode dizer de você...","Às vezes, existem forças incontroláveis, Capitão Reed. Seu ex-quartel-mestre é exatamente essa força. O que não se pode dizer de você…",2026-10-06T12:08,weblate,cleanup
common,pl,dialogue_text_campaign_1_0_boss_4,dialogue_text_campaign_1_0_boss_4,"Czasami zdarzają się siły, których nie da się kontrolować, kapitanie Reed. Twój były kwatermistrz to właśnie taka siła. Czego nie można powiedzieć o tobie...","Czasami zdarzają się siły, których nie da się kontrolować, kapitanie Reed. Twój były kwatermistrz to właśnie taka siła. Czego nie można powiedzieć o tobie…",2026-10-06T12:08,weblate,cleanup
common,de,dialogue_text_campaign_1_0_boss_4,dialogue_text_campaign_1_0_boss_4,"Manchmal gibt es unkontrollierbare Kräfte, Captain Reed. Dein ehemaliger Quartiermeister ist genau so eine Kraft. Was man über dich nicht sagen kann...","Manchmal gibt es unkontrollierbare Kräfte, Captain Reed. Dein ehemaliger Quartiermeister ist genau so eine Kraft. Was man über dich nicht sagen kann…",2026-10-06T12:07,weblate,cleanup
common,it,dialogue_text_campaign_1_0_boss_4,dialogue_text_campaign_1_0_boss_4,"A volte ci sono forze incontrollabili, Capitano Reed. Il tuo ex quartiermastro è proprio una di queste forze. Cosa che non si può dire di te...","A volte ci sono forze incontrollabili, Capitano Reed. Il tuo ex quartiermastro è proprio una di queste forze. Cosa che non si può dire di te…",2026-10-06T12:07,weblate,cleanup
common,th,dialogue_text_campaign_1_0_boss_4,dialogue_text_campaign_1_0_boss_4,"บางครั้งก็มีแรงที่ไม่สามารถควบคุมได้, กัปตันรีด. อดีตผู้ดูแลของคุณเป็นแรงที่ไม่สามารถควบคุมได้เช่นกัน. ซึ่งไม่สามารถพูดได้เกี่ยวกับคุณ...","บางครั้งก็มีแรงที่ไม่สามารถควบคุมได้, กัปตันรีด. อดีตผู้ดูแลของคุณเป็นแรงที่ไม่สามารถควบคุมได้เช่นกัน. ซึ่งไม่สามารถพูดได้เกี่ยวกับคุณ…",2026-10-06T12:08,weblate,cleanup
common,id,dialogue_text_campaign_1_0_boss_4,dialogue_text_campaign_1_0_boss_4,"Terkadang ada kekuatan yang tak terkontrol, Kapten Reed. Mantan kepala penjaga Anda adalah kekuatan seperti itu. Yang tidak bisa saya katakan tentang Anda...","Terkadang ada kekuatan yang tak terkontrol, Kapten Reed. Mantan kepala penjaga Anda adalah kekuatan seperti itu. Yang tidak bisa saya katakan tentang Anda…",2026-10-06T12:07,weblate,cleanup
common,cn,dialogue_text_campaign_1_0_boss_4,dialogue_text_campaign_1_0_boss_4,有时候，会有无法抗拒的力量，瑞德船长。你的前舵手正是这种力量。和你不一样...,有时候，会有无法抗拒的力量，瑞德船长。你的前舵手正是这种力量。和你不一样…,2026-10-06T12:07,weblate,cleanup
common,kr,dialogue_text_campaign_1_0_boss_4,dialogue_text_campaign_1_0_boss_4,"가끔은 제어할 수 없는 힘이 있죠, 리드 선장. 당신의 전 선임 수석 항해사는 바로 그런 힘이에요. 당신에게는 그렇지 않지만...","가끔은 제어할 수 없는 힘이 있죠, 리드 선장. 당신의 전 선임 수석 항해사는 바로 그런 힘이에요. 당신에게는 그렇지 않지만…",2026-10-06T12:08,weblate,cleanup
common,tr,dialogue_text_campaign_1_0_boss_4,dialogue_text_campaign_1_0_boss_4,"Bazen kontrol edilemeyen güçler vardır, Kaptan Reed. Eski çeyrekbaşınız tam olarak böyle bir güç. Senin hakkında söyleyemeyeceğimiz şeyler var...","Bazen kontrol edilemeyen güçler vardır, Kaptan Reed. Eski çeyrekbaşınız tam olarak böyle bir güç. Senin hakkında söyleyemeyeceğimiz şeyler var…",2026-10-06T12:08,weblate,cleanup
common,nl,dialogue_text_campaign_1_0_boss_4,dialogue_text_campaign_1_0_boss_4,"Soms zijn er krachten buiten onze macht, Kapitein Reed. Uw voormalige kwartiermeester is zo'n kracht. In tegenstelling tot u...","Soms zijn er krachten buiten onze macht, Kapitein Reed. Uw voormalige kwartiermeester is zo'n kracht. In tegenstelling tot u…",2026-10-06T12:08,weblate,cleanup
common,en,dialogue_text_campaign_1_0_boss_win_1,dialogue_text_campaign_1_0_boss_win_1,"What did Moonblood  bribe you with, Terror?","What did Moonblood bribe you with, Terror?",2026-10-06T12:07,weblate,cleanup
common,fr,dialogue_text_campaign_1_0_boss_win_1,dialogue_text_campaign_1_0_boss_win_1,"Avec quoi Moonblood t'a-t-il acheté, Terror ?","Avec quoi Moonblood t'a-t-il acheté, Terror ?",2026-10-06T12:07,weblate,cleanup
common,es,dialogue_text_campaign_1_0_boss_win_2,dialogue_text_campaign_1_0_boss_win_2,No me pagó ni una onza de oro. Y se fue hacia el este. Deberías haber visto lo que hizo con tu galeón...,No me pagó ni una onza de oro. Y se fue hacia el este. Deberías haber visto lo que hizo con tu galeón…,2026-10-06T12:07,weblate,cleanup
common,fr,dialogue_text_campaign_1_0_boss_win_2,dialogue_text_campaign_1_0_boss_win_2,Il ne m'a payé aucune once d'or. Et il est parti vers l'est. Tu aurais vu ce qu'il a fait à ton galion...,Il ne m'a payé aucune once d'or. Et il est parti vers l'est. Tu aurais vu ce qu'il a fait à ton galion…,2026-10-06T12:07,weblate,cleanup
common,pt,dialogue_text_campaign_1_0_boss_win_2,dialogue_text_campaign_1_0_boss_win_2,Ele não me pagou nem uma onça de ouro. E foi para o leste. Você deveria ver o que ele fez com seu galeão...,Ele não me pagou nem uma onça de ouro. E foi para o leste. Você deveria ver o que ele fez com seu galeão…,2026-10-06T12:08,weblate,cleanup
common,pl,dialogue_text_campaign_1_0_boss_win_2,dialogue_text_campaign_1_0_boss_win_2,"Nie zapłacił mi ani uncji złota. I poszedł na wschód. Powinnaś była zobaczyć, co zrobił z twoim galeonem...","Nie zapłacił mi ani uncji złota. I poszedł na wschód. Powinnaś była zobaczyć, co zrobił z twoim galeonem…",2026-10-06T12:08,weblate,cleanup
common,de,dialogue_text_campaign_1_0_boss_win_2,dialogue_text_campaign_1_0_boss_win_2,"Er hat mir keinen einzigen Unzen Gold gezahlt. Und er ist nach Osten gegangen. Du hättest gesehen, was er mit deinem Galeonen gemacht hat...","Er hat mir keinen einzigen Unzen Gold gezahlt. Und er ist nach Osten gegangen. Du hättest gesehen, was er mit deinem Galeonen gemacht hat…",2026-10-06T12:07,weblate,cleanup
common,it,dialogue_text_campaign_1_0_boss_win_2,dialogue_text_campaign_1_0_boss_win_2,Non mi ha pagato nemmeno un'oncia d'oro. E se n'è andato verso est. Avresti dovuto vedere cosa ha fatto con il tuo galeone...,Non mi ha pagato nemmeno un'oncia d'oro. E se n'è andato verso est. Avresti dovuto vedere cosa ha fatto con il tuo galeone…,2026-10-06T12:07,weblate,cleanup
common,th,dialogue_text_campaign_1_0_boss_win_2,dialogue_text_campaign_1_0_boss_win_2,เขาไม่ได้จ่ายทองแม้แต่สักออนซ์เดียว และเขาก็ไปทางทิศตะวันออก คุณควรเห็นสิ่งที่เขาทำกับเรือเกลียงของคุณ...,เขาไม่ได้จ่ายทองแม้แต่สักออนซ์เดียว และเขาก็ไปทางทิศตะวันออก คุณควรเห็นสิ่งที่เขาทำกับเรือเกลียงของคุณ…,2026-10-06T12:08,weblate,cleanup
common,id,dialogue_text_campaign_1_0_boss_win_2,dialogue_text_campaign_1_0_boss_win_2,Dia tidak membayar saya bahkan sebutir emas. Dan dia pergi ke timur. Anda seharusnya melihat apa yang dia lakukan dengan galeon Anda...,Dia tidak membayar saya bahkan sebutir emas. Dan dia pergi ke timur. Anda seharusnya melihat apa yang dia lakukan dengan galeon Anda…,2026-10-06T12:07,weblate,cleanup
common,cn,dialogue_text_campaign_1_0_boss_win_2,dialogue_text_campaign_1_0_boss_win_2,他没付我一盎司黄金。然后他朝东去了。你该看看他对你的战舰做了什么...,他没付我一盎司黄金。然后他朝东去了。你该看看他对你的战舰做了什么…,2026-10-06T12:07,weblate,cleanup
common,kr,dialogue_text_campaign_1_0_boss_win_2,dialogue_text_campaign_1_0_boss_win_2,그는 내게 금 한 온스도 지불하지 않았다. 그리고 동쪽으로 갔다. 네가 네 갤리온이 어떻게 됐는지 봤다면...,그는 내게 금 한 온스도 지불하지 않았다. 그리고 동쪽으로 갔다. 네가 네 갤리온이 어떻게 됐는지 봤다면…,2026-10-06T12:08,weblate,cleanup
common,jp,dialogue_text_campaign_1_0_boss_win_2,dialogue_text_campaign_1_0_boss_win_2,彼は私に金一オンスも払わなかった。そして東へ行った。あなたのガレオンがどうなったか、あなたは見たほうがいい...,彼は私に金一オンスも払わなかった。そして東へ行った。あなたのガレオンがどうなったか、あなたは見たほうがいい…,2026-10-06T12:08,weblate,cleanup
common,tr,dialogue_text_campaign_1_0_boss_win_2,dialogue_text_campaign_1_0_boss_win_2,Bana bir ons altın bile ödemedi. Ve doğuya gitti. Senin galeonunla ne yaptığına bakmalısın...,Bana bir ons altın bile ödemedi. Ve doğuya gitti. Senin galeonunla ne yaptığına bakmalısın…,2026-10-06T12:08,weblate,cleanup
common,vi,dialogue_text_campaign_1_0_boss_win_2,dialogue_text_campaign_1_0_boss_win_2,Anh ta không trả cho ta một xu vàng nào cả. Và anh ta đã đi về phía đông. Ngươi nên thấy những gì anh ta đã làm với chiếc thuyền của ngươi...,Anh ta không trả cho ta một xu vàng nào cả. Và anh ta đã đi về phía đông. Ngươi nên thấy những gì anh ta đã làm với chiếc thuyền của ngươi…,2026-10-06T12:08,weblate,cleanup
common,nl,dialogue_text_campaign_1_0_boss_win_2,dialogue_text_campaign_1_0_boss_win_2,Hij heeft me geen greintje goud betaald. En hij ging naar het oosten. Je had moeten zien wat hij met je galjoen heeft gedaan...,Hij heeft me geen greintje goud betaald. En hij ging naar het oosten. Je had moeten zien wat hij met je galjoen heeft gedaan…,2026-10-06T12:08,weblate,cleanup
common,fr,dialogue_text_campaign_1_0_boss_win_3,dialogue_text_campaign_1_0_boss_win_3,Mon galion ?,Mon galion ?,2026-10-06T12:07,weblate,cleanup
common,vi,dialogue_text_campaign_1_0_boss_win_4,dialogue_text_campaign_1_0_boss_win_4,Anh ta đã nguyền rủa con tàu. Và giờ đây những cánh buồm ngọc lục bảo của Chiếc Thuyền Ma Ám phát sáng trong bóng tối của màn đêm...,Anh ta đã nguyền rủa con tàu. Và giờ đây những cánh buồm ngọc lục bảo của Chiếc Thuyền Ma Ám phát sáng trong bóng tối của màn đêm…,2026-10-06T12:08,weblate,cleanup
common,nl,dialogue_text_campaign_1_0_boss_win_4,dialogue_text_campaign_1_0_boss_win_4,Hij heeft het schip vervloekt. En nu gloeien de smaragdgroene zeilen van het Vervloekte Galjoen in de duisternis van de nacht...,Hij heeft het schip vervloekt. En nu gloeien de smaragdgroene zeilen van het Vervloekte Galjoen in de duisternis van de nacht…,2026-10-06T12:08,weblate,cleanup
common,fr,dialogue_text_campaign_1_0_boss_win_5,dialogue_text_campaign_1_0_boss_win_5,Qu'est-ce qu'il a fait ?!,Qu'est-ce qu'il a fait ?!,2026-10-06T12:07,weblate,cleanup
common,fr,dialogue_text_campaign_1_0_boss_win_6,dialogue_text_campaign_1_0_boss_win_6,"À qui pries-tu, Capitaine Reed, lorsque la tempête vient te chercher ? Nérée ? Peut-être Njord ou Calypso ? Les dieux de Moonblood sont beaucoup plus puissants que ceux vénérés par les autres pirates. Ils lui répondent.","À qui pries-tu, Capitaine Reed, lorsque la tempête vient te chercher ? Nérée ? Peut-être Njord ou Calypso ? Les dieux de Moonblood sont beaucoup plus puissants que ceux vénérés par les autres pirates. Ils lui répondent.",2026-10-06T12:07,weblate,cleanup
common,fr,dialogue_text_campaign_1_0_boss_win_7,dialogue_text_campaign_1_0_boss_win_7,Mon navire... Moonblood répondra de tout ce qu'il a fait !,Mon navire... Moonblood répondra de tout ce qu'il a fait !,2026-10-06T12:07,weblate,cleanup
common,en,dialogue_text_campaign_2_0_region_3,dialogue_text_campaign_2_0_region_3,"But people like that usually know more than they let on. I’m sure if Moonblood  came here, it’s definitely to meet with her.","But people like that usually know more than they let on. I’m sure if Moonblood came here, it’s definitely to meet with her.",2026-10-06T12:07,weblate,cleanup
common,fr,dialogue_text_campaign_2_0_6_miniboss_2,dialogue_text_campaign_2_0_6_miniboss_2,Des cannibales ? Comment as-tu réussi à négocier avec eux ?,Des cannibales ? Comment as-tu réussi à négocier avec eux ?,2026-10-06T12:07,weblate,cleanup
common,fr,dialogue_text_campaign_2_0_6_miniboss_3,dialogue_text_campaign_2_0_6_miniboss_3,"Oh, ce n'est pas difficile du tout si vous pouvez leur offrir de la viande fraîche. Messieurs, votre déjeuner est arrivé !","Oh, ce n'est pas difficile du tout si vous pouvez leur offrir de la viande fraîche. Messieurs, votre déjeuner est arrivé !",2026-10-06T12:07,weblate,cleanup
common,ru,dialogue_text_campaign_2_0_14_miniboss_1,dialogue_text_campaign_2_0_14_miniboss_1,"Корабль Королевской армады, и здесь... Это неприятности. Лучше напасть первыми, они нас всё равно не пропустят.","Корабль Королевской армады, и здесь… Это неприятности. Лучше напасть первыми, они нас всё равно не пропустят.",2026-10-06T12:07,weblate,ru-ellipsis
common,fr,dialogue_text_campaign_2_0_14_miniboss_2,dialogue_text_campaign_2_0_14_miniboss_2,"Vaisseau non identifié ! Rendez-vous, et nous épargnerons vos vies !","Vaisseau non identifié ! Rendez-vous, et nous épargnerons vos vies !",2026-10-06T12:07,weblate,cleanup
common,fr,dialogue_text_campaign_2_0_14_miniboss_win,dialogue_text_campaign_2_0_14_miniboss_win,Qui sait qui se perd dans ces endroits. Que fait la Royale Armada ici ?,Qui sait qui se perd dans ces endroits. Que fait la Royale Armada ici ?,2026-10-06T12:07,weblate,cleanup
common,fr,dialogue_text_campaign_2_0_22_miniboss_1,dialogue_text_campaign_2_0_22_miniboss_1,Viande fraîche ! À bord ! Préparez-vous à devenir le déjeuner !,Viande fraîche ! À bord ! Préparez-vous à devenir le déjeuner !,2026-10-06T12:07,weblate,cleanup
common,fr,dialogue_text_campaign_2_0_22_miniboss_2,dialogue_text_campaign_2_0_22_miniboss_2,Encore les amis de Moonblood. Aux armes !,Encore les amis de Moonblood. Aux armes !,2026-10-06T12:07,weblate,cleanup
common,fr,dialogue_text_campaign_2_0_boss_1,dialogue_text_campaign_2_0_boss_1,"Merde, c'est une embuscade ! On dirait que Moonblood a appris aux cannibales à ressusciter les morts... Ou ce qu'il en reste.","Merde, c'est une embuscade ! On dirait que Moonblood a appris aux cannibales à ressusciter les morts... Ou ce qu'il en reste.",2026-10-06T12:07,weblate,cleanup
common,fr,dialogue_text_campaign_2_0_boss_2,dialogue_text_campaign_2_0_boss_2,"Amis, vous arrivez juste à temps pour le dîner ! Comme nous l'a promis notre cher ami ! Bienvenue à la table !","Amis, vous arrivez juste à temps pour le dîner ! Comme nous l'a promis notre cher ami ! Bienvenue à la table !",2026-10-06T12:07,weblate,cleanup
common,fr,dialogue_text_campaign_2_0_boss_3,dialogue_text_campaign_2_0_boss_3,Vous pensez toujours à la nourriture ici ?,Vous pensez toujours à la nourriture ici ?,2026-10-06T12:07,weblate,cleanup
common,fr,dialogue_text_campaign_2_0_boss_win_1,dialogue_text_campaign_2_0_boss_win_1,"Il nous a trompés ! Il a promis qu'avec la Pierre de Lune, nous serions invincibles !","Il nous a trompés ! Il a promis qu'avec la Pierre de Lune, nous serions invincibles !",2026-10-06T12:07,weblate,cleanup
common,fr,dialogue_text_campaign_2_0_boss_win_2,dialogue_text_campaign_2_0_boss_win_2,Avec la Pierre de Lune ? On dirait un autre cadeau de Moonblood. C'est grâce à lui qu'ils ont ressuscité les morts !,Avec la Pierre de Lune ? On dirait un autre cadeau de Moonblood. C'est grâce à lui qu'ils ont ressuscité les morts !,2026-10-06T12:07,weblate,cleanup
common,ru,dialogue_text_campaign_2_0_boss_win_3,dialogue_text_campaign_2_0_boss_win_3,"Даже знать не хочу, как его использовали, чтобы создавать этих скелетов... Но, может быть, он еще пригодится.","Даже знать не хочу, как его использовали, чтобы создавать этих скелетов… Но, может быть, он еще пригодится.",2026-10-06T12:07,weblate,ru-ellipsis
common,fr,dialogue_text_campaign_2_1_region_1,dialogue_text_campaign_2_1_region_1,Êtes-vous Malika la chamane dont tout le monde parle dans ces eaux ? J'ai quelques questions.,Êtes-vous Malika la chamane dont tout le monde parle dans ces eaux ? J'ai quelques questions.,2026-10-06T12:07,weblate,cleanup
common,fr,dialogue_text_campaign_2_1_region_3,dialogue_text_campaign_2_1_region_3,"Les affaires honnêtes, c'est mon truc. Nous avons une pierre intéressante, elle pourrait être un bon paiement. Qu'est-ce que Moonblood voulait de toi ? Et qu'est-ce que cet or qui tombe du ciel ?","Les affaires honnêtes, c'est mon truc. Nous avons une pierre intéressante, elle pourrait être un bon paiement. Qu'est-ce que Moonblood voulait de toi ? Et qu'est-ce que cet or qui tombe du ciel ?",2026-10-06T12:07,weblate,cleanup
common,es,dialogue_text_campaign_2_1_region_4,dialogue_text_campaign_2_1_region_4,"Esto es una cosa poderosa, niña. Aceptaré tu regalo. Pero el regalo es solo uno. Y hay dos preguntas. Moonblood necesitaba lo mismo que tú. En cuanto a la segunda pregunta...","Esto es una cosa poderosa, niña. Aceptaré tu regalo. Pero el regalo es solo uno. Y hay dos preguntas. Moonblood necesitaba lo mismo que tú. En cuanto a la segunda pregunta…",2026-10-06T12:07,weblate,cleanup
common,fr,dialogue_text_campaign_2_1_region_4,dialogue_text_campaign_2_1_region_4,"C'est une chose puissante, enfant. J'accepterai ton cadeau. Mais le cadeau n'est qu'un. Et il y a deux questions. Moonblood avait besoin de la même chose que toi. Quant à la deuxième question...","C'est une chose puissante, enfant. J'accepterai ton cadeau. Mais le cadeau n'est qu'un. Et il y a deux questions. Moonblood avait besoin de la même chose que toi. Quant à la deuxième question…",2026-10-06T12:07,weblate,cleanup
common,pt,dialogue_text_campaign_2_1_region_4,dialogue_text_campaign_2_1_region_4,"Isso é uma coisa poderosa, criança. Eu aceitarei seu presente. Mas o presente é apenas um. E há duas perguntas. Moonblood precisava do mesmo que você. Quanto à segunda pergunta...","Isso é uma coisa poderosa, criança. Eu aceitarei seu presente. Mas o presente é apenas um. E há duas perguntas. Moonblood precisava do mesmo que você. Quanto à segunda pergunta…",2026-10-06T12:08,weblate,cleanup
common,pl,dialogue_text_campaign_2_1_region_4,dialogue_text_campaign_2_1_region_4,"To potężna rzecz, dziecko. Przyjmę twój dar. Ale dar jest tylko jeden. A pytań jest dwa. Moonblood potrzebował tego samego, co ty. Jeśli chodzi o drugie pytanie...","To potężna rzecz, dziecko. Przyjmę twój dar. Ale dar jest tylko jeden. A pytań jest dwa. Moonblood potrzebował tego samego, co ty. Jeśli chodzi o drugie pytanie…",2026-10-06T12:08,weblate,cleanup
common,de,dialogue_text_campaign_2_1_region_4,dialogue_text_campaign_2_1_region_4,"Das ist eine mächtige Sache, Kind. Ich werde dein Geschenk annehmen. Aber das Geschenk ist nur eines. Und es gibt zwei Fragen. Moonblood brauchte das gleiche wie du. Was die zweite Frage betrifft...","Das ist eine mächtige Sache, Kind. Ich werde dein Geschenk annehmen. Aber das Geschenk ist nur eines. Und es gibt zwei Fragen. Moonblood brauchte das gleiche wie du. Was die zweite Frage betrifft…",2026-10-06T12:07,weblate,cleanup
common,it,dialogue_text_campaign_2_1_region_4,dialogue_text_campaign_2_1_region_4,"Questa è una cosa potente, bambina. Accetterò il tuo dono. Ma il dono è uno solo. E ci sono due domande. Moonblood aveva bisogno della stessa cosa che te. Per quanto riguarda la seconda domanda...","Questa è una cosa potente, bambina. Accetterò il tuo dono. Ma il dono è uno solo. E ci sono due domande. Moonblood aveva bisogno della stessa cosa che te. Per quanto riguarda la seconda domanda…",2026-10-06T12:07,weblate,cleanup
common,th,dialogue_text_campaign_2_1_region_4,dialogue_text_campaign_2_1_region_4,นี่คือสิ่งที่ทรงพลัง ลูกสาว ข้าจะรับของขวัญของเจ้า แต่ของขวัญมีแค่หนึ่ง และมีคำถามสองข้อ มุนบลัดต้องการสิ่งเดียวกับเจ้า ส่วนคำถามที่สอง...,นี่คือสิ่งที่ทรงพลัง ลูกสาว ข้าจะรับของขวัญของเจ้า แต่ของขวัญมีแค่หนึ่ง และมีคำถามสองข้อ มุนบลัดต้องการสิ่งเดียวกับเจ้า ส่วนคำถามที่สอง…,2026-10-06T12:08,weblate,cleanup
common,id,dialogue_text_campaign_2_1_region_4,dialogue_text_campaign_2_1_region_4,"Ini adalah hal yang kuat, anak. Saya akan menerima hadiahmu. Tapi hadiah itu hanya satu. Dan ada dua pertanyaan. Moonblood membutuhkan hal yang sama seperti kamu. Mengenai pertanyaan kedua...","Ini adalah hal yang kuat, anak. Saya akan menerima hadiahmu. Tapi hadiah itu hanya satu. Dan ada dua pertanyaan. Moonblood membutuhkan hal yang sama seperti kamu. Mengenai pertanyaan kedua…",2026-10-06T12:07,weblate,cleanup
common,kr,dialogue_text_campaign_2_1_region_4,dialogue_text_campaign_2_1_region_4,"이건 강력한 것이다, 아이야. 나는 너의 선물을 받을 것이다. 하지만 선물은 하나뿐이다. 그리고 질문은 두 개다. 문블러드가 네가 필요로 한 것과 같은 것을 필요로 했다. 두 번째 질문에 대해서는...","이건 강력한 것이다, 아이야. 나는 너의 선물을 받을 것이다. 하지만 선물은 하나뿐이다. 그리고 질문은 두 개다. 문블러드가 네가 필요로 한 것과 같은 것을 필요로 했다. 두 번째 질문에 대해서는…",2026-10-06T12:08,weblate,cleanup
common,jp,dialogue_text_campaign_2_1_region_4,dialogue_text_campaign_2_1_region_4,これは強力なものだ、子供よ。私は君の贈り物を受け取るだろう。しかし贈り物は一つだけだ。そして質問は二つだ。ムーンブラッドは君と同じものが必要だった。二つ目の質問については...,これは強力なものだ、子供よ。私は君の贈り物を受け取るだろう。しかし贈り物は一つだけだ。そして質問は二つだ。ムーンブラッドは君と同じものが必要だった。二つ目の質問については…,2026-10-06T12:08,weblate,cleanup
common,tr,dialogue_text_campaign_2_1_region_4,dialogue_text_campaign_2_1_region_4,"Bu güçlü bir şey, çocuk. Hediyeni kabul edeceğim. Ama hediye yalnızca bir tane. Ve iki soru var. Moonblood senin ihtiyacın olan şeyi istedi. İkinci soruya gelince...","Bu güçlü bir şey, çocuk. Hediyeni kabul edeceğim. Ama hediye yalnızca bir tane. Ve iki soru var. Moonblood senin ihtiyacın olan şeyi istedi. İkinci soruya gelince…",2026-10-06T12:08,weblate,cleanup
common,vi,dialogue_text_campaign_2_1_region_4,dialogue_text_campaign_2_1_region_4,"Đây là một thứ mạnh mẽ, con gái. Ta sẽ nhận món quà của ngươi. Nhưng chỉ có một món quà. Và có tới hai câu hỏi. Moonblood cần điều tương tự như ngươi. Còn về câu hỏi thứ hai...","Đây là một thứ mạnh mẽ, con gái. Ta sẽ nhận món quà của ngươi. Nhưng chỉ có một món quà. Và có tới hai câu hỏi. Moonblood cần điều tương tự như ngươi. Còn về câu hỏi thứ hai…",2026-10-06T12:08,weblate,cleanup
common,nl,dialogue_text_campaign_2_1_region_4,dialogue_text_campaign_2_1_region_4,"Dit is een krachtig ding, kind. Ik zal je geschenk accepteren. Maar het geschenk is slechts één. En er zijn twee vragen. Moonblood had hetzelfde nodig als jij. Wat de tweede vraag betreft...","Dit is een krachtig ding, kind. Ik zal je geschenk accepteren. Maar het geschenk is slechts één. En er zijn twee vragen. Moonblood had hetzelfde nodig als jij. Wat de tweede vraag betreft…",2026-10-06T12:08,weblate,cleanup
common,ru,dialogue_text_campaign_2_1_region_6,dialogue_text_campaign_2_1_region_6,"Не слишком ли большая цена за один вопрос? И не слишком ли простой ответ за такой камень... Ладно, мы в деле. Говорил мне отец не связываться с колдунами…","Не слишком ли большая цена за один вопрос? И не слишком ли простой ответ за такой камень… Ладно, мы в деле. Говорил мне отец не связываться с колдунами…",2026-10-06T12:07,weblate,ru-ellipsis
common,en,dialogue_text_campaign_2_1_region_6,dialogue_text_campaign_2_1_region_6,"Isn't the price too high for a single question? And isn't the answer too simple for such a stone... Fine, we're in. My father told me not to mess with sorcerers...","Isn't the price too high for a single question? And isn't the answer too simple for such a stone... Fine, we're in. My father told me not to mess with sorcerers…",2026-10-06T12:07,weblate,cleanup
common,es,dialogue_text_campaign_2_1_region_6,dialogue_text_campaign_2_1_region_6,"¿No es demasiado alto el precio por una sola pregunta? Y ¿no es la respuesta demasiado simple para una piedra como esa...? Está bien, estamos en esto. Mi padre me dijo que no me metiera con los hechiceros...","¿No es demasiado alto el precio por una sola pregunta? Y ¿no es la respuesta demasiado simple para una piedra como esa...? Está bien, estamos en esto. Mi padre me dijo que no me metiera con los hechiceros…",2026-10-06T12:07,weblate,cleanup
common,fr,dialogue_text_campaign_2_1_region_6,dialogue_text_campaign_2_1_region_6,"Le prix n'est-il pas trop élevé pour une seule question ? Et la réponse n'est-elle pas trop simple pour une telle pierre... Bon, nous sommes dans le coup. Mon père m'a dit de ne pas m'impliquer avec les sorciers...","Le prix n'est-il pas trop élevé pour une seule question ? Et la réponse n'est-elle pas trop simple pour une telle pierre... Bon, nous sommes dans le coup. Mon père m'a dit de ne pas m'impliquer avec les sorciers…",2026-10-06T12:07,weblate,cleanup
common,pt,dialogue_text_campaign_2_1_region_6,dialogue_text_campaign_2_1_region_6,"O preço não é alto demais por uma única pergunta? E a resposta não é simples demais para uma pedra dessas...? Certo, estamos no jogo. Meu pai me disse para não me envolver com feiticeiros...","O preço não é alto demais por uma única pergunta? E a resposta não é simples demais para uma pedra dessas...? Certo, estamos no jogo. Meu pai me disse para não me envolver com feiticeiros…",2026-10-06T12:08,weblate,cleanup
common,pl,dialogue_text_campaign_2_1_region_6,dialogue_text_campaign_2_1_region_6,"Czy cena nie jest zbyt wysoka za jedno pytanie? A odpowiedź nie jest zbyt prosta jak na taki kamień...? Dobrze, jesteśmy w grze. Mój ojciec powiedział mi, żebym nie mieszał z czarodziejami...","Czy cena nie jest zbyt wysoka za jedno pytanie? A odpowiedź nie jest zbyt prosta jak na taki kamień...? Dobrze, jesteśmy w grze. Mój ojciec powiedział mi, żebym nie mieszał z czarodziejami…",2026-10-06T12:08,weblate,cleanup
common,de,dialogue_text_campaign_2_1_region_6,dialogue_text_campaign_2_1_region_6,"Ist der Preis nicht zu hoch für eine einzige Frage? Und ist die Antwort nicht zu einfach für einen solchen Stein...? Na gut, wir machen mit. Mein Vater hat mir gesagt, ich soll mich nicht mit Zauberern einlassen...","Ist der Preis nicht zu hoch für eine einzige Frage? Und ist die Antwort nicht zu einfach für einen solchen Stein...? Na gut, wir machen mit. Mein Vater hat mir gesagt, ich soll mich nicht mit Zauberern einlassen…",2026-10-06T12:07,weblate,cleanup
common,it,dialogue_text_campaign_2_1_region_6,dialogue_text_campaign_2_1_region_6,"Non è troppo alto il prezzo per una sola domanda? E la risposta non è troppo semplice per una pietra come quella...? Va bene, ci siamo. Mio padre mi ha detto di non mescolarmi con i maghi...","Non è troppo alto il prezzo per una sola domanda? E la risposta non è troppo semplice per una pietra come quella...? Va bene, ci siamo. Mio padre mi ha detto di non mescolarmi con i maghi…",2026-10-06T12:07,weblate,cleanup
common,th,dialogue_text_campaign_2_1_region_6,dialogue_text_campaign_2_1_region_6,ราคานี้ไม่สูงเกินไปสำหรับคำถามหนึ่งคำถามเหรอ? และคำตอบที่ได้ไม่ง่ายเกินไปสำหรับหินแบบนี้เหรอ...? เอาล่ะ เราจะทำมันกัน พ่อเคยบอกให้ฉันอย่ายุ่งกับพ่อมด...,ราคานี้ไม่สูงเกินไปสำหรับคำถามหนึ่งคำถามเหรอ? และคำตอบที่ได้ไม่ง่ายเกินไปสำหรับหินแบบนี้เหรอ...? เอาล่ะ เราจะทำมันกัน พ่อเคยบอกให้ฉันอย่ายุ่งกับพ่อมด…,2026-10-06T12:08,weblate,cleanup
common,id,dialogue_text_campaign_2_1_region_6,dialogue_text_campaign_2_1_region_6,"Apakah harga ini terlalu tinggi untuk satu pertanyaan? Dan apakah jawabannya terlalu sederhana untuk batu seperti itu...? Baiklah, kita masuk. Ayahku bilang aku tidak boleh terlibat dengan penyihir...","Apakah harga ini terlalu tinggi untuk satu pertanyaan? Dan apakah jawabannya terlalu sederhana untuk batu seperti itu...? Baiklah, kita masuk. Ayahku bilang aku tidak boleh terlibat dengan penyihir…",2026-10-06T12:07,weblate,cleanup
common,kr,dialogue_text_campaign_2_1_region_6,dialogue_text_campaign_2_1_region_6,"하나의 질문에 대한 대가가 너무 크지 않나요? 그리고 그런 돌에 대한 답이 너무 간단하지 않나요...? 알겠습니다, 우리는 할 수 있습니다. 아버지가 마법사와 엮이지 말라고 하셨는데...","하나의 질문에 대한 대가가 너무 크지 않나요? 그리고 그런 돌에 대한 답이 너무 간단하지 않나요...? 알겠습니다, 우리는 할 수 있습니다. 아버지가 마법사와 엮이지 말라고 하셨는데…",2026-10-06T12:08,weblate,cleanup
common,tr,dialogue_text_campaign_2_1_region_6,dialogue_text_campaign_2_1_region_6,"Bir soru için bu kadar yüksek bir fiyat mı? Ve bu taş için verilen cevap çok basit değil mi...? Tamam, işin içinde olacağız. Babam bana büyücülerle uğraşmamamı söylemişti...","Bir soru için bu kadar yüksek bir fiyat mı? Ve bu taş için verilen cevap çok basit değil mi...? Tamam, işin içinde olacağız. Babam bana büyücülerle uğraşmamamı söylemişti…",2026-10-06T12:08,weblate,cleanup
common,vi,dialogue_text_campaign_2_1_region_6,dialogue_text_campaign_2_1_region_6,"Cái giá có quá cao cho một câu hỏi không? Và câu trả lời có quá đơn giản cho một viên đá như vậy không... Được rồi, chúng tôi đồng ý. Cha tôi đã bảo tôi đừng dính líu đến phù thủy...","Cái giá có quá cao cho một câu hỏi không? Và câu trả lời có quá đơn giản cho một viên đá như vậy không... Được rồi, chúng tôi đồng ý. Cha tôi đã bảo tôi đừng dính líu đến phù thủy…",2026-10-06T12:08,weblate,cleanup
common,nl,dialogue_text_campaign_2_1_region_6,dialogue_text_campaign_2_1_region_6,"Is de prijs niet te hoog voor één vraag? En is het antwoord niet te simpel voor zo'n steen... Goed, we doen mee. Mijn vader zei me niet met tovenaars te sollen...","Is de prijs niet te hoog voor één vraag? En is het antwoord niet te simpel voor zo'n steen... Goed, we doen mee. Mijn vader zei me niet met tovenaars te sollen…",2026-10-06T12:08,weblate,cleanup
common,ru,dialogue_text_campaign_2_1_6_miniboss_1,dialogue_text_campaign_2_1_6_miniboss_1,Эти корабли... десятками они попадают на лавовые рифы в здешних водах. Вся история их походов истлеет здесь.,Эти корабли… десятками они попадают на лавовые рифы в здешних водах. Вся история их походов истлеет здесь.,2026-10-06T12:07,weblate,ru-ellipsis
common,fr,dialogue_text_campaign_2_1_14_miniboss_1,dialogue_text_campaign_2_1_14_miniboss_1,Équipage ! Aux postes de combat ! Quelqu'un veut jouer à la guerre navale !,Équipage ! Aux postes de combat ! Quelqu'un veut jouer à la guerre navale !,2026-10-06T12:07,weblate,cleanup
common,fr,dialogue_text_campaign_2_1_14_miniboss_2,dialogue_text_campaign_2_1_14_miniboss_2,"Rendez-moi mon fils, maudits cannibales !","Rendez-moi mon fils, maudits cannibales !",2026-10-06T12:07,weblate,cleanup
common,en,dialogue_text_campaign_2_1_14_miniboss_win_1,dialogue_text_campaign_2_1_14_miniboss_win_1,Did anyone hear what he shouted before the attack? It seems they mistook us for cannibals...,Did anyone hear what he shouted before the attack? It seems they mistook us for cannibals…,2026-10-06T12:07,weblate,cleanup
common,es,dialogue_text_campaign_2_1_14_miniboss_win_1,dialogue_text_campaign_2_1_14_miniboss_win_1,¿Alguien escuchó lo que gritó antes del ataque? Parece que nos confundieron con caníbales...,¿Alguien escuchó lo que gritó antes del ataque? Parece que nos confundieron con caníbales…,2026-10-06T12:07,weblate,cleanup
common,fr,dialogue_text_campaign_2_1_14_miniboss_win_1,dialogue_text_campaign_2_1_14_miniboss_win_1,Quelqu'un a-t-il entendu ce qu'il a crié avant l'attaque ? Il semble qu'ils nous ont pris pour des cannibales...,Quelqu'un a-t-il entendu ce qu'il a crié avant l'attaque ? Il semble qu'ils nous ont pris pour des cannibales…,2026-10-06T12:07,weblate,cleanup
common,pt,dialogue_text_campaign_2_1_14_miniboss_win_1,dialogue_text_campaign_2_1_14_miniboss_win_1,Alguém ouviu o que ele gritou antes do ataque? Parece que nos confundiram com canibais...,Alguém ouviu o que ele gritou antes do ataque? Parece que nos confundiram com canibais…,2026-10-06T12:08,weblate,cleanup
common,pl,dialogue_text_campaign_2_1_14_miniboss_win_1,dialogue_text_campaign_2_1_14_miniboss_win_1,"Ktoś słyszał, co krzyczał przed atakiem? Chyba wzięli nas za kanibali...","Ktoś słyszał, co krzyczał przed atakiem? Chyba wzięli nas za kanibali…",2026-10-06T12:08,weblate,cleanup
common,de,dialogue_text_campaign_2_1_14_miniboss_win_1,dialogue_text_campaign_2_1_14_miniboss_win_1,"Hat jemand gehört, was er vor dem Angriff geschrien hat? Es scheint, sie haben uns für Kannibalen gehalten...","Hat jemand gehört, was er vor dem Angriff geschrien hat? Es scheint, sie haben uns für Kannibalen gehalten…",2026-10-06T12:07,weblate,cleanup
common,it,dialogue_text_campaign_2_1_14_miniboss_win_1,dialogue_text_campaign_2_1_14_miniboss_win_1,Qualcuno ha sentito cosa ha gridato prima dell'attacco? Sembra che ci abbiano scambiato per cannibali...,Qualcuno ha sentito cosa ha gridato prima dell'attacco? Sembra che ci abbiano scambiato per cannibali…,2026-10-06T12:07,weblate,cleanup
common,th,dialogue_text_campaign_2_1_14_miniboss_win_1,dialogue_text_campaign_2_1_14_miniboss_win_1,มีใครได้ยินว่าเขาตะโกนว่าอะไรตอนก่อนการโจมตีไหม? ดูเหมือนพวกเขาจะเข้าใจว่าเราเป็นพวกกินคน...,มีใครได้ยินว่าเขาตะโกนว่าอะไรตอนก่อนการโจมตีไหม? ดูเหมือนพวกเขาจะเข้าใจว่าเราเป็นพวกกินคน…,2026-10-06T12:08,weblate,cleanup
common,id,dialogue_text_campaign_2_1_14_miniboss_win_1,dialogue_text_campaign_2_1_14_miniboss_win_1,Ada yang mendengar apa yang dia teriakkan sebelum serangan? Sepertinya mereka mengira kita kanibal...,Ada yang mendengar apa yang dia teriakkan sebelum serangan? Sepertinya mereka mengira kita kanibal…,2026-10-06T12:07,weblate,cleanup
common,cn,dialogue_text_campaign_2_1_14_miniboss_win_1,dialogue_text_campaign_2_1_14_miniboss_win_1,有人听到他在攻击前喊了什么吗？看起来他们把我们当成食人族了...,有人听到他在攻击前喊了什么吗？看起来他们把我们当成食人族了…,2026-10-06T12:07,weblate,cleanup
common,kr,dialogue_text_campaign_2_1_14_miniboss_win_1,dialogue_text_campaign_2_1_14_miniboss_win_1,누군가 그가 공격 전에 무엇을 외쳤는지 들었나요? 우리가 식인종으로 오해한 것 같아요...,누군가 그가 공격 전에 무엇을 외쳤는지 들었나요? 우리가 식인종으로 오해한 것 같아요…,2026-10-06T12:08,weblate,cleanup
common,jp,dialogue_text_campaign_2_1_14_miniboss_win_1,dialogue_text_campaign_2_1_14_miniboss_win_1,誰か攻撃前に彼が何を叫んだか聞いた？私たちを人食い族と間違えたようだ...,誰か攻撃前に彼が何を叫んだか聞いた？私たちを人食い族と間違えたようだ…,2026-10-06T12:08,weblate,cleanup
common,tr,dialogue_text_campaign_2_1_14_miniboss_win_1,dialogue_text_campaign_2_1_14_miniboss_win_1,"Herkes, saldırıdan önce ne bağırdığını duydu mu? Bizi yamyam sanmış gibiler...","Herkes, saldırıdan önce ne bağırdığını duydu mu? Bizi yamyam sanmış gibiler…",2026-10-06T12:08,weblate,cleanup
common,vi,dialogue_text_campaign_2_1_14_miniboss_win_1,dialogue_text_campaign_2_1_14_miniboss_win_1,Có ai nghe thấy hắn hét gì trước khi tấn công không? Có vẻ như họ nhầm chúng ta với lũ ăn thịt người...,Có ai nghe thấy hắn hét gì trước khi tấn công không? Có vẻ như họ nhầm chúng ta với lũ ăn thịt người…,2026-10-06T12:08,weblate,cleanup
common,nl,dialogue_text_campaign_2_1_14_miniboss_win_1,dialogue_text_campaign_2_1_14_miniboss_win_1,Heeft iemand gehoord wat hij schreeuwde voor de aanval? Het lijkt erop dat ze ons voor kannibalen aanzagen...,Heeft iemand gehoord wat hij schreeuwde voor de aanval? Het lijkt erop dat ze ons voor kannibalen aanzagen…,2026-10-06T12:08,weblate,cleanup
common,fr,dialogue_text_campaign_2_1_14_miniboss_win_2,dialogue_text_campaign_2_1_14_miniboss_win_2,Où est mon fils?! Qu'est-ce que vous lui avez fait?!,Où est mon fils ?! Qu'est-ce que vous lui avez fait ?!,2026-10-06T12:07,weblate,cleanup
common,ru,dialogue_text_campaign_2_1_14_miniboss_win_4,dialogue_text_campaign_2_1_14_miniboss_win_4,"Малика! Прости нас, мы... мы искали людоедов. Они напали на нашу деревню и выкрали наших близких. Нам показалось, будто вы - одни из них...","Малика! Прости нас, мы… мы искали людоедов. Они напали на нашу деревню и выкрали наших близких. Нам показалось, будто вы - одни из них…",2026-10-06T12:07,weblate,ru-ellipsis
common,en,dialogue_text_campaign_2_1_14_miniboss_win_4,dialogue_text_campaign_2_1_14_miniboss_win_4,"Malika! Forgive us, we... we were searching for cannibals. They attacked our village and kidnapped our loved ones. We thought you were one of them...","Malika! Forgive us, we... we were searching for cannibals. They attacked our village and kidnapped our loved ones. We thought you were one of them…",2026-10-06T12:07,weblate,cleanup
common,es,dialogue_text_campaign_2_1_14_miniboss_win_4,dialogue_text_campaign_2_1_14_miniboss_win_4,"¡Malika! Perdona, nosotros... estábamos buscando caníbales. Atacaron nuestra aldea y secuestraron a nuestros seres queridos. Pensamos que eras uno de ellos...","¡Malika! Perdona, nosotros... estábamos buscando caníbales. Atacaron nuestra aldea y secuestraron a nuestros seres queridos. Pensamos que eras uno de ellos…",2026-10-06T12:07,weblate,cleanup
common,fr,dialogue_text_campaign_2_1_14_miniboss_win_4,dialogue_text_campaign_2_1_14_miniboss_win_4,"Malika ! Pardonne-nous, nous... nous cherchions des cannibales. Ils ont attaqué notre village et enlevé nos proches. Nous avons cru que vous en faisiez partie...","Malika ! Pardonne-nous, nous... nous cherchions des cannibales. Ils ont attaqué notre village et enlevé nos proches. Nous avons cru que vous en faisiez partie…",2026-10-06T12:07,weblate,cleanup
common,pt,dialogue_text_campaign_2_1_14_miniboss_win_4,dialogue_text_campaign_2_1_14_miniboss_win_4,"Malika! Perdoe-nos, nós... estávamos procurando canibais. Eles atacaram nossa aldeia e sequestraram nossos entes queridos. Achamos que você era um deles...","Malika! Perdoe-nos, nós... estávamos procurando canibais. Eles atacaram nossa aldeia e sequestraram nossos entes queridos. Achamos que você era um deles…",2026-10-06T12:08,weblate,cleanup
common,pl,dialogue_text_campaign_2_1_14_miniboss_win_4,dialogue_text_campaign_2_1_14_miniboss_win_4,"Malika! Przeproś nas, my... szukaliśmy kanibali. Zaatakowali naszą wioskę i porwali naszych bliskich. Pomyśleliśmy, że jesteście jednym z nich...","Malika! Przeproś nas, my... szukaliśmy kanibali. Zaatakowali naszą wioskę i porwali naszych bliskich. Pomyśleliśmy, że jesteście jednym z nich…",2026-10-06T12:08,weblate,cleanup
common,de,dialogue_text_campaign_2_1_14_miniboss_win_4,dialogue_text_campaign_2_1_14_miniboss_win_4,"Malika! Vergib uns, wir... wir haben nach Kannibalen gesucht. Sie griffen unser Dorf an und entführten unsere Lieben. Wir dachten, du wärst einer von ihnen...","Malika! Vergib uns, wir... wir haben nach Kannibalen gesucht. Sie griffen unser Dorf an und entführten unsere Lieben. Wir dachten, du wärst einer von ihnen…",2026-10-06T12:07,weblate,cleanup
common,it,dialogue_text_campaign_2_1_14_miniboss_win_4,dialogue_text_campaign_2_1_14_miniboss_win_4,"Malika! Perdona, noi... stavamo cercando cannibali. Hanno attaccato il nostro villaggio e rapito i nostri cari. Pensavamo che foste uno di loro...","Malika! Perdona, noi... stavamo cercando cannibali. Hanno attaccato il nostro villaggio e rapito i nostri cari. Pensavamo che foste uno di loro…",2026-10-06T12:07,weblate,cleanup
common,th,dialogue_text_campaign_2_1_14_miniboss_win_4,dialogue_text_campaign_2_1_14_miniboss_win_4,มาลิก้า! ขอโทษเราด้วย เรา... เรากำลังตามหาคนกินคน พวกเขาโจมตีหมู่บ้านของเราและลักพาตัวคนที่เรารัก เราคิดว่าคุณเป็นพวกเดียวกัน...,มาลิก้า! ขอโทษเราด้วย เรา... เรากำลังตามหาคนกินคน พวกเขาโจมตีหมู่บ้านของเราและลักพาตัวคนที่เรารัก เราคิดว่าคุณเป็นพวกเดียวกัน…,2026-10-06T12:08,weblate,cleanup
common,id,dialogue_text_campaign_2_1_14_miniboss_win_4,dialogue_text_campaign_2_1_14_miniboss_win_4,"Malika! Maafkan kami, kami... kami sedang mencari kanibal. Mereka menyerang desa kami dan menculik orang yang kami cintai. Kami mengira kamu adalah salah satu dari mereka...","Malika! Maafkan kami, kami... kami sedang mencari kanibal. Mereka menyerang desa kami dan menculik orang yang kami cintai. Kami mengira kamu adalah salah satu dari mereka…",2026-10-06T12:07,weblate,cleanup
common,kr,dialogue_text_campaign_2_1_14_miniboss_win_4,dialogue_text_campaign_2_1_14_miniboss_win_4,"말리카! 우리를 용서해줘, 우리는... 우리는 식인종을 찾고 있었어. 그들이 우리 마을을 공격하고 우리의 사랑하는 사람들을 납치했어. 우리는 너희가 그들 중 하나라고 생각했어...","말리카! 우리를 용서해줘, 우리는... 우리는 식인종을 찾고 있었어. 그들이 우리 마을을 공격하고 우리의 사랑하는 사람들을 납치했어. 우리는 너희가 그들 중 하나라고 생각했어…",2026-10-06T12:08,weblate,cleanup
common,jp,dialogue_text_campaign_2_1_14_miniboss_win_4,dialogue_text_campaign_2_1_14_miniboss_win_4,マリカ！許してくれ、私たちは...私たちは人食いを探していたんだ。彼らは私たちの村を襲い、私たちの大切な人たちを誘拐した。私たちはあなたたちがその一員だと思っていたんだ...,マリカ！許してくれ、私たちは...私たちは人食いを探していたんだ。彼らは私たちの村を襲い、私たちの大切な人たちを誘拐した。私たちはあなたたちがその一員だと思っていたんだ…,2026-10-06T12:08,weblate,cleanup
common,tr,dialogue_text_campaign_2_1_14_miniboss_win_4,dialogue_text_campaign_2_1_14_miniboss_win_4,"Malika! Bizi affet, biz... biz yamyamları arıyorduk. Köyümüze saldırdılar ve sevdiklerimizi kaçırdılar. Sizlerin onlardan biri olduğunu düşündük...","Malika! Bizi affet, biz... biz yamyamları arıyorduk. Köyümüze saldırdılar ve sevdiklerimizi kaçırdılar. Sizlerin onlardan biri olduğunu düşündük…",2026-10-06T12:08,weblate,cleanup
common,vi,dialogue_text_campaign_2_1_14_miniboss_win_4,dialogue_text_campaign_2_1_14_miniboss_win_4,"Malika! Xin tha thứ cho chúng tôi, chúng tôi... đang tìm kiếm lũ ăn thịt người. Chúng tấn công làng của chúng tôi và bắt cóc người thân của chúng tôi. Chúng tôi nghĩ các người là một trong số chúng...","Malika! Xin tha thứ cho chúng tôi, chúng tôi... đang tìm kiếm lũ ăn thịt người. Chúng tấn công làng của chúng tôi và bắt cóc người thân của chúng tôi. Chúng tôi nghĩ các người là một trong số chúng…",2026-10-06T12:08,weblate,cleanup
common,nl,dialogue_text_campaign_2_1_14_miniboss_win_4,dialogue_text_campaign_2_1_14_miniboss_win_4,"Malika! Vergeef ons, we... we waren op zoek naar kannibalen. Ze hebben ons dorp aangevallen en onze geliefden ontvoerd. We dachten dat jullie een van hen waren...","Malika! Vergeef ons, we... we waren op zoek naar kannibalen. Ze hebben ons dorp aangevallen en onze geliefden ontvoerd. We dachten dat jullie een van hen waren…",2026-10-06T12:08,weblate,cleanup
common,fr,dialogue_text_campaign_2_1_boss_1,dialogue_text_campaign_2_1_boss_1,"Malika ! Nous avions un accord, et maintenant tu viens chercher ton prince ? Ne pense pas que je te pardonnerai !","Malika ! Nous avions un accord, et maintenant tu viens chercher ton prince ? Ne pense pas que je te pardonnerai !",2026-10-06T12:07,weblate,cleanup
common,fr,dialogue_text_campaign_2_1_boss_2,dialogue_text_campaign_2_1_boss_2,"Hé, le grand ! Laisse les otages partir, et nous nous séparerons en paix !","Hé, le grand ! Laisse les otages partir, et nous nous séparerons en paix !",2026-10-06T12:07,weblate,cleanup
common,fr,dialogue_text_campaign_2_1_boss_3,dialogue_text_campaign_2_1_boss_3,"Oh, quelle noblesse ! Mais tu sais, les équipages royaux et les habitants des villages nous nourriront pendant longtemps si nous gardons les otages.","Oh, quelle noblesse ! Mais tu sais, les équipages royaux et les habitants des villages nous nourriront pendant longtemps si nous gardons les otages.",2026-10-06T12:07,weblate,cleanup
common,fr,dialogue_text_campaign_2_1_boss_win_1,dialogue_text_campaign_2_1_boss_win_1,"Ouvrez les cales, il est temps de libérer ces gens !","Ouvrez les cales, il est temps de libérer ces gens !",2026-10-06T12:07,weblate,cleanup
common,ru,dialogue_text_campaign_2_1_boss_win_2,dialogue_text_campaign_2_1_boss_win_2,"Вы... вы нас спасли. Вы не представляете, что это значит для нас...","Вы… вы нас спасли. Вы не представляете, что это значит для нас…",2026-10-06T12:07,weblate,ru-ellipsis
common,en,dialogue_text_campaign_2_1_boss_win_2,dialogue_text_campaign_2_1_boss_win_2,You... you saved us. You have no idea what this means to us...,You... you saved us. You have no idea what this means to us…,2026-10-06T12:07,weblate,cleanup
common,es,dialogue_text_campaign_2_1_boss_win_2,dialogue_text_campaign_2_1_boss_win_2,Ustedes... nos salvaron. No tienen idea de lo que esto significa para nosotros...,Ustedes... nos salvaron. No tienen idea de lo que esto significa para nosotros…,2026-10-06T12:07,weblate,cleanup
common,fr,dialogue_text_campaign_2_1_boss_win_2,dialogue_text_campaign_2_1_boss_win_2,Vous... vous nous avez sauvés. Vous n'avez aucune idée de ce que cela signifie pour nous...,Vous... vous nous avez sauvés. Vous n'avez aucune idée de ce que cela signifie pour nous…,2026-10-06T12:07,weblate,cleanup
common,pt,dialogue_text_campaign_2_1_boss_win_2,dialogue_text_campaign_2_1_boss_win_2,Vocês... nos salvaram. Vocês não têm ideia do que isso significa para nós...,Vocês... nos salvaram. Vocês não têm ideia do que isso significa para nós…,2026-10-06T12:08,weblate,cleanup
common,pl,dialogue_text_campaign_2_1_boss_win_2,dialogue_text_campaign_2_1_boss_win_2,"Wy... wy nas uratowaliście. Nie macie pojęcia, co to dla nas znaczy...","Wy... wy nas uratowaliście. Nie macie pojęcia, co to dla nas znaczy…",2026-10-06T12:08,weblate,cleanup
common,de,dialogue_text_campaign_2_1_boss_win_2,dialogue_text_campaign_2_1_boss_win_2,"Ihr... ihr habt uns gerettet. Ihr habt keine Ahnung, was das für uns bedeutet...","Ihr... ihr habt uns gerettet. Ihr habt keine Ahnung, was das für uns bedeutet…",2026-10-06T12:07,weblate,cleanup
common,it,dialogue_text_campaign_2_1_boss_win_2,dialogue_text_campaign_2_1_boss_win_2,Voi... ci avete salvato. Non avete idea di cosa significhi per noi...,Voi... ci avete salvato. Non avete idea di cosa significhi per noi…,2026-10-06T12:07,weblate,cleanup
common,th,dialogue_text_campaign_2_1_boss_win_2,dialogue_text_campaign_2_1_boss_win_2,คุณ... คุณช่วยพวกเราไว้ คุณไม่มีทางรู้เลยว่ามันหมายความกับพวกเรามากแค่ไหน...,คุณ... คุณช่วยพวกเราไว้ คุณไม่มีทางรู้เลยว่ามันหมายความกับพวกเรามากแค่ไหน…,2026-10-06T12:08,weblate,cleanup
common,id,dialogue_text_campaign_2_1_boss_win_2,dialogue_text_campaign_2_1_boss_win_2,Kalian... kalian telah menyelamatkan kami. Kalian tidak tahu betapa berarti ini bagi kami...,Kalian... kalian telah menyelamatkan kami. Kalian tidak tahu betapa berarti ini bagi kami…,2026-10-06T12:07,weblate,cleanup
common,cn,dialogue_text_campaign_2_1_boss_win_2,dialogue_text_campaign_2_1_boss_win_2,你们... 你们救了我们。你们不知道这对我们意味着什么...,你们... 你们救了我们。你们不知道这对我们意味着什么…,2026-10-06T12:07,weblate,cleanup
common,kr,dialogue_text_campaign_2_1_boss_win_2,dialogue_text_campaign_2_1_boss_win_2,당신들... 당신들이 우리를 구했어요. 이게 우리에게 얼마나 중요한지 모르실 거예요...,당신들... 당신들이 우리를 구했어요. 이게 우리에게 얼마나 중요한지 모르실 거예요…,2026-10-06T12:08,weblate,cleanup
common,jp,dialogue_text_campaign_2_1_boss_win_2,dialogue_text_campaign_2_1_boss_win_2,あなたたち... あなたたちが私たちを救った。これが私たちにとってどれほど意味があるか、あなたたちにはわからないでしょう...,あなたたち... あなたたちが私たちを救った。これが私たちにとってどれほど意味があるか、あなたたちにはわからないでしょう…,2026-10-06T12:08,weblate,cleanup
common,tr,dialogue_text_campaign_2_1_boss_win_2,dialogue_text_campaign_2_1_boss_win_2,Siz... bizi kurtardınız. Bunun bizim için ne kadar anlamlı olduğunu asla bilemezsiniz...,Siz... bizi kurtardınız. Bunun bizim için ne kadar anlamlı olduğunu asla bilemezsiniz…,2026-10-06T12:08,weblate,cleanup
common,vi,dialogue_text_campaign_2_1_boss_win_2,dialogue_text_campaign_2_1_boss_win_2,Các người... các người đã cứu chúng tôi. Các người không biết điều này có ý nghĩa thế nào với chúng tôi...,Các người... các người đã cứu chúng tôi. Các người không biết điều này có ý nghĩa thế nào với chúng tôi…,2026-10-06T12:08,weblate,cleanup
common,nl,dialogue_text_campaign_2_1_boss_win_2,dialogue_text_campaign_2_1_boss_win_2,Jullie... jullie hebben ons gered. Jullie hebben geen idee wat dit voor ons betekent...,Jullie... jullie hebben ons gered. Jullie hebben geen idee wat dit voor ons betekent…,2026-10-06T12:08,weblate,cleanup
common,ru,dialogue_text_campaign_2_1_boss_win_3,dialogue_text_campaign_2_1_boss_win_3,"Просто делаю свою работу. Но подожди, ты... ты не из деревни, верно?","Просто делаю свою работу. Но подожди, ты… ты не из деревни, верно?",2026-10-06T12:07,weblate,ru-ellipsis
common,fr,dialogue_text_campaign_2_1_boss_win_3,dialogue_text_campaign_2_1_boss_win_3,"Je fais juste mon travail. Mais attends, tu... tu n'es pas du village, n'est-ce pas ?","Je fais juste mon travail. Mais attends, tu... tu n'es pas du village, n'est-ce pas ?",2026-10-06T12:07,weblate,cleanup
common,ru,dialogue_text_campaign_2_1_boss_win_4,dialogue_text_campaign_2_1_boss_win_4,"Я... да, я Альбрехт. Принц и наследник Короны.","Я… да, я Альбрехт. Принц и наследник Короны.",2026-10-06T12:07,weblate,ru-ellipsis
common,fr,dialogue_text_campaign_2_1_boss_afterReward_1,dialogue_text_campaign_2_1_boss_afterReward_1,Qu'est-ce que ce cannibale a dit ? Quel accord a-t-il avec toi ?,Qu'est-ce que ce cannibale a dit ? Quel accord a-t-il avec toi ?,2026-10-06T12:07,weblate,cleanup
common,ru,dialogue_text_campaign_2_1_boss_afterReward_3,dialogue_text_campaign_2_1_boss_afterReward_3,"Что же до золота... Я скажу тебе то же, что и Мунбладу. Золото - дитя земли и небес. Оно не приковано к алтарю, оно не служит новым богам.","Что же до золота… Я скажу тебе то же, что и Мунбладу. Золото - дитя земли и небес. Оно не приковано к алтарю, оно не служит новым богам.",2026-10-06T12:07,weblate,ru-ellipsis
common,fr,dialogue_text_campaign_3_0_14_miniboss_2,dialogue_text_campaign_3_0_14_miniboss_2,Nous n'aimons pas les invités indésirables. Sortez de nos eaux !,Nous n'aimons pas les invités indésirables. Sortez de nos eaux !,2026-10-06T12:07,weblate,cleanup
common,fr,dialogue_text_campaign_3_0_14_miniboss_3,dialogue_text_campaign_3_0_14_miniboss_3,J'ai juste besoin de savoir quelque chose... N'avez-vous pas entendu parler des pierres tombant du ciel ?,J'ai juste besoin de savoir quelque chose... N'avez-vous pas entendu parler des pierres tombant du ciel ?,2026-10-06T12:07,weblate,cleanup
common,fr,dialogue_text_campaign_3_0_14_miniboss_4,dialogue_text_campaign_3_0_14_miniboss_4,"Je me fiche de ce dont vous avez besoin. Hé, les gars ! Chassez cette racaille de pirates loin de Dunport !","Je me fiche de ce dont vous avez besoin. Hé, les gars ! Chassez cette racaille de pirates loin de Dunport !",2026-10-06T12:07,weblate,cleanup
common,fr,dialogue_text_campaign_3_0_22_miniboss_1,dialogue_text_campaign_3_0_22_miniboss_1,"Hé, sur le navire ! Nous cherchons votre chef. Nous avons des questions !","Hé, sur le navire ! Nous cherchons votre chef. Nous avons des questions !",2026-10-06T12:07,weblate,cleanup
common,fr,dialogue_text_campaign_3_0_22_miniboss_2,dialogue_text_campaign_3_0_22_miniboss_2,Nous n'avons qu'une seule réponse : partez. Vous n'êtes pas les bienvenus ici.,Nous n'avons qu'une seule réponse : partez. Vous n'êtes pas les bienvenus ici.,2026-10-06T12:07,weblate,cleanup
common,fr,dialogue_text_campaign_3_0_22_miniboss_win_1,dialogue_text_campaign_3_0_22_miniboss_win_1,"Nous n'avons pas besoin de problèmes, seulement des réponses à nos questions. Où pouvons-nous trouver votre chef ?","Nous n'avons pas besoin de problèmes, seulement des réponses à nos questions. Où pouvons-nous trouver votre chef ?",2026-10-06T12:07,weblate,cleanup
common,fr,dialogue_text_campaign_3_0_22_miniboss_win_2,dialogue_text_campaign_3_0_22_miniboss_win_2,Sacrés pirates ! Mettez le cap au sud et vous le trouverez. J'espère qu'il vous donnera une bonne raclée !,Sacrés pirates ! Mettez le cap au sud et vous le trouverez. J'espère qu'il vous donnera une bonne raclée !,2026-10-06T12:07,weblate,cleanup
common,fr,dialogue_text_campaign_3_0_boss_1,dialogue_text_campaign_3_0_boss_1,"Hé les gars ! Comment ça se passe, la pêche ?","Hé les gars ! Comment ça se passe, la pêche ?",2026-10-06T12:07,weblate,cleanup
common,fr,dialogue_text_campaign_3_0_boss_4,dialogue_text_campaign_3_0_boss_4,"Quoi, je devrais juste te le dire ? Équipage, à l'attaque !","Quoi, je devrais juste te le dire ? Équipage, à l'attaque !",2026-10-06T12:07,weblate,cleanup
common,fr,dialogue_text_campaign_3_0_boss_win_1,dialogue_text_campaign_3_0_boss_win_1,"Arrêtez ! Assez ! Plus de sang. Je vous dirai tout ce que je sais. Mais après cela, vous nous laisserez tranquilles.","Arrêtez ! Assez ! Plus de sang. Je vous dirai tout ce que je sais. Mais après cela, vous nous laisserez tranquilles.",2026-10-06T12:07,weblate,cleanup
common,fr,dialogue_text_campaign_3_1_region_4,dialogue_text_campaign_3_1_region_4,"Des gens comme moi ? Donc, je ne suis pas la première à te demander cela ?","Des gens comme moi ? Donc, je ne suis pas la première à te demander cela ?",2026-10-06T12:07,weblate,cleanup
common,ru,dialogue_text_campaign_3_1_6_miniboss_1,dialogue_text_campaign_3_1_6_miniboss_1,"Еще одно дыхание жизни, еще одна душа, скованная цепями вечного страха...","Еще одно дыхание жизни, еще одна душа, скованная цепями вечного страха…",2026-10-06T12:07,weblate,ru-ellipsis
common,en,dialogue_text_campaign_3_1_6_miniboss_1,dialogue_text_campaign_3_1_6_miniboss_1,"Another breath of life, another soul bound by the chains of eternal fear...","Another breath of life, another soul bound by the chains of eternal fear…",2026-10-06T12:07,weblate,cleanup
common,es,dialogue_text_campaign_3_1_6_miniboss_1,dialogue_text_campaign_3_1_6_miniboss_1,"Otro aliento de vida, otra alma encadenada por las cadenas del miedo eterno...","Otro aliento de vida, otra alma encadenada por las cadenas del miedo eterno…",2026-10-06T12:07,weblate,cleanup
common,fr,dialogue_text_campaign_3_1_6_miniboss_1,dialogue_text_campaign_3_1_6_miniboss_1,"Un autre souffle de vie, une autre âme liée par les chaînes de la peur éternelle...","Un autre souffle de vie, une autre âme liée par les chaînes de la peur éternelle…",2026-10-06T12:07,weblate,cleanup
common,pt,dialogue_text_campaign_3_1_6_miniboss_1,dialogue_text_campaign_3_1_6_miniboss_1,"Mais um suspiro de vida, outra alma presa pelas correntes do medo eterno...","Mais um suspiro de vida, outra alma presa pelas correntes do medo eterno…",2026-10-06T12:08,weblate,cleanup
common,pl,dialogue_text_campaign_3_1_6_miniboss_1,dialogue_text_campaign_3_1_6_miniboss_1,"Kolejny oddech życia, kolejna dusza skrępowana łańcuchami wiecznego strachu...","Kolejny oddech życia, kolejna dusza skrępowana łańcuchami wiecznego strachu…",2026-10-06T12:08,weblate,cleanup
common,de,dialogue_text_campaign_3_1_6_miniboss_1,dialogue_text_campaign_3_1_6_miniboss_1,"Ein weiterer Atemzug des Lebens, eine weitere Seele, die von den Ketten der ewigen Angst gefesselt ist...","Ein weiterer Atemzug des Lebens, eine weitere Seele, die von den Ketten der ewigen Angst gefesselt ist…",2026-10-06T12:07,weblate,cleanup
common,it,dialogue_text_campaign_3_1_6_miniboss_1,dialogue_text_campaign_3_1_6_miniboss_1,"Un altro respiro di vita, un'altra anima legata dalle catene della paura eterna...","Un altro respiro di vita, un'altra anima legata dalle catene della paura eterna…",2026-10-06T12:07,weblate,cleanup
common,th,dialogue_text_campaign_3_1_6_miniboss_1,dialogue_text_campaign_3_1_6_miniboss_1,"ลมหายใจแห่งชีวิตอีกหนึ่งครั้ง, วิญญาณอีกหนึ่งดวงที่ถูกตรึงด้วยโซ่แห่งความกลัวนิรันดร์...","ลมหายใจแห่งชีวิตอีกหนึ่งครั้ง, วิญญาณอีกหนึ่งดวงที่ถูกตรึงด้วยโซ่แห่งความกลัวนิรันดร์…",2026-10-06T12:08,weblate,cleanup
common,id,dialogue_text_campaign_3_1_6_miniboss_1,dialogue_text_campaign_3_1_6_miniboss_1,"Satu napas kehidupan lagi, satu jiwa lagi yang terikat oleh rantai ketakutan abadi...","Satu napas kehidupan lagi, satu jiwa lagi yang terikat oleh rantai ketakutan abadi…",2026-10-06T12:07,weblate,cleanup
common,kr,dialogue_text_campaign_3_1_6_miniboss_1,dialogue_text_campaign_3_1_6_miniboss_1,"또 다른 삶의 숨결, 또 다른 영혼이 영원의 두려움의 사슬에 묶여 있다...","또 다른 삶의 숨결, 또 다른 영혼이 영원의 두려움의 사슬에 묶여 있다…",2026-10-06T12:08,weblate,cleanup
common,jp,dialogue_text_campaign_3_1_6_miniboss_1,dialogue_text_campaign_3_1_6_miniboss_1,もう一息の命、永遠の恐怖の鎖に縛られたもう一つの魂...,もう一息の命、永遠の恐怖の鎖に縛られたもう一つの魂…,2026-10-06T12:08,weblate,cleanup
common,tr,dialogue_text_campaign_3_1_6_miniboss_1,dialogue_text_campaign_3_1_6_miniboss_1,"Bir nefes hayat daha, sonsuz korkunun zincirleriyle bağlı bir başka ruh...","Bir nefes hayat daha, sonsuz korkunun zincirleriyle bağlı bir başka ruh…",2026-10-06T12:08,weblate,cleanup
common,vi,dialogue_text_campaign_3_1_6_miniboss_1,dialogue_text_campaign_3_1_6_miniboss_1,"Một hơi thở sự sống nữa, một linh hồn nữa bị xiềng xích bởi sợ hãi vĩnh cửu...","Một hơi thở sự sống nữa, một linh hồn nữa bị xiềng xích bởi sợ hãi vĩnh cửu…",2026-10-06T12:08,weblate,cleanup
common,nl,dialogue_text_campaign_3_1_6_miniboss_1,dialogue_text_campaign_3_1_6_miniboss_1,"Nog een adem van leven, nog een ziel gebonden door de ketenen van eeuwige angst...","Nog een adem van leven, nog een ziel gebonden door de ketenen van eeuwige angst…",2026-10-06T12:08,weblate,cleanup
common,ru,dialogue_text_campaign_3_1_6_miniboss_2,dialogue_text_campaign_3_1_6_miniboss_2,Ты... Ты кто такой?,Ты… Ты кто такой?,2026-10-06T12:07,weblate,ru-ellipsis
common,fr,dialogue_text_campaign_3_1_6_miniboss_2,dialogue_text_campaign_3_1_6_miniboss_2,Qui... Qui es-tu ?,Qui... Qui es-tu ?,2026-10-06T12:07,weblate,cleanup
common,fr,dialogue_text_campaign_3_1_6_miniboss_4,dialogue_text_campaign_3_1_6_miniboss_4,Un serviteur ? De quel serviteur s'agit-il ?,Un serviteur ? De quel serviteur s'agit-il ?,2026-10-06T12:07,weblate,cleanup
common,ru,dialogue_text_campaign_3_1_6_miniboss_5,dialogue_text_campaign_3_1_6_miniboss_5,Я получил свой дар. Я поделюсь им с миром... И все затонет в тишине вечной смерти...,Я получил свой дар. Я поделюсь им с миром… И все затонет в тишине вечной смерти…,2026-10-06T12:07,weblate,ru-ellipsis
common,en,dialogue_text_campaign_3_1_6_miniboss_5,dialogue_text_campaign_3_1_6_miniboss_5,I have received my gift. I will share it with the world... And everything will sink into the silence of eternal death...,I have received my gift. I will share it with the world... And everything will sink into the silence of eternal death…,2026-10-06T12:07,weblate,cleanup
common,es,dialogue_text_campaign_3_1_6_miniboss_5,dialogue_text_campaign_3_1_6_miniboss_5,He recibido mi don. Lo compartiré con el mundo... Y todo se hundirá en el silencio de la muerte eterna...,He recibido mi don. Lo compartiré con el mundo... Y todo se hundirá en el silencio de la muerte eterna…,2026-10-06T12:07,weblate,cleanup
common,fr,dialogue_text_campaign_3_1_6_miniboss_5,dialogue_text_campaign_3_1_6_miniboss_5,J'ai reçu mon don. Je le partagerai avec le monde... Et tout sombrera dans le silence de la mort éternelle...,J'ai reçu mon don. Je le partagerai avec le monde... Et tout sombrera dans le silence de la mort éternelle…,2026-10-06T12:07,weblate,cleanup
common,pt,dialogue_text_campaign_3_1_6_miniboss_5,dialogue_text_campaign_3_1_6_miniboss_5,Eu recebi meu presente. Vou compartilhá-lo com o mundo... E tudo afundará no silêncio da morte eterna...,Eu recebi meu presente. Vou compartilhá-lo com o mundo... E tudo afundará no silêncio da morte eterna…,2026-10-06T12:08,weblate,cleanup
common,pl,dialogue_text_campaign_3_1_6_miniboss_5,dialogue_text_campaign_3_1_6_miniboss_5,Otrzymałem swój dar. Podzielę się nim ze światem... A wszystko zatonie w ciszy wiecznej śmierci...,Otrzymałem swój dar. Podzielę się nim ze światem... A wszystko zatonie w ciszy wiecznej śmierci…,2026-10-06T12:08,weblate,cleanup
common,de,dialogue_text_campaign_3_1_6_miniboss_5,dialogue_text_campaign_3_1_6_miniboss_5,Ich habe mein Geschenk erhalten. Ich werde es mit der Welt teilen... Und alles wird im Schweigen des ewigen Todes versinken...,Ich habe mein Geschenk erhalten. Ich werde es mit der Welt teilen... Und alles wird im Schweigen des ewigen Todes versinken…,2026-10-06T12:07,weblate,cleanup
common,it,dialogue_text_campaign_3_1_6_miniboss_5,dialogue_text_campaign_3_1_6_miniboss_5,Ho ricevuto il mio dono. Lo condividerò con il mondo... E tutto affonderà nel silenzio della morte eterna...,Ho ricevuto il mio dono. Lo condividerò con il mondo... E tutto affonderà nel silenzio della morte eterna…,2026-10-06T12:07,weblate,cleanup
common,th,dialogue_text_campaign_3_1_6_miniboss_5,dialogue_text_campaign_3_1_6_miniboss_5,ฉันได้รับของขวัญของฉันแล้ว ฉันจะแบ่งปันมันกับโลก... และทุกสิ่งจะจมลงในความเงียบของความตายอันเป็นนิรันดร์...,ฉันได้รับของขวัญของฉันแล้ว ฉันจะแบ่งปันมันกับโลก... และทุกสิ่งจะจมลงในความเงียบของความตายอันเป็นนิรันดร์…,2026-10-06T12:08,weblate,cleanup
common,id,dialogue_text_campaign_3_1_6_miniboss_5,dialogue_text_campaign_3_1_6_miniboss_5,Saya telah menerima hadiah saya. Saya akan membagikannya dengan dunia... Dan semuanya akan tenggelam dalam keheningan kematian abadi...,Saya telah menerima hadiah saya. Saya akan membagikannya dengan dunia... Dan semuanya akan tenggelam dalam keheningan kematian abadi…,2026-10-06T12:07,weblate,cleanup
common,cn,dialogue_text_campaign_3_1_6_miniboss_5,dialogue_text_campaign_3_1_6_miniboss_5,我得到了我的礼物。我将与世界分享... 一切都将沉没在永恒死亡的寂静中...,我得到了我的礼物。我将与世界分享... 一切都将沉没在永恒死亡的寂静中…,2026-10-06T12:07,weblate,cleanup
common,kr,dialogue_text_campaign_3_1_6_miniboss_5,dialogue_text_campaign_3_1_6_miniboss_5,나는 내 선물을 받았다. 나는 그것을 세상과 나눌 것이다... 그리고 모든 것은 영원한 죽음의 침묵 속에 가라앉을 것이다...,나는 내 선물을 받았다. 나는 그것을 세상과 나눌 것이다... 그리고 모든 것은 영원한 죽음의 침묵 속에 가라앉을 것이다…,2026-10-06T12:08,weblate,cleanup
common,tr,dialogue_text_campaign_3_1_6_miniboss_5,dialogue_text_campaign_3_1_6_miniboss_5,Hediyemi aldım. Bunu dünyayla paylaşacağım... Ve her şey sonsuz ölümün sessizliğine batacak...,Hediyemi aldım. Bunu dünyayla paylaşacağım... Ve her şey sonsuz ölümün sessizliğine batacak…,2026-10-06T12:08,weblate,cleanup
common,vi,dialogue_text_campaign_3_1_6_miniboss_5,dialogue_text_campaign_3_1_6_miniboss_5,Ta đã nhận được món quà của mình. Ta sẽ chia sẻ nó với thế gian... Và tất cả sẽ chìm vào sự im lặng của cái chết vĩnh hằng...,Ta đã nhận được món quà của mình. Ta sẽ chia sẻ nó với thế gian... Và tất cả sẽ chìm vào sự im lặng của cái chết vĩnh hằng…,2026-10-06T12:08,weblate,cleanup
common,nl,dialogue_text_campaign_3_1_6_miniboss_5,dialogue_text_campaign_3_1_6_miniboss_5,Ik heb mijn geschenk ontvangen. Ik zal het met de wereld delen... En alles zal zinken in de stilte van de eeuwige dood...,Ik heb mijn geschenk ontvangen. Ik zal het met de wereld delen... En alles zal zinken in de stilte van de eeuwige dood…,2026-10-06T12:08,weblate,cleanup
common,fr,dialogue_text_campaign_3_1_6_miniboss_win_1,dialogue_text_campaign_3_1_6_miniboss_win_1,"Le sens-tu, toi aussi ? Leur regard glacial venu des profondeurs...","Le sens-tu, toi aussi ? Leur regard glacial venu des profondeurs...",2026-10-06T12:07,weblate,cleanup
common,ru,dialogue_text_campaign_3_1_6_miniboss_win_2,dialogue_text_campaign_3_1_6_miniboss_win_2,Твои слова... они... они безумны.,Твои слова… они… они безумны.,2026-10-06T12:07,weblate,ru-ellipsis
common,ru,dialogue_text_campaign_3_1_6_miniboss_win_3,dialogue_text_campaign_3_1_6_miniboss_win_3,"Безумие? Нет, это прозрение. Смерть... это единственное спасение.","Безумие? Нет, это прозрение. Смерть… это единственное спасение.",2026-10-06T12:07,weblate,ru-ellipsis
common,fr,dialogue_text_campaign_3_1_6_miniboss_win_3,dialogue_text_campaign_3_1_6_miniboss_win_3,"Folie ? Non, c'est l'illumination. La mort... est le seul salut.","Folie ? Non, c'est l'illumination. La mort... est le seul salut.",2026-10-06T12:07,weblate,cleanup
common,pt,dialogue_text_campaign_3_1_6_miniboss_win_4,dialogue_text_campaign_3_1_6_miniboss_win_4,Eu... Vamos apenas sair daqui...,Eu... Vamos apenas sair daqui…,2026-10-06T12:08,weblate,cleanup
common,pl,dialogue_text_campaign_3_1_6_miniboss_win_4,dialogue_text_campaign_3_1_6_miniboss_win_4,Ja... Po prostu stąd chodźmy...,Ja... Po prostu stąd chodźmy…,2026-10-06T12:08,weblate,cleanup
common,de,dialogue_text_campaign_3_1_6_miniboss_win_4,dialogue_text_campaign_3_1_6_miniboss_win_4,Ich... Lass uns einfach von hier verschwinden...,Ich... Lass uns einfach von hier verschwinden…,2026-10-06T12:07,weblate,cleanup
common,it,dialogue_text_campaign_3_1_6_miniboss_win_4,dialogue_text_campaign_3_1_6_miniboss_win_4,Io... Andiamo via da qui...,Io... Andiamo via da qui…,2026-10-06T12:07,weblate,cleanup
common,th,dialogue_text_campaign_3_1_6_miniboss_win_4,dialogue_text_campaign_3_1_6_miniboss_win_4,ฉัน... ไปจากที่นี่กันเถอะ...,ฉัน... ไปจากที่นี่กันเถอะ…,2026-10-06T12:08,weblate,cleanup
common,id,dialogue_text_campaign_3_1_6_miniboss_win_4,dialogue_text_campaign_3_1_6_miniboss_win_4,Aku... Ayo kita pergi dari sini...,Aku... Ayo kita pergi dari sini…,2026-10-06T12:07,weblate,cleanup
common,cn,dialogue_text_campaign_3_1_6_miniboss_win_4,dialogue_text_campaign_3_1_6_miniboss_win_4,我... 我们还是离开这里吧...,我... 我们还是离开这里吧…,2026-10-06T12:07,weblate,cleanup
common,kr,dialogue_text_campaign_3_1_6_miniboss_win_4,dialogue_text_campaign_3_1_6_miniboss_win_4,난... 그냥 여기서 나가자...,난... 그냥 여기서 나가자…,2026-10-06T12:08,weblate,cleanup
common,jp,dialogue_text_campaign_3_1_6_miniboss_win_4,dialogue_text_campaign_3_1_6_miniboss_win_4,僕は...とにかくここから立ち去ろう...,僕は...とにかくここから立ち去ろう…,2026-10-06T12:08,weblate,cleanup
common,tr,dialogue_text_campaign_3_1_6_miniboss_win_4,dialogue_text_campaign_3_1_6_miniboss_win_4,Ben... Hadi buradan gidelim...,Ben... Hadi buradan gidelim…,2026-10-06T12:08,weblate,cleanup
common,vi,dialogue_text_campaign_3_1_6_miniboss_win_4,dialogue_text_campaign_3_1_6_miniboss_win_4,Ta... Hãy rời khỏi nơi này thôi...,Ta... Hãy rời khỏi nơi này thôi…,2026-10-06T12:08,weblate,cleanup
common,nl,dialogue_text_campaign_3_1_6_miniboss_win_4,dialogue_text_campaign_3_1_6_miniboss_win_4,Ik... Laten we hier gewoon weg gaan...,Ik... Laten we hier gewoon weg gaan…,2026-10-06T12:08,weblate,cleanup
common,fr,dialogue_text_campaign_3_1_14_miniboss_2,dialogue_text_campaign_3_1_14_miniboss_2,Moonblood ! Tu ne pourras pas fuir éternellement !,Moonblood ! Tu ne pourras pas fuir éternellement !,2026-10-06T12:07,weblate,cleanup
common,pt,dialogue_text_campaign_3_1_14_miniboss_3,dialogue_text_campaign_3_1_14_miniboss_3,"Você está certa, Lizzie. Especialmente porque as coisas não deram certo com o príncipe. Aquela velha bruxa me enganou, me enviando para esses pescadores inúteis...","Você está certa, Lizzie. Especialmente porque as coisas não deram certo com o príncipe. Aquela velha bruxa me enganou, me enviando para esses pescadores inúteis…",2026-10-06T12:08,weblate,cleanup
common,it,dialogue_text_campaign_3_1_14_miniboss_3,dialogue_text_campaign_3_1_14_miniboss_3,"Hai ragione, Lizzie. Soprattutto perché non è andata bene con il principe. Quella vecchia strega mi ha ingannato, mandandomi da questi pescatori inutili...","Hai ragione, Lizzie. Soprattutto perché non è andata bene con il principe. Quella vecchia strega mi ha ingannato, mandandomi da questi pescatori inutili…",2026-10-06T12:07,weblate,cleanup
common,th,dialogue_text_campaign_3_1_14_miniboss_3,dialogue_text_campaign_3_1_14_miniboss_3,เธอพูดถูก ลิซซี่ ยิ่งไปกว่านั้น เรื่องของเจ้าชายมันไม่ได้ผล แม่แก่หลอกฉัน ส่งฉันไปให้พวกชาวประมงไม่ได้เรื่องพวกนี้...,เธอพูดถูก ลิซซี่ ยิ่งไปกว่านั้น เรื่องของเจ้าชายมันไม่ได้ผล แม่แก่หลอกฉัน ส่งฉันไปให้พวกชาวประมงไม่ได้เรื่องพวกนี้…,2026-10-06T12:08,weblate,cleanup
common,fr,dialogue_text_campaign_3_1_14_miniboss_4,dialogue_text_campaign_3_1_14_miniboss_4,"Eh bien, un quart de sang royal, c'est toujours du sang royal. Prenez-la vivante, les gars ! Je vous attendrai à l'Autel.","Eh bien, un quart de sang royal, c'est toujours du sang royal. Prenez-la vivante, les gars ! Je vous attendrai à l'Autel.",2026-10-06T12:07,weblate,cleanup
common,fr,dialogue_text_campaign_3_1_14_miniboss_win,dialogue_text_campaign_3_1_14_miniboss_win,"Un quart de sang royal ? De quoi parle-t-il ? Peu importe ! En avant, vers l'Autel ! Cette fois, Moonblood paiera pour tout.","Un quart de sang royal ? De quoi parle-t-il ? Peu importe ! En avant, vers l'Autel ! Cette fois, Moonblood paiera pour tout.",2026-10-06T12:07,weblate,cleanup
common,fr,dialogue_text_campaign_3_1_22_miniboss_1,dialogue_text_campaign_3_1_22_miniboss_1,"Dieux, quelle est cette puanteur ?","Dieux, quelle est cette puanteur ?",2026-10-06T12:07,weblate,cleanup
common,fr,dialogue_text_campaign_3_1_22_miniboss_2,dialogue_text_campaign_3_1_22_miniboss_2,C'est pas possible ! Ce capitaine... est mort ?,C'est pas possible ! Ce capitaine... est mort ?,2026-10-06T12:07,weblate,cleanup
common,fr,dialogue_text_campaign_3_1_22_miniboss_3,dialogue_text_campaign_3_1_22_miniboss_3,"Retournez sur vos pas, mortels ! Vous ne trouverez ici que votre propre perte.","Retournez sur vos pas, mortels ! Vous ne trouverez ici que votre propre perte.",2026-10-06T12:07,weblate,cleanup
common,fr,dialogue_text_campaign_3_1_22_miniboss_win_1,dialogue_text_campaign_3_1_22_miniboss_win_1,"Il est déjà mort, bien sûr, mais on devrait peut-être le noyer à nouveau ? Juste pour être sûr.","Il est déjà mort, bien sûr, mais on devrait peut-être le noyer à nouveau ? Juste pour être sûr.",2026-10-06T12:07,weblate,cleanup
common,en,dialogue_text_campaign_3_1_22_miniboss_win_2,dialogue_text_campaign_3_1_22_miniboss_win_2,Everything came from the darkness of the depths... And everything will return there...,Everything came from the darkness of the depths... And everything will return there…,2026-10-06T12:07,weblate,cleanup
common,es,dialogue_text_campaign_3_1_22_miniboss_win_2,dialogue_text_campaign_3_1_22_miniboss_win_2,Todo salió de la oscuridad de las profundidades... Y todo regresará allí...,Todo salió de la oscuridad de las profundidades... Y todo regresará allí…,2026-10-06T12:07,weblate,cleanup
common,fr,dialogue_text_campaign_3_1_22_miniboss_win_2,dialogue_text_campaign_3_1_22_miniboss_win_2,Tout est sorti de l'obscurité des profondeurs... Et tout y retournera...,Tout est sorti de l'obscurité des profondeurs... Et tout y retournera…,2026-10-06T12:07,weblate,cleanup
common,pt,dialogue_text_campaign_3_1_22_miniboss_win_2,dialogue_text_campaign_3_1_22_miniboss_win_2,Tudo veio da escuridão das profundezas... E tudo retornará para lá...,Tudo veio da escuridão das profundezas... E tudo retornará para lá…,2026-10-06T12:08,weblate,cleanup
common,pl,dialogue_text_campaign_3_1_22_miniboss_win_2,dialogue_text_campaign_3_1_22_miniboss_win_2,Wszystko wyszło z ciemności głębin... I wszystko tam wróci...,Wszystko wyszło z ciemności głębin... I wszystko tam wróci…,2026-10-06T12:08,weblate,cleanup
common,de,dialogue_text_campaign_3_1_22_miniboss_win_2,dialogue_text_campaign_3_1_22_miniboss_win_2,Alles kam aus der Dunkelheit der Tiefen... Und alles wird dorthin zurückkehren...,Alles kam aus der Dunkelheit der Tiefen... Und alles wird dorthin zurückkehren…,2026-10-06T12:07,weblate,cleanup
common,it,dialogue_text_campaign_3_1_22_miniboss_win_2,dialogue_text_campaign_3_1_22_miniboss_win_2,Tutto è venuto dall'oscurità delle profondità... E tutto vi farà ritorno...,Tutto è venuto dall'oscurità delle profondità... E tutto vi farà ritorno…,2026-10-06T12:07,weblate,cleanup
common,th,dialogue_text_campaign_3_1_22_miniboss_win_2,dialogue_text_campaign_3_1_22_miniboss_win_2,ทุกอย่างมาจากความมืดมิดของห้วงลึก... และทุกอย่างจะกลับไปที่นั่น...,ทุกอย่างมาจากความมืดมิดของห้วงลึก... และทุกอย่างจะกลับไปที่นั่น…,2026-10-06T12:08,weblate,cleanup
common,id,dialogue_text_campaign_3_1_22_miniboss_win_2,dialogue_text_campaign_3_1_22_miniboss_win_2,Semua berasal dari kegelapan kedalaman... Dan semua akan kembali ke sana...,Semua berasal dari kegelapan kedalaman... Dan semua akan kembali ke sana…,2026-10-06T12:07,weblate,cleanup
common,kr,dialogue_text_campaign_3_1_22_miniboss_win_2,dialogue_text_campaign_3_1_22_miniboss_win_2,모든 것은 심연의 어둠에서 나왔다... 그리고 모든 것은 그곳으로 돌아갈 것이다...,모든 것은 심연의 어둠에서 나왔다... 그리고 모든 것은 그곳으로 돌아갈 것이다…,2026-10-06T12:08,weblate,cleanup
common,tr,dialogue_text_campaign_3_1_22_miniboss_win_2,dialogue_text_campaign_3_1_22_miniboss_win_2,Her şey derinliklerin karanlığından geldi... Ve her şey oraya geri dönecek...,Her şey derinliklerin karanlığından geldi... Ve her şey oraya geri dönecek…,2026-10-06T12:08,weblate,cleanup
common,vi,dialogue_text_campaign_3_1_22_miniboss_win_2,dialogue_text_campaign_3_1_22_miniboss_win_2,Mọi thứ đến từ bóng tối của vực sâu... Và mọi thứ sẽ trở về đó...,Mọi thứ đến từ bóng tối của vực sâu... Và mọi thứ sẽ trở về đó…,2026-10-06T12:08,weblate,cleanup
common,nl,dialogue_text_campaign_3_1_22_miniboss_win_2,dialogue_text_campaign_3_1_22_miniboss_win_2,Alles kwam uit de duisternis van de diepten... En alles zal daar terugkeren...,Alles kwam uit de duisternis van de diepten... En alles zal daar terugkeren…,2026-10-06T12:08,weblate,cleanup
common,fr,dialogue_text_campaign_3_1_boss_1,dialogue_text_campaign_3_1_boss_1,"Moonblood, sale rat ! Plus d'endroit où fuir, hein ?","Moonblood, sale rat ! Plus d'endroit où fuir, hein ?",2026-10-06T12:07,weblate,cleanup
common,fr,dialogue_text_campaign_3_1_boss_3,dialogue_text_campaign_3_1_boss_3,Qu'est-ce que tu... Qu'est-ce que tu as fait au navire ? Qu'est-ce que tu t'es fait à toi-même ?,Qu'est-ce que tu... Qu'est-ce que tu as fait au navire ? Qu'est-ce que tu t'es fait à toi-même ?,2026-10-06T12:07,weblate,cleanup
common,fr,dialogue_text_campaign_3_1_boss_win_1,dialogue_text_campaign_3_1_boss_win_1,"Grand Tangaroa, pourquoi m'as-tu abandonné ? Ah, petite Lizzie. Est-ce ce que tu voulais ?","Grand Tangaroa, pourquoi m'as-tu abandonné ? Ah, petite Lizzie. Est-ce ce que tu voulais ?",2026-10-06T12:07,weblate,cleanup
common,fr,dialogue_text_campaign_3_1_boss_win_2,dialogue_text_campaign_3_1_boss_win_2,"Tu as détruit mon navire ! Mais peu importe, il y a assez d'or dans le ciel pour en acheter un nouveau. Dis-moi, comment comptais-tu l'obtenir !","Tu as détruit mon navire ! Mais peu importe, il y a assez d'or dans le ciel pour en acheter un nouveau. Dis-moi, comment comptais-tu l'obtenir !",2026-10-06T12:07,weblate,cleanup
common,en,dialogue_text_campaign_3_1_boss_win_3,dialogue_text_campaign_3_1_boss_win_3,"Lizzie... The gods demand a great price for gold. I tried to pay it off, but I was too late...","Lizzie... The gods demand a great price for gold. I tried to pay it off, but I was too late…",2026-10-06T12:07,weblate,cleanup
common,es,dialogue_text_campaign_3_1_boss_win_3,dialogue_text_campaign_3_1_boss_win_3,"Lizzie... Los dioses exigen un gran precio por el oro. Intenté pagarlo, pero llegué demasiado tarde...","Lizzie... Los dioses exigen un gran precio por el oro. Intenté pagarlo, pero llegué demasiado tarde…",2026-10-06T12:07,weblate,cleanup
common,fr,dialogue_text_campaign_3_1_boss_win_3,dialogue_text_campaign_3_1_boss_win_3,"Lizzie... Les dieux exigent un prix élevé pour l'or. J'ai essayé de le payer, mais il était trop tard...","Lizzie... Les dieux exigent un prix élevé pour l'or. J'ai essayé de le payer, mais il était trop tard…",2026-10-06T12:07,weblate,cleanup
common,pt,dialogue_text_campaign_3_1_boss_win_3,dialogue_text_campaign_3_1_boss_win_3,"Lizzie... Os deuses exigem um grande preço pelo ouro. Tentei pagá-lo, mas era tarde demais...","Lizzie... Os deuses exigem um grande preço pelo ouro. Tentei pagá-lo, mas era tarde demais…",2026-10-06T12:08,weblate,cleanup
common,pl,dialogue_text_campaign_3_1_boss_win_3,dialogue_text_campaign_3_1_boss_win_3,"Lizzie... Bogowie żądają wielkiej ceny za złoto. Próbowałem je spłacić, ale było za późno...","Lizzie... Bogowie żądają wielkiej ceny za złoto. Próbowałem je spłacić, ale było za późno…",2026-10-06T12:08,weblate,cleanup
common,de,dialogue_text_campaign_3_1_boss_win_3,dialogue_text_campaign_3_1_boss_win_3,"Lizzie... Die Götter verlangen einen hohen Preis für Gold. Ich habe versucht, ihn zu bezahlen, aber ich war zu spät...","Lizzie... Die Götter verlangen einen hohen Preis für Gold. Ich habe versucht, ihn zu bezahlen, aber ich war zu spät…",2026-10-06T12:07,weblate,cleanup
common,it,dialogue_text_campaign_3_1_boss_win_3,dialogue_text_campaign_3_1_boss_win_3,"Lizzie... Gli dei chiedono un prezzo alto per l'oro. Ho cercato di pagarlo, ma era troppo tardi...","Lizzie... Gli dei chiedono un prezzo alto per l'oro. Ho cercato di pagarlo, ma era troppo tardi…",2026-10-06T12:07,weblate,cleanup
common,th,dialogue_text_campaign_3_1_boss_win_3,dialogue_text_campaign_3_1_boss_win_3,ลิซซี่... เหล่าทวยเทพเรียกร้องค่าตอบแทนอันยิ่งใหญ่สำหรับทองคำ ข้าพยายามจะชดเชย แต่มันสายเกินไป...,ลิซซี่... เหล่าทวยเทพเรียกร้องค่าตอบแทนอันยิ่งใหญ่สำหรับทองคำ ข้าพยายามจะชดเชย แต่มันสายเกินไป…,2026-10-06T12:08,weblate,cleanup
common,id,dialogue_text_campaign_3_1_boss_win_3,dialogue_text_campaign_3_1_boss_win_3,"Lizzie... Para dewa meminta harga yang mahal untuk emas. Aku mencoba membayarnya, tapi aku terlambat...","Lizzie... Para dewa meminta harga yang mahal untuk emas. Aku mencoba membayarnya, tapi aku terlambat…",2026-10-06T12:07,weblate,cleanup
common,tr,dialogue_text_campaign_3_1_boss_win_3,dialogue_text_campaign_3_1_boss_win_3,Lizzie... Tanrılar altın için büyük bir bedel istiyor. Ödemeye çalıştım ama çok geçti...,Lizzie... Tanrılar altın için büyük bir bedel istiyor. Ödemeye çalıştım ama çok geçti…,2026-10-06T12:08,weblate,cleanup
common,vi,dialogue_text_campaign_3_1_boss_win_3,dialogue_text_campaign_3_1_boss_win_3,"Lizzie... Các vị thần đòi hỏi một cái giá rất lớn cho vàng. Ta đã cố trả nó, nhưng đã quá muộn...","Lizzie... Các vị thần đòi hỏi một cái giá rất lớn cho vàng. Ta đã cố trả nó, nhưng đã quá muộn…",2026-10-06T12:08,weblate,cleanup
common,nl,dialogue_text_campaign_3_1_boss_win_3,dialogue_text_campaign_3_1_boss_win_3,"Lizzie... De goden eisen een hoge prijs voor goud. Ik probeerde het af te betalen, maar ik was te laat...","Lizzie... De goden eisen een hoge prijs voor goud. Ik probeerde het af te betalen, maar ik was te laat…",2026-10-06T12:08,weblate,cleanup
common,ru,dialogue_text_campaign_3_1_boss_afterReward_1,dialogue_text_campaign_3_1_boss_afterReward_1,"Мунблад снова обманул меня. Он с кораблем на дне. А я здесь, с проклятым золотом и черной меткой...","Мунблад снова обманул меня. Он с кораблем на дне. А я здесь, с проклятым золотом и черной меткой…",2026-10-06T12:07,weblate,ru-ellipsis
common,en,dialogue_text_campaign_3_1_boss_afterReward_1,dialogue_text_campaign_3_1_boss_afterReward_1,"Moonblood tricked me again. He's at the bottom of the sea with the ship. And I'm here, with cursed gold and a black mark...","Moonblood tricked me again. He's at the bottom of the sea with the ship. And I'm here, with cursed gold and a black mark…",2026-10-06T12:07,weblate,cleanup
common,es,dialogue_text_campaign_3_1_boss_afterReward_1,dialogue_text_campaign_3_1_boss_afterReward_1,"Moonblood me engañó de nuevo. Está en el fondo del mar con el barco. Y yo estoy aquí, con oro maldito y una marca negra...","Moonblood me engañó de nuevo. Está en el fondo del mar con el barco. Y yo estoy aquí, con oro maldito y una marca negra…",2026-10-06T12:07,weblate,cleanup
common,fr,dialogue_text_campaign_3_1_boss_afterReward_1,dialogue_text_campaign_3_1_boss_afterReward_1,"Moonblood m'a encore trompé. Il est au fond de la mer avec le navire. Et je suis ici, avec de l'or maudit et une marque noire...","Moonblood m'a encore trompé. Il est au fond de la mer avec le navire. Et je suis ici, avec de l'or maudit et une marque noire…",2026-10-06T12:07,weblate,cleanup
common,pt,dialogue_text_campaign_3_1_boss_afterReward_1,dialogue_text_campaign_3_1_boss_afterReward_1,"Moonblood me enganou de novo. Ele está no fundo do mar com o navio. E eu estou aqui, com ouro amaldiçoado e uma marca negra...","Moonblood me enganou de novo. Ele está no fundo do mar com o navio. E eu estou aqui, com ouro amaldiçoado e uma marca negra…",2026-10-06T12:08,weblate,cleanup
common,pl,dialogue_text_campaign_3_1_boss_afterReward_1,dialogue_text_campaign_3_1_boss_afterReward_1,"Moonblood znowu mnie oszukał. Jest na dnie morza ze statkiem. A ja jestem tutaj, z przeklętym złotem i czarnym znakiem...","Moonblood znowu mnie oszukał. Jest na dnie morza ze statkiem. A ja jestem tutaj, z przeklętym złotem i czarnym znakiem…",2026-10-06T12:08,weblate,cleanup
common,de,dialogue_text_campaign_3_1_boss_afterReward_1,dialogue_text_campaign_3_1_boss_afterReward_1,"Moonblood hat mich wieder betrogen. Er liegt mit dem Schiff auf dem Meeresgrund. Und ich bin hier, mit verfluchtem Gold und einem schwarzen Mal...","Moonblood hat mich wieder betrogen. Er liegt mit dem Schiff auf dem Meeresgrund. Und ich bin hier, mit verfluchtem Gold und einem schwarzen Mal…",2026-10-06T12:07,weblate,cleanup
common,it,dialogue_text_campaign_3_1_boss_afterReward_1,dialogue_text_campaign_3_1_boss_afterReward_1,"Moonblood mi ha ingannato di nuovo. È in fondo al mare con la nave. E io sono qui, con oro maledetto e un marchio nero...","Moonblood mi ha ingannato di nuovo. È in fondo al mare con la nave. E io sono qui, con oro maledetto e un marchio nero…",2026-10-06T12:07,weblate,cleanup
common,th,dialogue_text_campaign_3_1_boss_afterReward_1,dialogue_text_campaign_3_1_boss_afterReward_1,มูนบลัดหลอกข้าอีกแล้ว มันอยู่ก้นทะเลพร้อมกับเรือ ส่วนข้าอยู่ที่นี่ พร้อมกับทองคำต้องสาปและรอยแผลเป็นสีดำ...,มูนบลัดหลอกข้าอีกแล้ว มันอยู่ก้นทะเลพร้อมกับเรือ ส่วนข้าอยู่ที่นี่ พร้อมกับทองคำต้องสาปและรอยแผลเป็นสีดำ…,2026-10-06T12:08,weblate,cleanup
common,id,dialogue_text_campaign_3_1_boss_afterReward_1,dialogue_text_campaign_3_1_boss_afterReward_1,"Moonblood menipuku lagi. Dia berada di dasar laut bersama kapal itu. Dan aku di sini, dengan emas terkutuk dan tanda hitam...","Moonblood menipuku lagi. Dia berada di dasar laut bersama kapal itu. Dan aku di sini, dengan emas terkutuk dan tanda hitam…",2026-10-06T12:07,weblate,cleanup
common,kr,dialogue_text_campaign_3_1_boss_afterReward_1,dialogue_text_campaign_3_1_boss_afterReward_1,"문블러드가 또 날 속였어. 그는 배와 함께 해저에 있지. 그리고 난 여기, 저주받은 금과 검은 표식을 가지고...","문블러드가 또 날 속였어. 그는 배와 함께 해저에 있지. 그리고 난 여기, 저주받은 금과 검은 표식을 가지고…",2026-10-06T12:08,weblate,cleanup
common,tr,dialogue_text_campaign_3_1_boss_afterReward_1,dialogue_text_campaign_3_1_boss_afterReward_1,"Moonblood beni yine kandırdı. Gemiyle birlikte denizin dibinde. Ve ben buradayım, lanetli altın ve kara bir işaretle...","Moonblood beni yine kandırdı. Gemiyle birlikte denizin dibinde. Ve ben buradayım, lanetli altın ve kara bir işaretle…",2026-10-06T12:08,weblate,cleanup
common,vi,dialogue_text_campaign_3_1_boss_afterReward_1,dialogue_text_campaign_3_1_boss_afterReward_1,"Moonblood lại lừa dối ta. Hắn đang ở dưới đáy biển cùng với con tàu. Còn ta ở đây, với vàng bị nguyền rủa và một vết đen...","Moonblood lại lừa dối ta. Hắn đang ở dưới đáy biển cùng với con tàu. Còn ta ở đây, với vàng bị nguyền rủa và một vết đen…",2026-10-06T12:08,weblate,cleanup
common,nl,dialogue_text_campaign_3_1_boss_afterReward_1,dialogue_text_campaign_3_1_boss_afterReward_1,"Moonblood heeft me weer bedrogen. Hij ligt met het schip op de zeebodem. En ik ben hier, met vervloekt goud en een zwarte vlek...","Moonblood heeft me weer bedrogen. Hij ligt met het schip op de zeebodem. En ik ben hier, met vervloekt goud en een zwarte vlek…",2026-10-06T12:08,weblate,cleanup
common,fr,dialogue_text_campaign_4_0_region_1,dialogue_text_campaign_4_0_region_1,Tempête maudite ! Je n'ai aucune idée d'où nous sommes. Il faudra des semaines avant que nous ne retrouvions notre cap.,Tempête maudite ! Je n'ai aucune idée d'où nous sommes. Il faudra des semaines avant que nous ne retrouvions notre cap.,2026-10-06T12:07,weblate,cleanup
common,es,dialogue_text_campaign_4_0_region_2,dialogue_text_campaign_4_0_region_2,"Espera, reconozco estas rocas...","Espera, reconozco estas rocas…",2026-10-06T12:07,weblate,cleanup
common,fr,dialogue_text_campaign_4_0_region_2,dialogue_text_campaign_4_0_region_2,"Attendez, je reconnais ces rochers...","Attendez, je reconnais ces rochers…",2026-10-06T12:07,weblate,cleanup
common,pt,dialogue_text_campaign_4_0_region_2,dialogue_text_campaign_4_0_region_2,"Espere, eu reconheço estas rochas...","Espere, eu reconheço estas rochas…",2026-10-06T12:08,weblate,cleanup
common,th,dialogue_text_campaign_4_0_region_2,dialogue_text_campaign_4_0_region_2,เดี๋ยวก่อน ฉันจำโขดหินพวกนี้ได้...,เดี๋ยวก่อน ฉันจำโขดหินพวกนี้ได้…,2026-10-06T12:08,weblate,cleanup
common,tr,dialogue_text_campaign_4_0_region_2,dialogue_text_campaign_4_0_region_2,"Dur, bu kayaları tanıyorum...","Dur, bu kayaları tanıyorum…",2026-10-06T12:08,weblate,cleanup
common,vi,dialogue_text_campaign_4_0_region_2,dialogue_text_campaign_4_0_region_2,"Chờ đã, tôi nhận ra những vách đá này...","Chờ đã, tôi nhận ra những vách đá này…",2026-10-06T12:08,weblate,cleanup
common,nl,dialogue_text_campaign_4_0_region_2,dialogue_text_campaign_4_0_region_2,"Wacht, ik herken deze rotsen...","Wacht, ik herken deze rotsen…",2026-10-06T12:08,weblate,cleanup
common,fr,dialogue_text_campaign_4_0_region_3,dialogue_text_campaign_4_0_region_3,"Ce sont les Eaux Prédatrices ! Les mercenaires de la Meute de Requins les considèrent comme leur foyer. Nous avons de la chance, je connais leur commandant, Jim Cowlers.","Ce sont les Eaux Prédatrices ! Les mercenaires de la Meute de Requins les considèrent comme leur foyer. Nous avons de la chance, je connais leur commandant, Jim Cowlers.",2026-10-06T12:07,weblate,cleanup
common,es,dialogue_text_campaign_4_0_0_win_1,dialogue_text_campaign_4_0_0_win_1,¿Qué demonios? Los mercenarios de la Manada suelen ser más amables. Se lo recordaré a Jim cuando nos encontremos...,¿Qué demonios? Los mercenarios de la Manada suelen ser más amables. Se lo recordaré a Jim cuando nos encontremos…,2026-10-06T12:07,weblate,cleanup
common,fr,dialogue_text_campaign_4_0_0_win_1,dialogue_text_campaign_4_0_0_win_1,Qu'est-ce que c'est que ça ? Les mercenaires de la Meute sont généralement plus amicaux. Je rappellerai ça à Jim lors de notre rencontre...,Qu'est-ce que c'est que ça ? Les mercenaires de la Meute sont généralement plus amicaux. Je rappellerai ça à Jim lors de notre rencontre…,2026-10-06T12:07,weblate,cleanup
common,pt,dialogue_text_campaign_4_0_0_win_1,dialogue_text_campaign_4_0_0_win_1,Que raio? Os mercenários do Bando costumam ser mais amigáveis. Vou lembrar Jim disso quando nos encontrarmos...,Que raio? Os mercenários do Bando costumam ser mais amigáveis. Vou lembrar Jim disso quando nos encontrarmos…,2026-10-06T12:08,weblate,cleanup
common,it,dialogue_text_campaign_4_0_0_win_1,dialogue_text_campaign_4_0_0_win_1,Che diavolo? I mercenari del Branco di solito sono più amichevoli. Lo ricorderò a Jim quando ci incontreremo...,Che diavolo? I mercenari del Branco di solito sono più amichevoli. Lo ricorderò a Jim quando ci incontreremo…,2026-10-06T12:07,weblate,cleanup
common,th,dialogue_text_campaign_4_0_0_win_1,dialogue_text_campaign_4_0_0_win_1,อะไรกัน? ปกติทหารรับจ้างของฝูงจะเป็นมิตรมากกว่านี้ ฉันจะเตือนจิมเรื่องนี้เมื่อเราได้พบกัน...,อะไรกัน? ปกติทหารรับจ้างของฝูงจะเป็นมิตรมากกว่านี้ ฉันจะเตือนจิมเรื่องนี้เมื่อเราได้พบกัน…,2026-10-06T12:08,weblate,cleanup
common,id,dialogue_text_campaign_4_0_0_win_1,dialogue_text_campaign_4_0_0_win_1,Apa-apaan? Tentara bayaran Kawanan biasanya lebih ramah. Akan kuingatkan Jim tentang ini saat kita bertemu...,Apa-apaan? Tentara bayaran Kawanan biasanya lebih ramah. Akan kuingatkan Jim tentang ini saat kita bertemu…,2026-10-06T12:07,weblate,cleanup
common,tr,dialogue_text_campaign_4_0_0_win_1,dialogue_text_campaign_4_0_0_win_1,Neler oluyor? Sürü paralı askerleri genellikle daha arkadaş canlısıdır. Jim'e bunu karşılaştığımızda hatırlatacağım...,Neler oluyor? Sürü paralı askerleri genellikle daha arkadaş canlısıdır. Jim'e bunu karşılaştığımızda hatırlatacağım…,2026-10-06T12:08,weblate,cleanup
common,vi,dialogue_text_campaign_4_0_0_win_1,dialogue_text_campaign_4_0_0_win_1,Cái quái gì vậy? Đám lính đánh thuê Bầy Cá mập thường thân thiện hơn. Tôi sẽ nhắc chuyện này với Jim khi gặp ông ấy...,Cái quái gì vậy? Đám lính đánh thuê Bầy Cá mập thường thân thiện hơn. Tôi sẽ nhắc chuyện này với Jim khi gặp ông ấy…,2026-10-06T12:08,weblate,cleanup
common,nl,dialogue_text_campaign_4_0_0_win_1,dialogue_text_campaign_4_0_0_win_1,Wat in hemelsnaam? De huurlingen van de Haaienstrook zijn meestal vriendelijker. Ik zal dit met Jim bespreken als ik hem zie...,Wat in hemelsnaam? De huurlingen van de Haaienstrook zijn meestal vriendelijker. Ik zal dit met Jim bespreken als ik hem zie…,2026-10-06T12:08,weblate,cleanup
common,fr,dialogue_text_campaign_4_0_6_miniboss_2,dialogue_text_campaign_4_0_6_miniboss_2,"Il n'est pas nécessaire de nous menacer. Nous sommes de vieux amis de votre commandant, laissez-nous passer !","Il n'est pas nécessaire de nous menacer. Nous sommes de vieux amis de votre commandant, laissez-nous passer !",2026-10-06T12:07,weblate,cleanup
common,fr,dialogue_text_campaign_4_0_6_win_1,dialogue_text_campaign_4_0_6_win_1,"Je ne comprends pas. Pourquoi nous ont-ils attaqués ? Soit ils sont tous devenus fous, soit quelque chose a radicalement changé depuis notre dernière rencontre avec Jim.","Je ne comprends pas. Pourquoi nous ont-ils attaqués ? Soit ils sont tous devenus fous, soit quelque chose a radicalement changé depuis notre dernière rencontre avec Jim.",2026-10-06T12:07,weblate,cleanup
common,fr,dialogue_text_campaign_4_0_10_win_1,dialogue_text_campaign_4_0_10_win_1,Homme à la mer ! Jim ?! Que fais-tu au milieu de la mer sur ces planches ?,Homme à la mer ! Jim ?! Que fais-tu au milieu de la mer sur ces planches ?,2026-10-06T12:07,weblate,cleanup
common,fr,dialogue_text_campaign_4_0_10_win_2,dialogue_text_campaign_4_0_10_win_2,"Je n'en crois pas mes yeux, c'est mon Elizabeth ! Les dieux ont entendu mes prières !","Je n'en crois pas mes yeux, c'est mon Elizabeth ! Les dieux ont entendu mes prières !",2026-10-06T12:07,weblate,cleanup
common,en,dialogue_text_campaign_4_0_10_win_3,dialogue_text_campaign_4_0_10_win_3,"You won't believe it, so much has happened here. It's a very long story. Let me dry off, we'll go up to your cabin, open a barrel of rum, and...","You won't believe it, so much has happened here. It's a very long story. Let me dry off, we'll go up to your cabin, open a barrel of rum, and…",2026-10-06T12:07,weblate,cleanup
common,es,dialogue_text_campaign_4_0_10_win_3,dialogue_text_campaign_4_0_10_win_3,"No te lo vas a creer, han pasado tantas cosas aquí. Es una historia muy larga. Déjame secarme, subiremos a tu camarote, abriremos un barril de ron, y...","No te lo vas a creer, han pasado tantas cosas aquí. Es una historia muy larga. Déjame secarme, subiremos a tu camarote, abriremos un barril de ron, y…",2026-10-06T12:07,weblate,cleanup
common,fr,dialogue_text_campaign_4_0_10_win_3,dialogue_text_campaign_4_0_10_win_3,"Tu ne vas pas le croire, il s'est passé tellement de choses ici. C'est une très longue histoire. Laisse-moi sécher, on montera dans ta cabine, on ouvrira un tonneau de rhum, et...","Tu ne vas pas le croire, il s'est passé tellement de choses ici. C'est une très longue histoire. Laisse-moi sécher, on montera dans ta cabine, on ouvrira un tonneau de rhum, et…",2026-10-06T12:07,weblate,cleanup
common,pt,dialogue_text_campaign_4_0_10_win_3,dialogue_text_campaign_4_0_10_win_3,"Você não vai acreditar, tanta coisa aconteceu aqui. É uma história muito longa. Deixe-me secar, vamos subir para a sua cabine, abrir um barril de rum e...","Você não vai acreditar, tanta coisa aconteceu aqui. É uma história muito longa. Deixe-me secar, vamos subir para a sua cabine, abrir um barril de rum e…",2026-10-06T12:08,weblate,cleanup
common,pl,dialogue_text_campaign_4_0_10_win_3,dialogue_text_campaign_4_0_10_win_3,"Nie uwierzysz, tyle się tu wydarzyło. To bardzo długa historia. Daj mi wyschnąć, pójdziemy do twojej kabiny, otworzymy beczkę rumu i...","Nie uwierzysz, tyle się tu wydarzyło. To bardzo długa historia. Daj mi wyschnąć, pójdziemy do twojej kabiny, otworzymy beczkę rumu i…",2026-10-06T12:08,weblate,cleanup
common,de,dialogue_text_campaign_4_0_10_win_3,dialogue_text_campaign_4_0_10_win_3,"Du wirst es nicht glauben, hier ist so viel passiert. Es ist eine sehr lange Geschichte. Lass mich trocknen, wir gehen in deine Kabine, öffnen ein Fass Rum und...","Du wirst es nicht glauben, hier ist so viel passiert. Es ist eine sehr lange Geschichte. Lass mich trocknen, wir gehen in deine Kabine, öffnen ein Fass Rum und…",2026-10-06T12:07,weblate,cleanup
common,it,dialogue_text_campaign_4_0_10_win_3,dialogue_text_campaign_4_0_10_win_3,"Non ci crederai, sono successe così tante cose qui. È una storia molto lunga. Fammi asciugare, saliremo nella tua cabina, apriremo una botte di rum e...","Non ci crederai, sono successe così tante cose qui. È una storia molto lunga. Fammi asciugare, saliremo nella tua cabina, apriremo una botte di rum e…",2026-10-06T12:07,weblate,cleanup
common,th,dialogue_text_campaign_4_0_10_win_3,dialogue_text_campaign_4_0_10_win_3,คุณจะไม่เชื่อหรอก มีเรื่องเกิดขึ้นมากมายที่นี่ มันเป็นเรื่องยาวมาก ขอฉันเช็ดตัวให้แห้งก่อน แล้วเราจะขึ้นไปที่ห้องโดยสารของคุณ เปิดถังรัม แล้วก็...,คุณจะไม่เชื่อหรอก มีเรื่องเกิดขึ้นมากมายที่นี่ มันเป็นเรื่องยาวมาก ขอฉันเช็ดตัวให้แห้งก่อน แล้วเราจะขึ้นไปที่ห้องโดยสารของคุณ เปิดถังรัม แล้วก็…,2026-10-06T12:08,weblate,cleanup
common,id,dialogue_text_campaign_4_0_10_win_3,dialogue_text_campaign_4_0_10_win_3,"Kamu tidak akan percaya, banyak sekali yang terjadi di sini. Ini cerita yang sangat panjang. Biarkan aku mengering, kita akan naik ke kabinmu, membuka tong rum, dan...","Kamu tidak akan percaya, banyak sekali yang terjadi di sini. Ini cerita yang sangat panjang. Biarkan aku mengering, kita akan naik ke kabinmu, membuka tong rum, dan…",2026-10-06T12:07,weblate,cleanup
common,cn,dialogue_text_campaign_4_0_10_win_3,dialogue_text_campaign_4_0_10_win_3,你不会相信的，这里发生了太多事情。这是一个很长的故事。让我先擦干，我们到你的船舱去，打开一桶朗姆酒，然后...,你不会相信的，这里发生了太多事情。这是一个很长的故事。让我先擦干，我们到你的船舱去，打开一桶朗姆酒，然后…,2026-10-06T12:07,weblate,cleanup
common,kr,dialogue_text_campaign_4_0_10_win_3,dialogue_text_campaign_4_0_10_win_3,"믿기지 않겠지만, 여기 너무 많은 일들이 일어났어. 아주 긴 이야기야. 몸 좀 말리고, 네 선실로 올라가서 럼주 통을 열고...","믿기지 않겠지만, 여기 너무 많은 일들이 일어났어. 아주 긴 이야기야. 몸 좀 말리고, 네 선실로 올라가서 럼주 통을 열고…",2026-10-06T12:08,weblate,cleanup
common,jp,dialogue_text_campaign_4_0_10_win_3,dialogue_text_campaign_4_0_10_win_3,信じられないだろうけど、ここでは本当にいろいろなことがあったんだ。とても長い話になる。乾かしてくれ。君の船室に行って、ラム酒の樽を開けて、そして...,信じられないだろうけど、ここでは本当にいろいろなことがあったんだ。とても長い話になる。乾かしてくれ。君の船室に行って、ラム酒の樽を開けて、そして…,2026-10-06T12:08,weblate,cleanup
common,tr,dialogue_text_campaign_4_0_10_win_3,dialogue_text_campaign_4_0_10_win_3,"İnanmayacaksın, burada çok şey oldu. Çok uzun bir hikaye. Kurumama izin ver, kabinine çıkalım, bir fıçı rom açalım ve...","İnanmayacaksın, burada çok şey oldu. Çok uzun bir hikaye. Kurumama izin ver, kabinine çıkalım, bir fıçı rom açalım ve…",2026-10-06T12:08,weblate,cleanup
common,fr,dialogue_text_campaign_4_0_10_win_5,dialogue_text_campaign_4_0_10_win_5,"Mon Elizabeth, je commençais à oublier à quel point tu es cruelle. Bon, alors une version courte pour les gens occupés : je ne suis plus le commandant de la Meute de Requins. Mais c'est temporaire !","Mon Elizabeth, je commençais à oublier à quel point tu es cruelle. Bon, alors une version courte pour les gens occupés : je ne suis plus le commandant de la Meute de Requins. Mais c'est temporaire !",2026-10-06T12:07,weblate,cleanup
common,fr,dialogue_text_campaign_4_0_10_win_7,dialogue_text_campaign_4_0_10_win_7,Avec moi ? Je n'ai encore rien accepté.,Avec moi ? Je n'ai encore rien accepté.,2026-10-06T12:07,weblate,cleanup
common,en,dialogue_text_campaign_4_0_10_win_9,dialogue_text_campaign_4_0_10_win_9,"Damn... Jim, I haven't forgotten anything. I...","Damn... Jim, I haven't forgotten anything. I…",2026-10-06T12:07,weblate,cleanup
common,es,dialogue_text_campaign_4_0_10_win_9,dialogue_text_campaign_4_0_10_win_9,"Maldita sea... Jim, no he olvidado nada. Yo...","Maldita sea... Jim, no he olvidado nada. Yo…",2026-10-06T12:07,weblate,cleanup
common,fr,dialogue_text_campaign_4_0_10_win_9,dialogue_text_campaign_4_0_10_win_9,"Mince... Jim, je n'ai rien oublié. Je...","Mince... Jim, je n'ai rien oublié. Je…",2026-10-06T12:07,weblate,cleanup
common,pt,dialogue_text_campaign_4_0_10_win_9,dialogue_text_campaign_4_0_10_win_9,"Droga... Jim, eu não esqueci nada. Eu...","Droga... Jim, eu não esqueci nada. Eu…",2026-10-06T12:08,weblate,cleanup
common,pl,dialogue_text_campaign_4_0_10_win_9,dialogue_text_campaign_4_0_10_win_9,"Cholera... Jim, niczego nie zapomniałam. Ja...","Cholera... Jim, niczego nie zapomniałam. Ja…",2026-10-06T12:08,weblate,cleanup
common,de,dialogue_text_campaign_4_0_10_win_9,dialogue_text_campaign_4_0_10_win_9,"Verdammt... Jim, ich habe nichts vergessen. Ich...","Verdammt... Jim, ich habe nichts vergessen. Ich…",2026-10-06T12:07,weblate,cleanup
common,it,dialogue_text_campaign_4_0_10_win_9,dialogue_text_campaign_4_0_10_win_9,"Maledizione... Jim, non ho dimenticato niente. Io...","Maledizione... Jim, non ho dimenticato niente. Io…",2026-10-06T12:07,weblate,cleanup
common,id,dialogue_text_campaign_4_0_10_win_9,dialogue_text_campaign_4_0_10_win_9,"Sial... Jim, aku tidak melupakan apa pun. Aku...","Sial... Jim, aku tidak melupakan apa pun. Aku…",2026-10-06T12:07,weblate,cleanup
common,tr,dialogue_text_campaign_4_0_10_win_9,dialogue_text_campaign_4_0_10_win_9,"Kahretsin... Jim, hiçbir şeyi unutmadım. Ben...","Kahretsin... Jim, hiçbir şeyi unutmadım. Ben…",2026-10-06T12:08,weblate,cleanup
common,vi,dialogue_text_campaign_4_0_10_win_9,dialogue_text_campaign_4_0_10_win_9,"Chết tiệt... Jim, tôi không quên gì cả. Tôi...","Chết tiệt... Jim, tôi không quên gì cả. Tôi…",2026-10-06T12:08,weblate,cleanup
common,nl,dialogue_text_campaign_4_0_10_win_9,dialogue_text_campaign_4_0_10_win_9,"Verdomme… Jim, ik ben niets vergeten. Ik...","Verdomme… Jim, ik ben niets vergeten. Ik…",2026-10-06T12:08,weblate,cleanup
common,fr,dialogue_text_campaign_4_0_10_win_10,dialogue_text_campaign_4_0_10_win_10,"Eh bien, c'est parfait ! Nous partons immédiatement ! D'abord, au fort de cet vautour d'Asper. Mes vieux copains s'amusent dans sa captivité. Je ne sais pas combien de temps Asper pourra encore tolérer ces abrutis, mais je me dépêcherais avant qu'ils ne soient pendus à la vergue.","Eh bien, c'est parfait ! Nous partons immédiatement ! D'abord, au fort de cet vautour d'Asper. Mes vieux copains s'amusent dans sa captivité. Je ne sais pas combien de temps Asper pourra encore tolérer ces abrutis, mais je me dépêcherais avant qu'ils ne soient pendus à la vergue.",2026-10-06T12:07,weblate,cleanup
common,fr,dialogue_text_campaign_4_0_14_miniboss_1,dialogue_text_campaign_4_0_14_miniboss_1,"Capitaine Reed, si je ne m'abuse. Il semble qu'il y ait eu un… malentendu lors de notre dernière rencontre. Nous recherchons notre ami commun, Jim le Juste. A-t-il croisé votre chemin ? La Meute s'inquiète pour lui.","Capitaine Reed, si je ne m'abuse. Il semble qu'il y ait eu un… malentendu lors de notre dernière rencontre. Nous recherchons notre ami commun, Jim le Juste. A-t-il croisé votre chemin ? La Meute s'inquiète pour lui.",2026-10-06T12:07,weblate,cleanup
common,fr,dialogue_text_campaign_4_0_14_miniboss_2,dialogue_text_campaign_4_0_14_miniboss_2,"Asper, vil rat ! Qu'est-ce que Byle t'a promis pour ta trahison ?","Asper, vil rat ! Qu'est-ce que Byle t'a promis pour ta trahison ?",2026-10-06T12:07,weblate,cleanup
common,fr,dialogue_text_campaign_4_0_22_miniboss_1,dialogue_text_campaign_4_0_22_miniboss_1,C'est un navire des Harpies Dorées. Que font-ils ici ?,C'est un navire des Harpies Dorées. Que font-ils ici ?,2026-10-06T12:07,weblate,cleanup
common,fr,dialogue_text_campaign_4_0_22_miniboss_2,dialogue_text_campaign_4_0_22_miniboss_2,"Bon vent, glorieux pirates ! Nous ne sommes pas ici pour nous battre. Je cherche le Commodore de la Meute de Requins, notre clan a une offre très tentante.","Bon vent, glorieux pirates ! Nous ne sommes pas ici pour nous battre. Je cherche le Commodore de la Meute de Requins, notre clan a une offre très tentante.",2026-10-06T12:07,weblate,cleanup
common,en,dialogue_text_campaign_4_0_22_miniboss_3,dialogue_text_campaign_4_0_22_miniboss_3,The Shark Pack Commodore is before you. The Pack is always ready to negotiate for a reasonable fee. I know the Golden Harpies are known for...,The Shark Pack Commodore is before you. The Pack is always ready to negotiate for a reasonable fee. I know the Golden Harpies are known for…,2026-10-06T12:07,weblate,cleanup
common,es,dialogue_text_campaign_4_0_22_miniboss_3,dialogue_text_campaign_4_0_22_miniboss_3,El Comodoro de la Manada de Tiburones está ante ti. La Manada siempre está dispuesta a negociar por una tarifa razonable. Sé que las Arpías Doradas son famosas por...,El Comodoro de la Manada de Tiburones está ante ti. La Manada siempre está dispuesta a negociar por una tarifa razonable. Sé que las Arpías Doradas son famosas por…,2026-10-06T12:07,weblate,cleanup
common,fr,dialogue_text_campaign_4_0_22_miniboss_3,dialogue_text_campaign_4_0_22_miniboss_3,Le Commodore de la Meute de Requins est devant vous. La Meute est toujours prête à négocier pour un prix raisonnable. Je sais que les Harpies Dorées sont réputées pour...,Le Commodore de la Meute de Requins est devant vous. La Meute est toujours prête à négocier pour un prix raisonnable. Je sais que les Harpies Dorées sont réputées pour…,2026-10-06T12:07,weblate,cleanup
common,pt,dialogue_text_campaign_4_0_22_miniboss_3,dialogue_text_campaign_4_0_22_miniboss_3,O Comodoro do Bando de Tubarões está diante de você. O Bando está sempre pronto para negociar por uma taxa razoável. Eu sei que as Harpias Douradas são famosas por...,O Comodoro do Bando de Tubarões está diante de você. O Bando está sempre pronto para negociar por uma taxa razoável. Eu sei que as Harpias Douradas são famosas por…,2026-10-06T12:08,weblate,cleanup
common,pl,dialogue_text_campaign_4_0_22_miniboss_3,dialogue_text_campaign_4_0_22_miniboss_3,"Komandor Rekiniej Watahy stoi przed tobą. Wataha jest zawsze gotowa negocjować za rozsądną opłatą. Wiem, że Złote Harpie słyną z...","Komandor Rekiniej Watahy stoi przed tobą. Wataha jest zawsze gotowa negocjować za rozsądną opłatą. Wiem, że Złote Harpie słyną z…",2026-10-06T12:08,weblate,cleanup
common,de,dialogue_text_campaign_4_0_22_miniboss_3,dialogue_text_campaign_4_0_22_miniboss_3,"Der Kommodore des Haifischrudels steht vor Ihnen. Das Rudel ist immer bereit, gegen eine angemessene Gebühr zu verhandeln. Ich weiß, die Goldenen Harpyien sind bekannt für...","Der Kommodore des Haifischrudels steht vor Ihnen. Das Rudel ist immer bereit, gegen eine angemessene Gebühr zu verhandeln. Ich weiß, die Goldenen Harpyien sind bekannt für…",2026-10-06T12:07,weblate,cleanup
common,it,dialogue_text_campaign_4_0_22_miniboss_3,dialogue_text_campaign_4_0_22_miniboss_3,Il Commodoro del Branco di Squali è di fronte a te. Il Branco è sempre pronto a negoziare per una tariffa ragionevole. So che le Arpie Dorate sono famose per...,Il Commodoro del Branco di Squali è di fronte a te. Il Branco è sempre pronto a negoziare per una tariffa ragionevole. So che le Arpie Dorate sono famose per…,2026-10-06T12:07,weblate,cleanup
common,th,dialogue_text_campaign_4_0_22_miniboss_3,dialogue_text_campaign_4_0_22_miniboss_3,ผู้บัญชาการฝูงฉลามอยู่ตรงหน้าท่าน ฝูงพร้อมที่จะเจรจาเสมอด้วยค่าธรรมเนียมที่สมเหตุสมผล ข้ารู้ว่าเหล่าฮาร์ปีสีทองมีชื่อเสียงในเรื่อง...,ผู้บัญชาการฝูงฉลามอยู่ตรงหน้าท่าน ฝูงพร้อมที่จะเจรจาเสมอด้วยค่าธรรมเนียมที่สมเหตุสมผล ข้ารู้ว่าเหล่าฮาร์ปีสีทองมีชื่อเสียงในเรื่อง…,2026-10-06T12:08,weblate,cleanup
common,id,dialogue_text_campaign_4_0_22_miniboss_3,dialogue_text_campaign_4_0_22_miniboss_3,Komodor Kawanan Hiu ada di hadapanmu. Kawanan selalu siap bernegosiasi dengan bayaran yang wajar. Aku tahu Golden Harpies terkenal karena...,Komodor Kawanan Hiu ada di hadapanmu. Kawanan selalu siap bernegosiasi dengan bayaran yang wajar. Aku tahu Golden Harpies terkenal karena…,2026-10-06T12:07,weblate,cleanup
common,tr,dialogue_text_campaign_4_0_22_miniboss_3,dialogue_text_campaign_4_0_22_miniboss_3,"Köpekbalığı Sürüsü Komodoru karşınızda. Sürü, makul bir ücret karşılığında her zaman pazarlık yapmaya hazırdır. Biliyorum, Altın Harpiyalar şunlarla ünlüdür...","Köpekbalığı Sürüsü Komodoru karşınızda. Sürü, makul bir ücret karşılığında her zaman pazarlık yapmaya hazırdır. Biliyorum, Altın Harpiyalar şunlarla ünlüdür…",2026-10-06T12:08,weblate,cleanup
common,vi,dialogue_text_campaign_4_0_22_miniboss_3,dialogue_text_campaign_4_0_22_miniboss_3,Chỉ huy Bầy Cá Mập đang đứng trước mặt cô đây. Bầy luôn sẵn sàng đàm phán – với một khoản phí hợp lý. Tôi biết Bầy Chim Ưng Vàng nổi tiếng là...,Chỉ huy Bầy Cá Mập đang đứng trước mặt cô đây. Bầy luôn sẵn sàng đàm phán – với một khoản phí hợp lý. Tôi biết Bầy Chim Ưng Vàng nổi tiếng là…,2026-10-06T12:08,weblate,cleanup
common,nl,dialogue_text_campaign_4_0_22_miniboss_3,dialogue_text_campaign_4_0_22_miniboss_3,De Commandant van de Haaienbende staat voor je. De Bende is altijd bereid tot onderhandelen – voor een redelijke prijs. Ik weet dat de Gouden Harpijen bekendstaan om...,De Commandant van de Haaienbende staat voor je. De Bende is altijd bereid tot onderhandelen – voor een redelijke prijs. Ik weet dat de Gouden Harpijen bekendstaan om…,2026-10-06T12:08,weblate,cleanup
common,en,dialogue_text_campaign_4_0_22_miniboss_4,dialogue_text_campaign_4_0_22_miniboss_4,"Jim Coulers, aka Righteous Jim, if I'm not mistaken? You're hard to miss. My sources tell me you no longer represent the Pack's interests. And the new Commodore is extremely interested in your person. Well, if I bring you along with the contract, maybe we can agree on more favorable terms...","Jim Coulers, aka Righteous Jim, if I'm not mistaken? You're hard to miss. My sources tell me you no longer represent the Pack's interests. And the new Commodore is extremely interested in your person. Well, if I bring you along with the contract, maybe we can agree on more favorable terms…",2026-10-06T12:07,weblate,cleanup
common,es,dialogue_text_campaign_4_0_22_miniboss_4,dialogue_text_campaign_4_0_22_miniboss_4,"Jim Coulers, alias Jim el Justo, si no me equivoco? Es difícil no reconocerlo. Mis fuentes me dicen que ya no representa los intereses de la Manada. Y el nuevo Comodoro está extremadamente interesado en su persona. Bueno, si lo traigo junto con el contrato, tal vez podamos acordar términos más favorables...","Jim Coulers, alias Jim el Justo, si no me equivoco? Es difícil no reconocerlo. Mis fuentes me dicen que ya no representa los intereses de la Manada. Y el nuevo Comodoro está extremadamente interesado en su persona. Bueno, si lo traigo junto con el contrato, tal vez podamos acordar términos más favorables…",2026-10-06T12:07,weblate,cleanup
common,fr,dialogue_text_campaign_4_0_22_miniboss_4,dialogue_text_campaign_4_0_22_miniboss_4,"Jim Coulers, alias Jim le Juste, si je ne me trompe ? Difficile de vous manquer. Mes sources m'ont dit que vous ne représentez plus les intérêts de la Meute. Et le nouveau Commodore est extrêmement intéressé par votre personne. Eh bien, si je vous amène avec le contrat, nous pourrons peut-être convenir de conditions plus favorables...","Jim Coulers, alias Jim le Juste, si je ne me trompe ? Difficile de vous manquer. Mes sources m'ont dit que vous ne représentez plus les intérêts de la Meute. Et le nouveau Commodore est extrêmement intéressé par votre personne. Eh bien, si je vous amène avec le contrat, nous pourrons peut-être convenir de conditions plus favorables…",2026-10-06T12:07,weblate,cleanup
common,pt,dialogue_text_campaign_4_0_22_miniboss_4,dialogue_text_campaign_4_0_22_miniboss_4,"Jim Coulers, também conhecido como Jim, o Justo, se não me engano? É difícil não o reconhecer. As minhas fontes dizem-me que já não representa os interesses do Bando. E o novo Comodoro está extremamente interessado na sua pessoa. Bem, se eu o trouxer junto com o contrato, talvez possamos concordar com termos mais favoráveis...","Jim Coulers, também conhecido como Jim, o Justo, se não me engano? É difícil não o reconhecer. As minhas fontes dizem-me que já não representa os interesses do Bando. E o novo Comodoro está extremamente interessado na sua pessoa. Bem, se eu o trouxer junto com o contrato, talvez possamos concordar com termos mais favoráveis…",2026-10-06T12:08,weblate,cleanup
common,pl,dialogue_text_campaign_4_0_22_miniboss_4,dialogue_text_campaign_4_0_22_miniboss_4,"Jim Coulers, znany również jako Sprawiedliwy Jim, jeśli się nie mylę? Trudno cię przeoczyć. Moje źródła donoszą, że nie reprezentujesz już interesów Watahy. A nowy Komandor jest niezmiernie zainteresowany twoją osobą. Cóż, jeśli przyprowadzę cię razem z kontraktem, być może uda nam się uzgodnić korzystniejsze warunki...","Jim Coulers, znany również jako Sprawiedliwy Jim, jeśli się nie mylę? Trudno cię przeoczyć. Moje źródła donoszą, że nie reprezentujesz już interesów Watahy. A nowy Komandor jest niezmiernie zainteresowany twoją osobą. Cóż, jeśli przyprowadzę cię razem z kontraktem, być może uda nam się uzgodnić korzystniejsze warunki…",2026-10-06T12:08,weblate,cleanup
common,de,dialogue_text_campaign_4_0_22_miniboss_4,dialogue_text_campaign_4_0_22_miniboss_4,"Jim Coulers, auch bekannt als Gerechter Jim, wenn ich mich nicht irre? Sie sind schwer zu übersehen. Meine Quellen sagen mir, dass Sie die Interessen des Rudels nicht mehr vertreten. Und der neue Kommodore ist sehr an Ihrer Person interessiert. Nun, wenn ich Sie zusammen mit dem Vertrag mitbringe, können wir uns vielleicht auf günstigere Bedingungen einigen...","Jim Coulers, auch bekannt als Gerechter Jim, wenn ich mich nicht irre? Sie sind schwer zu übersehen. Meine Quellen sagen mir, dass Sie die Interessen des Rudels nicht mehr vertreten. Und der neue Kommodore ist sehr an Ihrer Person interessiert. Nun, wenn ich Sie zusammen mit dem Vertrag mitbringe, können wir uns vielleicht auf günstigere Bedingungen einigen…",2026-10-06T12:07,weblate,cleanup
common,it,dialogue_text_campaign_4_0_22_miniboss_4,dialogue_text_campaign_4_0_22_miniboss_4,"Jim Coulers, alias Jim il Giusto, se non sbaglio? È difficile non riconoscerla. Le mie fonti mi dicono che non rappresenta più gli interessi del Branco. E il nuovo Commodoro è estremamente interessato alla sua persona. Bene, se la porto insieme al contratto, forse possiamo concordare termini più favorevoli...","Jim Coulers, alias Jim il Giusto, se non sbaglio? È difficile non riconoscerla. Le mie fonti mi dicono che non rappresenta più gli interessi del Branco. E il nuovo Commodoro è estremamente interessato alla sua persona. Bene, se la porto insieme al contratto, forse possiamo concordare termini più favorevoli…",2026-10-06T12:07,weblate,cleanup
common,th,dialogue_text_campaign_4_0_22_miniboss_4,dialogue_text_campaign_4_0_22_miniboss_4,จิม คูลเลอร์ส หรือ จิมผู้เที่ยงธรรม ถ้าข้าจำไม่ผิด? เป็นเรื่องยากที่จะไม่สังเกตท่าน แหล่งข่าวของข้าบอกว่าท่านไม่ได้เป็นตัวแทนผลประโยชน์ของฝูงอีกต่อไปแล้ว และผู้บัญชาการคนใหม่สนใจในตัวท่านเป็นอย่างมาก เอาล่ะ ถ้าข้านำท่านไปพร้อมกับสัญญา บางทีพวกเราอาจจะตกลงกันได้ภายใต้เงื่อนไขที่ดีกว่านี้...,จิม คูลเลอร์ส หรือ จิมผู้เที่ยงธรรม ถ้าข้าจำไม่ผิด? เป็นเรื่องยากที่จะไม่สังเกตท่าน แหล่งข่าวของข้าบอกว่าท่านไม่ได้เป็นตัวแทนผลประโยชน์ของฝูงอีกต่อไปแล้ว และผู้บัญชาการคนใหม่สนใจในตัวท่านเป็นอย่างมาก เอาล่ะ ถ้าข้านำท่านไปพร้อมกับสัญญา บางทีพวกเราอาจจะตกลงกันได้ภายใต้เงื่อนไขที่ดีกว่านี้…,2026-10-06T12:08,weblate,cleanup
common,id,dialogue_text_campaign_4_0_22_miniboss_4,dialogue_text_campaign_4_0_22_miniboss_4,"Jim Coulers, alias Jim yang Benar, jika aku tidak salah? Kau sulit untuk dilewatkan. Sumberku memberitahuku bahwa kau tidak lagi mewakili kepentingan Kawanan. Dan Komodor baru sangat tertarik padamu. Baiklah, jika aku membawamu bersama dengan kontrak, mungkin kita bisa menyetujui persyaratan yang lebih menguntungkan...","Jim Coulers, alias Jim yang Benar, jika aku tidak salah? Kau sulit untuk dilewatkan. Sumberku memberitahuku bahwa kau tidak lagi mewakili kepentingan Kawanan. Dan Komodor baru sangat tertarik padamu. Baiklah, jika aku membawamu bersama dengan kontrak, mungkin kita bisa menyetujui persyaratan yang lebih menguntungkan…",2026-10-06T12:07,weblate,cleanup
common,kr,dialogue_text_campaign_4_0_22_miniboss_4,dialogue_text_campaign_4_0_22_miniboss_4,"짐 쿨러스, 정의로운 짐이라고도 하던가? 틀리지 않았겠지? 쉽게 알아볼 수 있소. 내 정보통에 따르면 당신은 더 이상 상어 떼의 이익을 대변하지 않는다더군. 그리고 새 제독이 당신에게 큰 관심을 가지고 있소. 뭐, 계약서와 함께 당신을 데려간다면 좀 더 유리한 조건으로 합의할 수 있을지도 모르지...","짐 쿨러스, 정의로운 짐이라고도 하던가? 틀리지 않았겠지? 쉽게 알아볼 수 있소. 내 정보통에 따르면 당신은 더 이상 상어 떼의 이익을 대변하지 않는다더군. 그리고 새 제독이 당신에게 큰 관심을 가지고 있소. 뭐, 계약서와 함께 당신을 데려간다면 좀 더 유리한 조건으로 합의할 수 있을지도 모르지…",2026-10-06T12:08,weblate,cleanup
common,tr,dialogue_text_campaign_4_0_22_miniboss_4,dialogue_text_campaign_4_0_22_miniboss_4,"Jim Coulers, diğer adıyla Doğrucu Jim, yanılmıyorsam? Seni gözden kaçırmak zor. Kaynaklarım bana artık Sürü'nün çıkarlarını temsil etmediğini söyledi. Ve yeni Komodor şahsınızla son derece ilgili. Eh, eğer seni sözleşmeyle birlikte getirirsem, belki daha uygun koşullarda anlaşabiliriz...","Jim Coulers, diğer adıyla Doğrucu Jim, yanılmıyorsam? Seni gözden kaçırmak zor. Kaynaklarım bana artık Sürü'nün çıkarlarını temsil etmediğini söyledi. Ve yeni Komodor şahsınızla son derece ilgili. Eh, eğer seni sözleşmeyle birlikte getirirsem, belki daha uygun koşullarda anlaşabiliriz…",2026-10-06T12:08,weblate,cleanup
common,vi,dialogue_text_campaign_4_0_22_miniboss_4,dialogue_text_campaign_4_0_22_miniboss_4,"Jim Coulers, hay còn gọi là Jim Chính Trực, nếu tôi không nhầm? Khó mà không nhận ra anh. Nguồn tin của tôi nói anh không còn đại diện cho lợi ích của Bầy nữa. Và Chỉ huy mới rất quan tâm đến anh. Nếu tôi mang anh cùng với hợp đồng, có lẽ chúng ta có thể đàm phán với điều kiện tốt hơn...","Jim Coulers, hay còn gọi là Jim Chính Trực, nếu tôi không nhầm? Khó mà không nhận ra anh. Nguồn tin của tôi nói anh không còn đại diện cho lợi ích của Bầy nữa. Và Chỉ huy mới rất quan tâm đến anh. Nếu tôi mang anh cùng với hợp đồng, có lẽ chúng ta có thể đàm phán với điều kiện tốt hơn…",2026-10-06T12:08,weblate,cleanup
common,nl,dialogue_text_campaign_4_0_22_miniboss_4,dialogue_text_campaign_4_0_22_miniboss_4,"Jim Coulers, ook bekend als Rechtvaardige Jim, als ik me niet vergis? Je valt op. Mijn bronnen zeggen dat je de belangen van de Bende niet langer vertegenwoordigt. En de nieuwe Commandant is bijzonder geïnteresseerd in jou. Als ik jou samen met het contract aflever, kunnen we misschien gunstiger voorwaarden bedingen...","Jim Coulers, ook bekend als Rechtvaardige Jim, als ik me niet vergis? Je valt op. Mijn bronnen zeggen dat je de belangen van de Bende niet langer vertegenwoordigt. En de nieuwe Commandant is bijzonder geïnteresseerd in jou. Als ik jou samen met het contract aflever, kunnen we misschien gunstiger voorwaarden bedingen…",2026-10-06T12:08,weblate,cleanup
common,fr,dialogue_text_campaign_4_0_22_miniboss_win_2,dialogue_text_campaign_4_0_22_miniboss_win_2,Peut-être devrais-tu faire un effort et ne pas te montrer sur le pont à chaque fois que nous rencontrons un foutu navire ?,Peut-être devrais-tu faire un effort et ne pas te montrer sur le pont à chaque fois que nous rencontrons un foutu navire ?,2026-10-06T12:07,weblate,cleanup
common,fr,dialogue_text_campaign_4_0_boss_1,dialogue_text_campaign_4_0_boss_1,"Asper ! Libère mes hommes et nous nous séparerons en paix ! Tu peux même garder cette forteresse moisie ! Si nous prenons le fort par la force, mon offre ne sera plus aussi généreuse !","Asper ! Libère mes hommes et nous nous séparerons en paix ! Tu peux même garder cette forteresse moisie ! Si nous prenons le fort par la force, mon offre ne sera plus aussi généreuse !",2026-10-06T12:07,weblate,cleanup
common,en,dialogue_text_campaign_4_0_boss_2,dialogue_text_campaign_4_0_boss_2,I'll take your offer into consideration...,I'll take your offer into consideration…,2026-10-06T12:07,weblate,cleanup
common,es,dialogue_text_campaign_4_0_boss_2,dialogue_text_campaign_4_0_boss_2,Tomaré su oferta en consideración...,Tomaré su oferta en consideración…,2026-10-06T12:07,weblate,cleanup
common,fr,dialogue_text_campaign_4_0_boss_2,dialogue_text_campaign_4_0_boss_2,Je prendrai votre offre en considération...,Je prendrai votre offre en considération…,2026-10-06T12:07,weblate,cleanup
common,pt,dialogue_text_campaign_4_0_boss_2,dialogue_text_campaign_4_0_boss_2,Vou ter a sua oferta em consideração...,Vou ter a sua oferta em consideração…,2026-10-06T12:08,weblate,cleanup
common,pl,dialogue_text_campaign_4_0_boss_2,dialogue_text_campaign_4_0_boss_2,Wezmę twoją ofertę pod uwagę...,Wezmę twoją ofertę pod uwagę…,2026-10-06T12:08,weblate,cleanup
common,de,dialogue_text_campaign_4_0_boss_2,dialogue_text_campaign_4_0_boss_2,Ich werde Ihr Angebot in Betracht ziehen...,Ich werde Ihr Angebot in Betracht ziehen…,2026-10-06T12:07,weblate,cleanup
common,it,dialogue_text_campaign_4_0_boss_2,dialogue_text_campaign_4_0_boss_2,Terrò in considerazione la sua offerta...,Terrò in considerazione la sua offerta…,2026-10-06T12:07,weblate,cleanup
common,th,dialogue_text_campaign_4_0_boss_2,dialogue_text_campaign_4_0_boss_2,ข้าจะรับข้อเสนอของท่านไว้พิจารณา...,ข้าจะรับข้อเสนอของท่านไว้พิจารณา…,2026-10-06T12:08,weblate,cleanup
common,id,dialogue_text_campaign_4_0_boss_2,dialogue_text_campaign_4_0_boss_2,Akan kupertimbangkan tawaranmu...,Akan kupertimbangkan tawaranmu…,2026-10-06T12:07,weblate,cleanup
common,kr,dialogue_text_campaign_4_0_boss_2,dialogue_text_campaign_4_0_boss_2,네 제안을 고려해 보겠소...,네 제안을 고려해 보겠소…,2026-10-06T12:08,weblate,cleanup
common,tr,dialogue_text_campaign_4_0_boss_2,dialogue_text_campaign_4_0_boss_2,Teklifinizi dikkate alacağım...,Teklifinizi dikkate alacağım…,2026-10-06T12:08,weblate,cleanup
common,vi,dialogue_text_campaign_4_0_boss_2,dialogue_text_campaign_4_0_boss_2,Tôi sẽ xem xét đề nghị của anh...,Tôi sẽ xem xét đề nghị của anh…,2026-10-06T12:08,weblate,cleanup
common,nl,dialogue_text_campaign_4_0_boss_2,dialogue_text_campaign_4_0_boss_2,Ik zal je voorstel overwegen...,Ik zal je voorstel overwegen…,2026-10-06T12:08,weblate,cleanup
common,fr,dialogue_text_campaign_4_0_boss_3,dialogue_text_campaign_4_0_boss_3,Eh bien... Il semble que vos conditions soient inacceptables !,Eh bien... Il semble que vos conditions soient inacceptables !,2026-10-06T12:07,weblate,cleanup
common,fr,dialogue_text_campaign_4_0_boss_win_1,dialogue_text_campaign_4_0_boss_win_1,"Mako, mon garçon, qu'est-ce qu'ils t'ont fait ? Attends, tu as toujours été comme ça.","Mako, mon garçon, qu'est-ce qu'ils t'ont fait ? Attends, tu as toujours été comme ça.",2026-10-06T12:07,weblate,cleanup
common,fr,dialogue_text_campaign_4_0_boss_win_3,dialogue_text_campaign_4_0_boss_win_3,"Je ne vois pas ton frère, Yago. Où est-il, tout va bien pour lui ?","Je ne vois pas ton frère, Yago. Où est-il, tout va bien pour lui ?",2026-10-06T12:07,weblate,cleanup
common,en,dialogue_text_campaign_4_1_region_2,dialogue_text_campaign_4_1_region_2,"If Byle has kept any traditions in the squad, then the most suitable place for execution is Sawtooth Cape. All traitors and rebels are taken there and fed to...","If Byle has kept any traditions in the squad, then the most suitable place for execution is Sawtooth Cape. All traitors and rebels are taken there and fed to…",2026-10-06T12:07,weblate,cleanup
common,es,dialogue_text_campaign_4_1_region_2,dialogue_text_campaign_4_1_region_2,"Si Byle ha conservado alguna tradición en el escuadrón, entonces el lugar más adecuado para la ejecución es el Cabo Dientes de Sierra. Todos los traidores y rebeldes son llevados allí y alimentados a...","Si Byle ha conservado alguna tradición en el escuadrón, entonces el lugar más adecuado para la ejecución es el Cabo Dientes de Sierra. Todos los traidores y rebeldes son llevados allí y alimentados a…",2026-10-06T12:07,weblate,cleanup
common,fr,dialogue_text_campaign_4_1_region_2,dialogue_text_campaign_4_1_region_2,"Si Byle a conservé des traditions dans l'escouade, alors l'endroit le plus approprié pour l'exécution est le Cap des Dents de Scie. Tous les traîtres et les rebelles y sont emmenés et donnés à manger à...","Si Byle a conservé des traditions dans l'escouade, alors l'endroit le plus approprié pour l'exécution est le Cap des Dents de Scie. Tous les traîtres et les rebelles y sont emmenés et donnés à manger à…",2026-10-06T12:07,weblate,cleanup
common,pt,dialogue_text_campaign_4_1_region_2,dialogue_text_campaign_4_1_region_2,"Se Byle manteve alguma tradição no esquadrão, então o local mais adequado para a execução é o Cabo Serra. Todos os traidores e rebeldes são levados para lá e dados como alimento a...","Se Byle manteve alguma tradição no esquadrão, então o local mais adequado para a execução é o Cabo Serra. Todos os traidores e rebeldes são levados para lá e dados como alimento a…",2026-10-06T12:08,weblate,cleanup
common,pl,dialogue_text_campaign_4_1_region_2,dialogue_text_campaign_4_1_region_2,"Jeśli Byle zachował jakiekolwiek tradycje w oddziale, to najbardziej odpowiednim miejscem egzekucji jest Przylądek Piłozębów. Wszyscy zdrajcy i buntownicy są tam zabierani i karmieni...","Jeśli Byle zachował jakiekolwiek tradycje w oddziale, to najbardziej odpowiednim miejscem egzekucji jest Przylądek Piłozębów. Wszyscy zdrajcy i buntownicy są tam zabierani i karmieni…",2026-10-06T12:08,weblate,cleanup
common,de,dialogue_text_campaign_4_1_region_2,dialogue_text_campaign_4_1_region_2,"Wenn Byle irgendwelche Traditionen in der Truppe beibehalten hat, dann ist der geeignetste Ort für eine Hinrichtung Kap Sägezahn. Alle Verräter und Aufständischen werden dorthin gebracht und verfüttert an...","Wenn Byle irgendwelche Traditionen in der Truppe beibehalten hat, dann ist der geeignetste Ort für eine Hinrichtung Kap Sägezahn. Alle Verräter und Aufständischen werden dorthin gebracht und verfüttert an…",2026-10-06T12:07,weblate,cleanup
common,it,dialogue_text_campaign_4_1_region_2,dialogue_text_campaign_4_1_region_2,"Se Byle ha mantenuto qualche tradizione nella squadra, allora il luogo più adatto per l'esecuzione è Capo Seghetto. Tutti i traditori e i ribelli vengono portati lì e dati in pasto a...","Se Byle ha mantenuto qualche tradizione nella squadra, allora il luogo più adatto per l'esecuzione è Capo Seghetto. Tutti i traditori e i ribelli vengono portati lì e dati in pasto a…",2026-10-06T12:07,weblate,cleanup
common,th,dialogue_text_campaign_4_1_region_2,dialogue_text_campaign_4_1_region_2,ถ้าไบลยังคงรักษาประเพณีใดๆ ไว้ในหน่วย สถานที่ที่เหมาะสมที่สุดสำหรับการประหารก็คือแหลมเลื่อย ทุกคนที่เป็นคนทรยศและกบฏจะถูกนำตัวไปที่นั่นและถูกป้อนให้กับ...,ถ้าไบลยังคงรักษาประเพณีใดๆ ไว้ในหน่วย สถานที่ที่เหมาะสมที่สุดสำหรับการประหารก็คือแหลมเลื่อย ทุกคนที่เป็นคนทรยศและกบฏจะถูกนำตัวไปที่นั่นและถูกป้อนให้กับ…,2026-10-06T12:08,weblate,cleanup
common,id,dialogue_text_campaign_4_1_region_2,dialogue_text_campaign_4_1_region_2,"Jika Byle masih mempertahankan tradisi apa pun di pasukan, maka tempat yang paling cocok untuk eksekusi adalah Tanjung Gerigi. Semua pengkhianat dan pemberontak dibawa ke sana dan dijadikan makanan untuk...","Jika Byle masih mempertahankan tradisi apa pun di pasukan, maka tempat yang paling cocok untuk eksekusi adalah Tanjung Gerigi. Semua pengkhianat dan pemberontak dibawa ke sana dan dijadikan makanan untuk…",2026-10-06T12:07,weblate,cleanup
common,tr,dialogue_text_campaign_4_1_region_2,dialogue_text_campaign_4_1_region_2,"Eğer Byle, birlikte bir takım gelenekleri koruduysa infaz için en uygun yer Testerediş Burnu'dur. Tüm hainler ve isyancılar oraya götürülür ve yem olarak verilir...","Eğer Byle, birlikte bir takım gelenekleri koruduysa infaz için en uygun yer Testerediş Burnu'dur. Tüm hainler ve isyancılar oraya götürülür ve yem olarak verilir…",2026-10-06T12:08,weblate,cleanup
common,vi,dialogue_text_campaign_4_1_region_2,dialogue_text_campaign_4_1_region_2,"Nếu Byle vẫn giữ truyền thống cũ, thì nơi hành quyết thích hợp nhất là Mũi Răng Cưa. Tất cả những kẻ phản bội và nổi loạn đều bị đưa đến đó và cho ăn...","Nếu Byle vẫn giữ truyền thống cũ, thì nơi hành quyết thích hợp nhất là Mũi Răng Cưa. Tất cả những kẻ phản bội và nổi loạn đều bị đưa đến đó và cho ăn…",2026-10-06T12:08,weblate,cleanup
common,nl,dialogue_text_campaign_4_1_region_2,dialogue_text_campaign_4_1_region_2,"Als Byle nog enige traditie volgt, dan is Kaap Zaagtand de meest waarschijnlijke plek voor executies. Alle verraders en rebellen worden daarheen gebracht en gevoerd aan de...","Als Byle nog enige traditie volgt, dan is Kaap Zaagtand de meest waarschijnlijke plek voor executies. Alle verraders en rebellen worden daarheen gebracht en gevoerd aan de…",2026-10-06T12:08,weblate,cleanup
common,fr,dialogue_text_campaign_4_1_region_3,dialogue_text_campaign_4_1_region_3,"Oh non, épargnez-moi les détails. Equipage, hissez les voiles !","Oh non, épargnez-moi les détails. Equipage, hissez les voiles !",2026-10-06T12:07,weblate,cleanup
common,fr,dialogue_text_campaign_4_1_6_miniboss_2,dialogue_text_campaign_4_1_6_miniboss_2,"Ne t'es-tu pas un peu trop éloigné de chez toi, cannibale ? Peur de finir au fond avec ton Tyran ?","Ne t'es-tu pas un peu trop éloigné de chez toi, cannibale ? Peur de finir au fond avec ton Tyran ?",2026-10-06T12:07,weblate,cleanup
common,fr,dialogue_text_campaign_4_1_6_miniboss_3,dialogue_text_campaign_4_1_6_miniboss_3,"Byle a promis à ses frères un bon boulot, mais il n'a pas dit qu'on aurait aussi de savoureux et effrontés marins. J'aime ça !","Byle a promis à ses frères un bon boulot, mais il n'a pas dit qu'on aurait aussi de savoureux et effrontés marins. J'aime ça !",2026-10-06T12:07,weblate,cleanup
common,fr,dialogue_text_campaign_4_1_14_miniboss_1,dialogue_text_campaign_4_1_14_miniboss_1,"C'est ça, Byle Marteau ? Jim, à quoi tu pensais quand tu as accepté ce monstre dans la Meute ?","C'est ça, Byle Marteau ? Jim, à quoi tu pensais quand tu as accepté ce monstre dans la Meute ?",2026-10-06T12:07,weblate,cleanup
common,fr,dialogue_text_campaign_4_1_14_miniboss_2,dialogue_text_campaign_4_1_14_miniboss_2,"Jim le Juste ! Je te cherchais depuis si longtemps, et te voilà qui tombe entre mes mains. Bien, je n'aurai pas à revenir ici pour vous donner en pâture aux requins. Frères, mettez-les en pièces !","Jim le Juste ! Je te cherchais depuis si longtemps, et te voilà qui tombe entre mes mains. Bien, je n'aurai pas à revenir ici pour vous donner en pâture aux requins. Frères, mettez-les en pièces !",2026-10-06T12:07,weblate,cleanup
common,fr,dialogue_text_campaign_4_1_14_miniboss_win_1,dialogue_text_campaign_4_1_14_miniboss_win_1,"Yago, tu nous as fait suer pendant qu'on te sauvait. Tu ne penses pas du tout à ton commandant ?","Yago, tu nous as fait suer pendant qu'on te sauvait. Tu ne penses pas du tout à ton commandant ?",2026-10-06T12:07,weblate,cleanup
common,fr,dialogue_text_campaign_4_1_14_miniboss_win_3,dialogue_text_campaign_4_1_14_miniboss_win_3,"Ce n'est vraiment pas bien. La prochaine fois que tu iras nourrir les poissons, n'ose plus jamais te montrer devant moi !","Ce n'est vraiment pas bien. La prochaine fois que tu iras nourrir les poissons, n'ose plus jamais te montrer devant moi !",2026-10-06T12:07,weblate,cleanup
common,fr,dialogue_text_campaign_4_1_22_miniboss_3,dialogue_text_campaign_4_1_22_miniboss_3,"Ça commence à m'ennuyer. Frères, celui qui me rapporte leurs têtes recevra autant d'or qu'il pourra en emporter !","Ça commence à m'ennuyer. Frères, celui qui me rapporte leurs têtes recevra autant d'or qu'il pourra en emporter !",2026-10-06T12:07,weblate,cleanup
common,fr,dialogue_text_campaign_4_1_boss_1,dialogue_text_campaign_4_1_boss_1,"Il est temps d'en finir, Byle. Je suis venu prendre ce qui m'appartient de droit !","Il est temps d'en finir, Byle. Je suis venu prendre ce qui m'appartient de droit !",2026-10-06T12:07,weblate,cleanup
common,fr,dialogue_text_campaign_4_1_boss_2,dialogue_text_campaign_4_1_boss_2,"Tout ce qui t'appartient de droit, c'est une corde et une place sur la vergue. Puisque mes frères n'y arrivent pas, je vais te tuer moi-même !","Tout ce qui t'appartient de droit, c'est une corde et une place sur la vergue. Puisque mes frères n'y arrivent pas, je vais te tuer moi-même !",2026-10-06T12:07,weblate,cleanup
common,fr,dialogue_text_campaign_4_1_boss_win_2,dialogue_text_campaign_4_1_boss_win_2,"Oh, non, non, tu vas vivre, Byle Marteau. Vivre et regretter ta trahison. Une cellule au fort t'attend déjà. Yago, Mako ! Escortez Sir Marteau dans sa nouvelle demeure.","Oh, non, non, tu vas vivre, Byle Marteau. Vivre et regretter ta trahison. Une cellule au fort t'attend déjà. Yago, Mako ! Escortez Sir Marteau dans sa nouvelle demeure.",2026-10-06T12:07,weblate,cleanup
common,fr,dialogue_text_campaign_4_1_boss_afterReward_2,dialogue_text_campaign_4_1_boss_afterReward_2,Déjà ? Tu vas laisser un pauvre estropié seul au milieu de ces vauriens ?,Déjà ? Tu vas laisser un pauvre estropié seul au milieu de ces vauriens ?,2026-10-06T12:07,weblate,cleanup
common,fr,dialogue_text_campaign_4_1_boss_afterReward_4,dialogue_text_campaign_4_1_boss_afterReward_4,Tu me brises le cœur. Tu veux que je n'aie plus rien d'intact sur le côté gauche ?,Tu me brises le cœur. Tu veux que je n'aie plus rien d'intact sur le côté gauche ?,2026-10-06T12:07,weblate,cleanup
common,fr,dialogue_text_campaign_4_1_boss_afterReward_7,dialogue_text_campaign_4_1_boss_afterReward_7,"Tu veux dire - ne pas engager une bande de psychopathes cannibales à mon service ? Je ne sais pas, ça a l'air trop tentant. Bon vent, mon Elizabeth.","Tu veux dire - ne pas engager une bande de psychopathes cannibales à mon service ? Je ne sais pas, ça a l'air trop tentant. Bon vent, mon Elizabeth.",2026-10-06T12:07,weblate,cleanup
common,en,mission_descr_complete_daily_tasks_continual,mission_descr_complete_daily_tasks_continual,Complete all Daily missions,Complete all daily missions,2026-10-06T12:07,weblate,newer-in-weblate
common,cn,ability_description_shield_steel_damage_null,ability_description_shield_steel_damage_null,"降低命中护盾的炮弹的<sprite name=""explosion"">爆炸伤害半径30%",每第二次炮弹命中不造成伤害并恢复10%耐久度。,2026-09-22T09:01,beta,review
common,en,ability_description_ship_collision_explosion,ability_description_ship_collision_explosion,"Powder bags explode on collision, dealing damage equal to 15% of the hull's durability, 25% of the sailors' maximum health, and destroying shields.","Powder bags explode on collision, dealing damage equal to 15% of hull Durability, 25% of max sailor health, and destroying shields.",2026-10-06T10:14,weblate,newer-in-weblate
common,kr,ability_description_items_penetration,ability_description_items_penetration,{1}초 동안 원거리 선원이 적 방패를 관통하며 피해가 {2}만큼 증가합니다. 방패로 반사되지 않습니다.,В течение {1}с. матросы дальнего боя пробивают щит противника с увеличенным на {2} уроном. Не отражается щитами.,2026-09-22T09:01,beta,review
common,ru,ability_description_ap_fire_trail_shot,ability_description_ap_fire_trail_shot,"После трёх успешных атак выпускает пламя, поджигающее все цели на линии атаки на 5 сек.
Если огонь не потух в течение 2х секунд, он начинает распространяться на соседние клетки.
Урон команде: {0}/с
Урон кораблю: {1}/с","После трёх успешных атак выпускает пламя, поджигающее все цели на линии атаки на 5 сек.
Если огонь не потух в течени 2х секунд, он начинает распространяться на соседние клетки.
Урон команде: {0}/с
Урон кораблю: {1}/с",2026-08-16T05:35,beta,ru-team-edit
common,en,description_resourse_tips_not_enough_captains_medals,description_resourse_tips_not_enough_captains_medals,Not enough <b><color=#FF4E3B>rubies</color></b>. You can find them in the story campaign.,Not enough <b><color=#FF4E3B>rubies</color></b>. They can be found in the story campaign.,2026-09-22T09:01,beta,review
common,en,big_milestone_label,big_milestone_label,Large barrel,Big barrel,2026-10-06T12:07,weblate,newer-in-weblate
common,en,dialog_name_factions,dialog_name_factions,Factions war,Faction War,2026-10-06T12:07,weblate,newer-in-weblate
common,en,shop_event_title_halloween,shop_event_title_halloween,Spooky sale!,Spooky Sale!,2026-10-06T12:07,weblate,newer-in-weblate
common,en,item_info_fire_resist_mult,item_info_fire_resist_mult,Resist fire,Fire Protection,2026-10-06T12:07,weblate,newer-in-weblate
common,nl,6_use_amulets,6_use_amulets,Gebruik een amulet in een gevecht,Gebruik elke amulet in een gevecht,2026-08-16T05:31,beta,review
common,en,friends_dialog_tab_friends_list,friends_dialog_tab_friends_list,My friends,Friends,2026-10-06T12:07,weblate,newer-in-weblate
common,ru,halloween_convoy_attack_event_announcement_description_1,halloween_convoy_attack_event_announcement_description_1,"Призрачный фрегат «Чёрная Луна» тащит целый трюм сокровищ, проклятого так, что звенит лишь для мёртвых.",Загадочная болезнь охватила почти всё поселение Малики Деломбр! Только ритуал  способен спасти жителей.,2026-10-06T08:38,beta,ru-team-edit
common,en,halloween_convoy_attack_event_announcement_description_1,halloween_convoy_attack_event_announcement_description_1,The ghost frigate 'Black Moon' drags a whole hold of treasure cursed to jingle only for the dead.,A mysterious illness has swept through almost the entire settlement of Malika Delombre! Only a ritual can save the residents.,2026-10-06T08:38,beta,follows-ru
common,es,halloween_convoy_attack_event_announcement_description_1,halloween_convoy_attack_event_announcement_description_1,El fragata fantasma 'Luna Negra' arrastra toda una bodega de tesoros maldecidos para repicar solo ante los muertos.,¡Una misteriosa enfermedad ha asolado casi todo el asentamiento de Malika Delombre! Solo el ritual puede salvar a los habitantes.,2026-10-06T08:38,beta,follows-ru
common,fr,halloween_convoy_attack_event_announcement_description_1,halloween_convoy_attack_event_announcement_description_1,"La frégate fantôme « Lune Noire » traîne tout un coffre de trésors maudits, qui ne résonnent que pour les morts.",Une mystérieuse maladie s'est abattue sur presque toute la colonie de Malika Delombre ! Seul un rituel peut sauver les habitants.,2026-10-06T08:38,beta,follows-ru
common,pt,halloween_convoy_attack_event_announcement_description_1,halloween_convoy_attack_event_announcement_description_1,"A fragata fantasma 'Lua Negra' arrasta porão cheio de tesouros amaldiçoados, que soam apenas aos mortos.",Uma doença misteriosa tomou conta de quase todo o povoado de Malika Delombre! Apenas um ritual  pode salvar os habitantes.,2026-10-06T08:38,beta,follows-ru
common,pl,halloween_convoy_attack_event_announcement_description_1,halloween_convoy_attack_event_announcement_description_1,"Duchowna fregata „Czarny Księżyc” wlecze cały ladunek skarbów, przeklętych tak, by brzęczały tylko dla umarłych.",Tajemnicza choroba ogarnęła prawie całą osadę Maliki Delombre! Tylko rytuał może ocalić mieszkańców.,2026-10-06T08:38,beta,follows-ru
common,de,halloween_convoy_attack_event_announcement_description_1,halloween_convoy_attack_event_announcement_description_1,"Die Geisterfregatte „Schwarzer Mond“ schleift einen ganzen Schatzraum voller Fluchschätze, die nur für die Toten klingeln.",Eine geheimnisvolle Krankheit hat fast die gesamte Siedlung von Malika Delombre befallen! Nur ein Ritual kann die Bewohner retten.,2026-10-06T08:38,beta,follows-ru
common,it,halloween_convoy_attack_event_announcement_description_1,halloween_convoy_attack_event_announcement_description_1,"La fregata fantasma 'Luna Nera' trascina un'intera stiva di tesori maledetti, che risuonano solo per i morti.",Una misteriosa malattia ha colpito quasi tutto l'insediamento di Malika Delombre! Solo un rituale può salvare gli abitanti.,2026-10-06T08:38,beta,follows-ru
common,th,halloween_convoy_attack_event_announcement_description_1,halloween_convoy_attack_event_announcement_description_1,ฟริเกตผี 'พระจันทร์ดำ' ลากอุ้งสมบัติเต็มท้องเรือที่ถูกสาปให้กังวานเฉพาะแก่ผู้ตาย,โรคปริศนาได้ลุกลามไปเกือบทั่วทั้งถิ่นฐานของมาลิกา เดอลอมบร์! มีเพียงพิธีกรรมเท่านั้นที่จะช่วยชาวเมืองได้.,2026-10-06T08:38,beta,follows-ru
common,id,halloween_convoy_attack_event_announcement_description_1,halloween_convoy_attack_event_announcement_description_1,"Fregat hantu 'Bulan Hitam' menyeret seluruh peti harta karun yang terkutuk, hanya berdentang bagi yang mati.",Penyakit misterius melanda hampir seluruh permukiman Malika Delombre! Hanya ritual yang mampu menyelamatkan penduduk.,2026-10-06T08:38,beta,follows-ru
common,cn,halloween_convoy_attack_event_announcement_description_1,halloween_convoy_attack_event_announcement_description_1,幽灵护卫舰“黑月”拖着整舱被诅咒的宝藏，那宝藏只在亡者耳边作响。,神秘疾病席卷了马利基·德隆布尔几乎整个定居点！只有仪式才能拯救居民。,2026-10-06T08:38,beta,follows-ru
common,kr,halloween_convoy_attack_event_announcement_description_1,halloween_convoy_attack_event_announcement_description_1,"유령 프리깃 ‘검은 달’은 저주받은 보물 가득한 화물창을 끌고 다니는데, 그 보물은 죽은 자들에게만 울려 퍼진다.",신비로운 질병이 말리키 델롬브 마을 대부분을 휩쓸었습니다! 주민들을 구할 수 있는 유일한 방법은 의식뿐입니다.,2026-10-06T08:38,beta,follows-ru
common,jp,halloween_convoy_attack_event_announcement_description_1,halloween_convoy_attack_event_announcement_description_1,幽霊フリゲート「ブラックムーン」は、死者にしか響かぬよう呪われた宝の荷倉ごと引きずっている。,謎の病がマリカ・デロンブルの集落のほぼすべてを襲った！住民を救えるのは儀式のみ。,2026-10-06T08:38,beta,follows-ru
common,tr,halloween_convoy_attack_event_announcement_description_1,halloween_convoy_attack_event_announcement_description_1,"Hayalet fırkateyn 'Kara Ay', yalnızca ölülere çınlayacak biçimde lanetlenmiş bir ambar dolusu hazineyi sürükler.",Gizemli bir hastalık Malika Delombre yerleşiminin neredeyse tamamını sardı! Sakinleri yalnızca bir ritüel kurtarabilir.,2026-10-06T08:38,beta,follows-ru
common,vi,halloween_convoy_attack_event_announcement_description_1,halloween_convoy_attack_event_announcement_description_1,"Tàu chiến ma 'Mặt Trăng Đen' lê cả kho báu bị nguyền, chỉ vang lên cho người chết nghe.",Căn bệnh bí ẩn đã bao trùm gần như toàn bộ khu định cư của Malika Delombre! Chỉ có nghi lễ mới có thể cứu được cư dân.,2026-10-06T08:39,beta,follows-ru
common,nl,halloween_convoy_attack_event_announcement_description_1,halloween_convoy_attack_event_announcement_description_1,"De spookfregat 'Zwarte Maan' sleept een hele lading schatten, vervloekt om enkel voor de doden te klinken.",Een mysterieuze ziekte heeft bijna de hele nederzetting van Malika Delombre getroffen! Alleen een ritueel  kan de bewoners redden.,2026-10-06T08:38,beta,follows-ru
common,ru,halloween_convoy_attack_event_announcement_description_2,halloween_convoy_attack_event_announcement_description_2,"Пока луна полна, корабль плотный и можно награбить всё — успей до рассвета, пока сокровища снова не стали дымом.",Нападай на флот Проклятых и добывай печати для спасительного ритуала!,2026-10-06T08:38,beta,ru-team-edit
common,en,halloween_convoy_attack_event_announcement_description_2,halloween_convoy_attack_event_announcement_description_2,"While the moon is full, the ship is solid and you can grab it all—make it before dawn, before the treasure turns to smoke again.",Attack the Cursed fleet and gather seals for the salvation ritual!,2026-10-06T08:38,beta,follows-ru
common,es,halloween_convoy_attack_event_announcement_description_2,halloween_convoy_attack_event_announcement_description_2,"Mientras la luna esté llena, el barco es sólido y puedes llevarlo todo—date prisa antes del amanecer, antes de que el tesoro vuelva a convertirse en humo.",¡Ataca a la flota de los Malditos y consigue sellos para el ritual de salvación!,2026-10-06T08:38,beta,follows-ru
common,fr,halloween_convoy_attack_event_announcement_description_2,halloween_convoy_attack_event_announcement_description_2,"Tant que la lune est pleine, le navire est solide et tu peux tout emporter—dépêche-toi avant l’aube, avant que le trésor ne redevienne fumée.",Attaque la flotte des Damnés et récupère des sceaux pour le rituel salvateur !,2026-10-06T08:38,beta,follows-ru
common,pt,halloween_convoy_attack_event_announcement_description_2,halloween_convoy_attack_event_announcement_description_2,"Enquanto a lua está cheia, o navio é sólido e você pode saquear tudo—corra antes do amanhecer, antes do tesoro voltar a virar fumaça.",Ataque a frota dos Amaldiçoados e colete selos para o ritual de salvação!,2026-10-06T08:38,beta,follows-ru
common,pl,halloween_convoy_attack_event_announcement_description_2,halloween_convoy_attack_event_announcement_description_2,"Póki księżyc w pełni, statek jest solidny i możesz zgarnąć wszystko—zdąż przed świtem, zanim skarb znów zamieni się w dym.",Atakuj flotę Przeklętych i zdobywaj pieczęcie do rytuału ocalenia!,2026-10-06T08:38,beta,follows-ru
common,de,halloween_convoy_attack_event_announcement_description_2,halloween_convoy_attack_event_announcement_description_2,"Solange der Mond voll ist, ist das Schiff solide und du kannst alles mitnehmen—beeil dich vor dem Morgengrauen, bevor der Schatz wieder zu Rauch wird.",Greif die Flotte der Verfluchten an und erbeute Siegel für das rettende Ritual!,2026-10-06T08:38,beta,follows-ru
common,it,halloween_convoy_attack_event_announcement_description_2,halloween_convoy_attack_event_announcement_description_2,"Finché la luna è piena, la nave è solida e puoi saccheggiare tutto—fai in tempo prima dell’alba, prima che il tesoro torni a diventare fumo.",Attacca la flotta dei Dannati e ottieni sigilli per il rituale di salvezza!,2026-10-06T08:38,beta,follows-ru
common,th,halloween_convoy_attack_event_announcement_description_2,halloween_convoy_attack_event_announcement_description_2,ตราบใดที่พระจันทร์เต็มดวง เรือยังแข็งแรง เก็บให้หมดได้—รีบก่อนรุ่งอรุณ ก่อนสมบัติจะกลายเป็นควันอีกครั้ง,โจมตีกองเรือแห่งผู้ถูกสาปและรวบรวมตราประทับสำหรับพิธีกรรมกอบกู้!,2026-10-06T08:38,beta,follows-ru
common,id,halloween_convoy_attack_event_announcement_description_2,halloween_convoy_attack_event_announcement_description_2,"Selama bulan purnama, kapalnya kokoh dan kau bisa mengambil semua—cepat sebelum fajar, sebelum hartanya kembali menjadi asap.",Serang armada Terkutuk dan kumpulkan segel untuk ritual penyelamatan!,2026-10-06T08:38,beta,follows-ru
common,cn,halloween_convoy_attack_event_announcement_description_2,halloween_convoy_attack_event_announcement_description_2,只要月亮还圆，船就结实，能抢个精光——抢在黎明前，趁宝藏还没再次化作青烟。,攻击诅咒舰队，获取救赎仪式的封印！,2026-10-06T08:38,beta,follows-ru
common,kr,halloween_convoy_attack_event_announcement_description_2,halloween_convoy_attack_event_announcement_description_2,"달이 차 있을 동안, 배는 견고하고 모두 노릴 수 있어—보물이 다시 연기로 변하기 전, 새벽 전에 서둘러.",저주받은 함대를 공격하고 구원의 의식을 위한 인장을 획득하라!,2026-10-06T08:38,beta,follows-ru
common,jp,halloween_convoy_attack_event_announcement_description_2,halloween_convoy_attack_event_announcement_description_2,月が満ちている間に、船は実体を持ちすべてを奪える——宝が再び煙に変わる前に、夜明けまでに間に合え。,呪われし者の艦隊を攻撃して、救済の儀式に必要な印を手に入れろ！,2026-10-06T08:38,beta,follows-ru
common,tr,halloween_convoy_attack_event_announcement_description_2,halloween_convoy_attack_event_announcement_description_2,"Ay doluyken gemi katı, her şeyi kapabilirsin—hazine yeniden duman olmadan, şafaktan önce yetiş.",Lanetlilerin filosuna saldır ve kurtuluş ritüeli için mühür topla!,2026-10-06T08:38,beta,follows-ru
common,vi,halloween_convoy_attack_event_announcement_description_2,halloween_convoy_attack_event_announcement_description_2,"Trăng còn tròn, thuyền còn đặc, có thể cướp hết—mau lên trước bình minh, khi kho báu chưa lại hóa khói.",Tấn công hạm đội Kẻ Bị Nguyền và thu thập phong ấn cho nghi lễ cứu rỗi!,2026-10-06T08:39,beta,follows-ru
common,nl,halloween_convoy_attack_event_announcement_description_2,halloween_convoy_attack_event_announcement_description_2,"Zolang de maan vol is, blijft het schip solide en kun je alles buitmaken—haal het voor de dageraad, voordat de schat weer in rook opgaat.",Val de vloot van de Vervloekten aan en bemachtig zegels voor het reddingsritueel!,2026-10-06T08:38,beta,follows-ru
common,ru,halloween_convoy_attack_event_announcement_description_3,halloween_convoy_attack_event_announcement_description_3,"Нападай на призрачный фрегат «Чёрная Луна» на глобальной карте, выбей проклятое сокровище и успей до рассвета!","Атакуй флот Проклятых и собирай печати! Помоги Малике провести ритуал, спасти поселение и заслужить её верность.",2026-10-06T08:38,beta,ru-team-edit
common,en,halloween_convoy_attack_event_announcement_description_3,halloween_convoy_attack_event_announcement_description_3,"Attack the ghost frigate 'Black Moon' on the world map, loot the cursed treasure and make it before dawn!","Attack the Cursed fleet and collect seals! Help Malika perform the ritual, save the settlement, and earn her loyalty.",2026-10-06T08:38,beta,follows-ru
common,es,halloween_convoy_attack_event_announcement_description_3,halloween_convoy_attack_event_announcement_description_3,"¡Ataca al fragata fantasma 'Luna Negra' en el mapa global, despoja el tesoro maldito y hazlo antes del amanecer!","¡Ataca a la flota de los Malditos y reúne sellos! Ayuda a Malika a realizar el ritual, salvar el asentamiento y ganarte su lealtad.",2026-10-06T08:38,beta,follows-ru
common,fr,halloween_convoy_attack_event_announcement_description_3,halloween_convoy_attack_event_announcement_description_3,"Attaquez la frégate fantôme « Lune Noire » sur la carte mondiale, pillez le trésor maudit et terminez avant l’aube !","Attaque la flotte des Damnés et récupère des sceaux ! Aide Malika à accomplir le rituel, sauver la colonie et gagner sa loyauté.",2026-10-06T08:38,beta,follows-ru
common,pt,halloween_convoy_attack_event_announcement_description_3,halloween_convoy_attack_event_announcement_description_3,"Ataque a fragata fantasma 'Lua Negra' no mapa global, saque o tesouro amaldiçoado e termine antes do amanhecer!","Ataque a frota dos Amaldiçoados e colete selos! Ajude Malika a realizar o ritual, salvar o povoado e conquistar sua lealdade.",2026-10-06T08:38,beta,follows-ru
common,pl,halloween_convoy_attack_event_announcement_description_3,halloween_convoy_attack_event_announcement_description_3,"Zaatakuj widmową fregatę „Czarny Księżyc” na globalnej mapie, wydobądź przeklęty skarb i zdąż przed świtem!","Atakuj flotę Przeklętych i zbieraj pieczęcie! Pomóż Malice odprawić rytuał, ocalić osadę i zasłużyć na jej wierność.",2026-10-06T08:38,beta,follows-ru
common,de,halloween_convoy_attack_event_announcement_description_3,halloween_convoy_attack_event_announcement_description_3,"Greife die Geisterfregatte „Schwarzer Mond“ auf der Weltkarte an, plündere den verfluchten Schatz und schaff es vor dem Morgengrauen!","Greife die Flotte der Verfluchten an und sammle Siegel! Hilf Malika, das Ritual durchzuführen, die Siedlung zu retten und ihre Treue zu gewinnen.",2026-10-06T08:38,beta,follows-ru
common,it,halloween_convoy_attack_event_announcement_description_3,halloween_convoy_attack_event_announcement_description_3,"Attacca la fregata fantasma 'Luna Nera' sulla mappa globale, saccheggia il tesoro maledetto e fallo prima dell’alba!","Attacca la flotta dei Dannati e raccogli i sigilli! Aiuta Malika a compiere il rituale, salvare l'insediamento e conquistare la sua fedeltà.",2026-10-06T08:38,beta,follows-ru
common,th,halloween_convoy_attack_event_announcement_description_3,halloween_convoy_attack_event_announcement_description_3,โจมตีฟริเกตผี 'พระจันทร์ดำ' บนแผนที่โลก ปล้นสมบัติคำสาปและให้เสร็จก่อนรุ่งอรุณ!,โจมตีกองเรือผู้ต้องสาปและรวบรวมตราประทับ! ช่วยมาลิกาประกอบพิธีกรรม ปกป้องชุมชน และได้รับความภักดีจากเธอ,2026-10-06T08:38,beta,follows-ru
common,id,halloween_convoy_attack_event_announcement_description_3,halloween_convoy_attack_event_announcement_description_3,"Serang fregat hantu 'Bulan Hitam' di peta global, rampok harta terkutuk dan selesaikan sebelum fajar!","Serang armada Terkutuk dan kumpulkan segel! Bantu Malika melakukan ritual, selamatkan permukiman, dan raih kesetiaannya.",2026-10-06T08:38,beta,follows-ru
common,cn,halloween_convoy_attack_event_announcement_description_3,halloween_convoy_attack_event_announcement_description_3,在世界地图上进攻幽灵护卫舰“黑月”，夺取被诅咒的宝藏，务必赶在黎明前完成！,攻击诅咒舰队，收集印记！帮助马利克完成仪式，拯救定居点，赢得她的忠诚。,2026-10-06T08:38,beta,follows-ru
common,kr,halloween_convoy_attack_event_announcement_description_3,halloween_convoy_attack_event_announcement_description_3,"월드맵에서 유령 프리깃 ‘검은 달’을 공격하고, 저주받은 보물을 약탈해 새벽 전에 완수하라!",저주받은 함대를 공격하고 인장을 모아라! 말리케가 의식을 치르고 마을을 구하며 그녀의 충성을 얻도록 도와줘.,2026-10-06T08:38,beta,follows-ru
common,jp,halloween_convoy_attack_event_announcement_description_3,halloween_convoy_attack_event_announcement_description_3,グローバルマップで幽霊フリゲート『ブラックムーン』を襲撃し、呪われた宝を奪い取り、夜明け前に仕留めろ！,呪われし者の艦隊を攻撃して印章を集めよう！マリカの儀式を手助けして集落を救い、彼女の忠誠を勝ち取れ。,2026-10-06T08:38,beta,follows-ru
common,tr,halloween_convoy_attack_event_announcement_description_3,halloween_convoy_attack_event_announcement_description_3,"Dünya haritasındaki hayalet fırkateyn 'Kara Ay'a saldır, lanetli hazinenin peşini bırakma ve şafaktan önce bitir!","Lanetliler filosuna saldır ve mühürleri topla! Malika'nın ritüeli gerçekleştirmesine, yerleşimi kurtarmasına ve sadakatini kazanmasına yardım et.",2026-10-06T08:38,beta,follows-ru
common,vi,halloween_convoy_attack_event_announcement_description_3,halloween_convoy_attack_event_announcement_description_3,"Tấn công tàu chiến ma 'Mặt Trăng Đen' trên bản đồ toàn cầu, cướp kho báu bị nguyền và hoàn thành trước bình minh!","Tấn công hạm đội Kẻ Bị Nguyền và thu thập phong ấn! Giúp Malika thực hiện nghi thức, cứu lấy khu định cư và giành được lòng trung thành của cô ấy.",2026-10-06T08:39,beta,follows-ru
common,nl,halloween_convoy_attack_event_announcement_description_3,halloween_convoy_attack_event_announcement_description_3,"Val het spookfregat 'Zwarte Maan' aan op de wereldkaart, plunder de vervloekte schat en sla toe vóór de dageraad!","Val de vloot van de Vervloekten aan en verzamel zegels! Help Malika het ritueel uit te voeren, de nederzetting te redden en haar trouw te verdienen.",2026-10-06T08:38,beta,follows-ru
common,ru,dialog_name_halloween_shop,dialog_name_halloween_shop,Магазин,Магазин призраков,2026-09-25T10:39,beta,ru-team-edit
common,en,dialog_name_halloween_shop,dialog_name_halloween_shop,Shop,Ghost shop,2026-10-01T06:05,beta,follows-ru
common,es,dialog_name_halloween_shop,dialog_name_halloween_shop,Tienda,Tienda de fantasmas,2026-10-01T06:05,beta,follows-ru
common,fr,dialog_name_halloween_shop,dialog_name_halloween_shop,Boutique,Boutique des spectres,2026-10-01T06:05,beta,follows-ru
common,pt,dialog_name_halloween_shop,dialog_name_halloween_shop,Loja,Loja dos Fantasmas,2026-10-01T06:05,beta,follows-ru
common,pl,dialog_name_halloween_shop,dialog_name_halloween_shop,Sklep,Sklep duchów,2026-10-01T06:05,beta,follows-ru
common,de,dialog_name_halloween_shop,dialog_name_halloween_shop,Shop,Geisterladen,2026-10-01T06:05,beta,follows-ru
common,it,dialog_name_halloween_shop,dialog_name_halloween_shop,Negozio,Negozio dei fantasmi,2026-10-01T06:05,beta,follows-ru
common,th,dialog_name_halloween_shop,dialog_name_halloween_shop,ร้านค้า,ร้านค้าภูตผี,2026-10-01T06:05,beta,follows-ru
common,id,dialog_name_halloween_shop,dialog_name_halloween_shop,Toko,Toko Hantu,2026-10-01T06:05,beta,follows-ru
common,cn,dialog_name_halloween_shop,dialog_name_halloween_shop,商店,幽灵商店,2026-10-01T06:05,beta,follows-ru
common,kr,dialog_name_halloween_shop,dialog_name_halloween_shop,상점,유령 상점,2026-10-01T06:05,beta,follows-ru
common,jp,dialog_name_halloween_shop,dialog_name_halloween_shop,ショップ,ゴーストショップ,2026-10-01T06:05,beta,follows-ru
common,tr,dialog_name_halloween_shop,dialog_name_halloween_shop,Mağaza,Hayalet Mağazası,2026-10-01T06:05,beta,follows-ru
common,vi,dialog_name_halloween_shop,dialog_name_halloween_shop,Cửa hàng,Cửa hàng bóng ma,2026-10-01T06:05,beta,follows-ru
common,nl,dialog_name_halloween_shop,dialog_name_halloween_shop,Winkel,Spookwinkel,2026-10-01T06:05,beta,follows-ru
common,ru,title_resourse_tips_halloween_currency,title_resourse_tips_halloween_currency,Тыквы,Тыквы мертвеца,2026-09-25T10:39,beta,ru-team-edit
common,en,title_resourse_tips_halloween_currency,title_resourse_tips_halloween_currency,Pumpkins,Dead man's pumpkins,2026-10-01T06:05,beta,follows-ru
common,es,title_resourse_tips_halloween_currency,title_resourse_tips_halloween_currency,Calabazas,Calabazas del muerto,2026-10-01T06:05,beta,follows-ru
common,fr,title_resourse_tips_halloween_currency,title_resourse_tips_halloween_currency,Citrouilles,Citrouilles du mort,2026-10-01T06:05,beta,follows-ru
common,pt,title_resourse_tips_halloween_currency,title_resourse_tips_halloween_currency,Abóboras,Abóboras do Morto,2026-10-01T06:05,beta,follows-ru
common,pl,title_resourse_tips_halloween_currency,title_resourse_tips_halloween_currency,Dynie,Dynie umarlaka,2026-10-01T06:05,beta,follows-ru
common,de,title_resourse_tips_halloween_currency,title_resourse_tips_halloween_currency,Kürbisse,Kürbisse des Totenmanns,2026-10-01T06:05,beta,follows-ru
common,it,title_resourse_tips_halloween_currency,title_resourse_tips_halloween_currency,Zucche,Zucche del morto,2026-10-01T06:05,beta,follows-ru
common,th,title_resourse_tips_halloween_currency,title_resourse_tips_halloween_currency,ฟักทอง,ฟักทองคนตาย,2026-10-01T06:05,beta,follows-ru
common,id,title_resourse_tips_halloween_currency,title_resourse_tips_halloween_currency,Labu,Labu Orang Mati,2026-10-01T06:05,beta,follows-ru
common,cn,title_resourse_tips_halloween_currency,title_resourse_tips_halloween_currency,南瓜,亡者南瓜,2026-10-01T06:05,beta,follows-ru
common,kr,title_resourse_tips_halloween_currency,title_resourse_tips_halloween_currency,호박,죽은 자의 호박,2026-10-01T06:05,beta,follows-ru
common,jp,title_resourse_tips_halloween_currency,title_resourse_tips_halloween_currency,カボチャ,死者のカボチャ,2026-10-01T06:05,beta,follows-ru
common,tr,title_resourse_tips_halloween_currency,title_resourse_tips_halloween_currency,Balkabağı,Ölü Adamın Balkabakları,2026-10-01T06:05,beta,follows-ru
common,vi,title_resourse_tips_halloween_currency,title_resourse_tips_halloween_currency,Bí ngô,Bí ngô người chết,2026-10-01T06:05,beta,follows-ru
common,nl,title_resourse_tips_halloween_currency,title_resourse_tips_halloween_currency,Pompoenen,Dodemanspompoenen,2026-10-01T06:05,beta,follows-ru
common,ru,reward_type_halloween_currency,reward_type_halloween_currency,Тыквы,Тыквы мертвеца,2026-09-25T10:39,beta,ru-team-edit
common,en,reward_type_halloween_currency,reward_type_halloween_currency,Pumpkins,Dead man's pumpkins,2026-10-01T06:05,beta,follows-ru
common,es,reward_type_halloween_currency,reward_type_halloween_currency,Calabazas,Calabazas del hombre muerto,2026-10-01T06:05,beta,follows-ru
common,fr,reward_type_halloween_currency,reward_type_halloween_currency,Citrouilles,Citrouilles du mort,2026-10-01T06:05,beta,follows-ru
common,pt,reward_type_halloween_currency,reward_type_halloween_currency,Abóboras,Abóboras do Homem Morto,2026-10-01T06:05,beta,follows-ru
common,pl,reward_type_halloween_currency,reward_type_halloween_currency,Dynie,Dynie umarlaka,2026-10-01T06:05,beta,follows-ru
common,de,reward_type_halloween_currency,reward_type_halloween_currency,Kürbisse,Kürbisse des Toten,2026-10-01T06:05,beta,follows-ru
common,it,reward_type_halloween_currency,reward_type_halloween_currency,Zucche,Zucche del morto,2026-10-01T06:05,beta,follows-ru
common,th,reward_type_halloween_currency,reward_type_halloween_currency,ฟักทอง,ฟักทองคนตาย,2026-10-01T06:05,beta,follows-ru
common,id,reward_type_halloween_currency,reward_type_halloween_currency,Labu,Labu Orang Mati,2026-10-01T06:05,beta,follows-ru
common,cn,reward_type_halloween_currency,reward_type_halloween_currency,南瓜,亡者南瓜,2026-10-01T06:05,beta,follows-ru
common,kr,reward_type_halloween_currency,reward_type_halloween_currency,호박,망자의 호박,2026-10-01T06:05,beta,follows-ru
common,jp,reward_type_halloween_currency,reward_type_halloween_currency,カボチャ,死者のカボチャ,2026-10-01T06:05,beta,follows-ru
common,tr,reward_type_halloween_currency,reward_type_halloween_currency,Balkabağı,Ölü Adamın Balkabakları,2026-10-01T06:05,beta,follows-ru
common,vi,reward_type_halloween_currency,reward_type_halloween_currency,Bí ngô,Bí ngô người chết,2026-10-01T06:05,beta,follows-ru
common,nl,reward_type_halloween_currency,reward_type_halloween_currency,Pompoenen,Dodemanspompoenen,2026-10-01T06:05,beta,follows-ru
common,pt,avatar_name_halloween25,avatar_name_halloween25,Abóbora fantasma,Abóbora Fantasma,2026-09-25T10:40,weblate,newer-in-weblate
common,pl,avatar_name_halloween25,avatar_name_halloween25,Duchowa dynia,Widmowa dynia,2026-09-25T10:40,weblate,newer-in-weblate
common,id,avatar_name_halloween25,avatar_name_halloween25,Labu hantu,Labu Hantu,2026-09-25T10:39,weblate,newer-in-weblate
common,tr,avatar_name_halloween25,avatar_name_halloween25,Hayalet balkabağı,Hayalet Balkabağı,2026-09-25T10:41,weblate,newer-in-weblate
common,ru,short_event_description_halloween_convoy_event_spoiler,short_event_description_halloween_convoy_event_spoiler,"Когда дрогнет нужный час, над туманной гаванью поднимается проклятый фрегат «Чёрная Луна».","Когда дрогнет нужный час, над туманной гаванью поднимается проклятый флот Банды Фонарей",2026-09-25T10:39,beta,ru-team-edit
common,en,short_event_description_halloween_convoy_event_spoiler,short_event_description_halloween_convoy_event_spoiler,"When the fated hour strikes, the cursed frigate 'Black Moon' rises above the foggy harbor.","When the appointed hour strikes, the cursed fleet of the Lantern Gang rises over the misty harbor",2026-10-01T06:05,beta,follows-ru
common,es,short_event_description_halloween_convoy_event_spoiler,short_event_description_halloween_convoy_event_spoiler,"Cuando llegue la hora fatídica, el fragata maldito 'Luna Negra' se alza sobre el puerto neblinoso.","Cuando llegue la hora señalada, sobre el puerto brumoso se alza la flota maldita de la Banda de los Faroles",2026-10-01T06:05,beta,follows-ru
common,fr,short_event_description_halloween_convoy_event_spoiler,short_event_description_halloween_convoy_event_spoiler,"Quand l’heure fatidique sonne, la frégate maudite « Lune Noire » surgit au-dessus du port de brume.","Quand sonne l'heure fatidique, la flotte maudite de la Bande des Lanternes s'élève au-dessus du port brumeux",2026-10-01T06:05,beta,follows-ru
common,pt,short_event_description_halloween_convoy_event_spoiler,short_event_description_halloween_convoy_event_spoiler,"Quando bate a hora marcada, a fragata amaldiçoada 'Lua Negra' ergue-se sobre o porto nebuloso.","Quando a hora certa soar, a frota amaldiçoada do Bando das Lanternas ergue-se sobre o porto enevoado",2026-10-01T06:05,beta,follows-ru
common,pl,short_event_description_halloween_convoy_event_spoiler,short_event_description_halloween_convoy_event_spoiler,"Gdy nadejdzie wyznaczona godzina, przeklęta fregata „Czarny Księżyc” wynurza się nad mglistym portem.","Gdy wybije właściwa godzina, nad mglistą przystanią wznosi się przeklęta flota Bandy Latarni",2026-10-01T06:05,beta,follows-ru
common,de,short_event_description_halloween_convoy_event_spoiler,short_event_description_halloween_convoy_event_spoiler,"Wenn die bestimmte Stunde schlägt, erhebt sich die verfluchte Fregatte „Schwarzer Mond“ über den nebligen Hafen.","Wenn die rechte Stunde schlägt, erhebt sich die verfluchte Flotte der Laternenbande über dem nebligen Hafen",2026-10-01T06:05,beta,follows-ru
common,it,short_event_description_halloween_convoy_event_spoiler,short_event_description_halloween_convoy_event_spoiler,"Quando l’ora fatale scocca, la fregata maledetta 'Luna Nera' si alza sopra il porto avvolto nella nebbia.","Quando scocca l'ora stabilita, sul porto nebbioso si leva la flotta maledetta della Banda delle Lanterne",2026-10-01T06:05,beta,follows-ru
common,th,short_event_description_halloween_convoy_event_spoiler,short_event_description_halloween_convoy_event_spoiler,เมื่อเวลาที่กำหนดมาถึง ฟริเกตคำสาป 'พระจันทร์ดำ' โผล่ขึ้นเหนือท่าเรือที่ปกคลุมด้วยหมอก,เมื่อถึงเวลาที่กำหนด กองเรือต้องคำสาปของแก๊งโคมไฟจะผงาดขึ้นเหนือท่าเรือสายหมอก,2026-10-01T06:05,beta,follows-ru
common,id,short_event_description_halloween_convoy_event_spoiler,short_event_description_halloween_convoy_event_spoiler,"Saat waktunya tiba, fregat terkutuk 'Bulan Hitam' muncul di atas pelabuhan berkabut.","Saat waktu yang tepat tiba, armada terkutuk Geng Lentera bangkit di atas pelabuhan berkabut",2026-10-01T06:05,beta,follows-ru
common,cn,short_event_description_halloween_convoy_event_spoiler,short_event_description_halloween_convoy_event_spoiler,当时刻来临，被诅咒的护卫舰“黑月”从迷雾笼罩的港口升起。,当关键时刻来临，被诅咒的灯笼帮舰队将从迷雾笼罩的港口升起,2026-10-01T06:05,beta,follows-ru
common,kr,short_event_description_halloween_convoy_event_spoiler,short_event_description_halloween_convoy_event_spoiler,정해진 시각이 되면 안개 자욱한 항구 위로 저주받은 프리깃 ‘검은 달’이 떠오른다.,"때가 무르익으면, 안개 낀 항구 위로 저주받은 등불단의 함대가 떠오른다",2026-10-01T06:05,beta,follows-ru
common,jp,short_event_description_halloween_convoy_event_spoiler,short_event_description_halloween_convoy_event_spoiler,定められた時が来れば、霧深い港の上に呪われたフリゲート『ブラックムーン』が浮かび上がる。,刻が満ちる時、霧深き港にランタン団の呪われし艦隊が姿を現す,2026-10-01T06:05,beta,follows-ru
common,tr,short_event_description_halloween_convoy_event_spoiler,short_event_description_halloween_convoy_event_spoiler,"Belirlenen saat çaldığında, lanetli fırkateyn 'Kara Ay' sisli limanın üzerinde belirir.","Vakti saati geldiğinde, sisli limanın üstünde Fener Çetesi'nin lanetli filosu yükselir",2026-10-01T06:05,beta,follows-ru
common,vi,short_event_description_halloween_convoy_event_spoiler,short_event_description_halloween_convoy_event_spoiler,"Khi thời khắc định mệnh điểm, tàu chiến bị nguyền 'Mặt Trăng Đen' nổi lên trên cảng mù sương.","Khi thời khắc điểm, trên bến cảng mù sương trỗi dậy hạm đội bị nguyền rủa của Băng Đèn Lồng",2026-10-01T06:05,beta,follows-ru
common,nl,short_event_description_halloween_convoy_event_spoiler,short_event_description_halloween_convoy_event_spoiler,"Wanneer het vastgestelde uur slaakt, verrijst de vervloekte fregat 'Zwarte Maan' boven de mistige haven.","Wanneer het juiste uur aanbreekt, verrijst de vervloekte vloot van de Lantaarnbende boven de mistige haven",2026-10-01T06:05,beta,follows-ru
common,ru,halloween_shop_offer,halloween_shop_offer,Тыквы мертвеца,Тыквы мертвеца для покупки товаров в магазине призраков,2026-09-25T10:39,beta,ru-team-edit
common,en,halloween_shop_offer,halloween_shop_offer,Undead Pumpkins,Dead man's pumpkins for buying items in the ghost shop,2026-10-01T06:05,beta,follows-ru
common,es,halloween_shop_offer,halloween_shop_offer,Calabazas no-muertas,Calabazas del muerto para comprar objetos en la tienda fantasma,2026-10-01T06:05,beta,follows-ru
common,fr,halloween_shop_offer,halloween_shop_offer,Citrouilles mortes-vivantes,Citrouilles du trépassé pour acheter des objets dans la boutique des spectres,2026-10-01T06:05,beta,follows-ru
common,pt,halloween_shop_offer,halloween_shop_offer,Abóboras mortas-vivas,Abóboras do morto para comprar itens na loja de fantasmas,2026-10-01T06:05,beta,follows-ru
common,pl,halloween_shop_offer,halloween_shop_offer,Nieumarłe dynie,Dynie umarlaka do kupowania towarów w sklepie duchów,2026-10-01T06:05,beta,follows-ru
common,de,halloween_shop_offer,halloween_shop_offer,Untote Kürbisse,Kürbisse des Toten zum Kauf von Waren im Geisterladen,2026-10-01T06:05,beta,follows-ru
common,it,halloween_shop_offer,halloween_shop_offer,Zucche non morte,Zucche del morto per acquistare oggetti nel negozio dei fantasmi,2026-10-01T06:05,beta,follows-ru
common,th,halloween_shop_offer,halloween_shop_offer,ฟักทองผีดิบ,ฟักทองคนตายสำหรับซื้อสินค้าในร้านค้าวิญญาณ,2026-10-01T06:05,beta,follows-ru
common,id,halloween_shop_offer,halloween_shop_offer,Labu undead,Labu orang mati untuk membeli barang di toko hantu,2026-10-01T06:05,beta,follows-ru
common,cn,halloween_shop_offer,halloween_shop_offer,亡灵南瓜,死灵南瓜用于在幽灵商店购买商品,2026-10-01T06:05,beta,follows-ru
common,kr,halloween_shop_offer,halloween_shop_offer,언데드 호박,망자의 호박으로 유령 상점에서 아이템 구매,2026-10-01T06:05,beta,follows-ru
common,jp,halloween_shop_offer,halloween_shop_offer,アンデッド・カボチャ,ゴーストショップでアイテムを購入するための死者のカボチャ,2026-10-01T06:05,beta,follows-ru
common,tr,halloween_shop_offer,halloween_shop_offer,Ölümsüz balkabağı,Hayalet dükkânında eşya satın almak için Ölü Adam Balkabakları,2026-10-01T06:05,beta,follows-ru
common,vi,halloween_shop_offer,halloween_shop_offer,Bí ngô bất tử,Bí ngô người chết để mua vật phẩm trong cửa hàng bóng ma,2026-10-01T06:05,beta,follows-ru
common,nl,halloween_shop_offer,halloween_shop_offer,On-dode pompoenen,Dodemanspompoenen om goederen te kopen in de spookwinkel,2026-10-01T06:05,beta,follows-ru
common,ru,halloween_shop_hint,halloween_shop_hint,Тыквы можно заработать сражаясь с бандой фонарей,"Тыквы мертвеца можно получить в боях с флотами Банды Фонарей, в плавающих бочках, при спасении матросов и в бочках ежедневных заданий",2026-09-25T10:39,beta,ru-team-edit
common,en,halloween_shop_hint,halloween_shop_hint,Earn pumpkins by battling the Lantern Gang,"Dead Man's Pumpkins can be obtained in battles with Lantern Gang fleets, in floating barrels, by rescuing sailors, and in daily mission barrels",2026-10-01T06:05,beta,follows-ru
common,es,halloween_shop_hint,halloween_shop_hint,Gana calabazas luchando contra la Banda de Linternas,"Las calabazas de hombre muerto se pueden conseguir en batallas contra flotas de la Banda de los Faroles, en barriles flotantes, al rescatar marineros y en barriles de misiones diarias",2026-10-01T06:05,beta,follows-ru
common,fr,halloween_shop_hint,halloween_shop_hint,Gagnez des citrouilles en combattant le Gang des Lanternes,"Tu peux obtenir des citrouilles du trépassé dans les combats contre les flottes de la Bande des Lanternes, dans les tonneaux flottants, en sauvant des marins et dans les tonneaux des quêtes quotidiennes",2026-10-01T06:05,beta,follows-ru
common,pt,halloween_shop_hint,halloween_shop_hint,Ganhe abóboras enfrentando o Bando das Lanternas,"Abóboras do Morto podem ser obtidas em batalhas contra as frotas do Bando das Lanternas, em barris flutuantes, ao resgatar marinheiros e em barris de missões diárias",2026-10-01T06:05,beta,follows-ru
common,pl,halloween_shop_hint,halloween_shop_hint,"Zdobywaj dynie, walcząc z Gangiem Latarenków","Dynie umarlaka można zdobyć w bitwach z flotami Bandy Latarni, w pływających beczkach, ratując marynarzy i w beczkach z zadań dziennych",2026-10-01T06:05,beta,follows-ru
common,de,halloween_shop_hint,halloween_shop_hint,Verdiene Kürbisse im Kampf gegen die Laternen-Bande,"Kürbisse des Totenmanns erhältst du in Kämpfen gegen Flotten der Laternenbande, in treibenden Fässern, bei der Rettung von Matrosen und in Fässern täglicher Aufgaben",2026-10-01T06:05,beta,follows-ru
common,it,halloween_shop_hint,halloween_shop_hint,Ottieni zucche combattendo la Banda delle Lanterne,"Le zucche del morto si possono ottenere nelle battaglie contro le flotte della Banda delle Lanterne, nei barili galleggianti, salvando marinai e nei barili delle missioni giornaliere",2026-10-01T06:05,beta,follows-ru
common,th,halloween_shop_hint,halloween_shop_hint,รับฟักทองจากการต่อสู้กับแก๊งโคมไฟ,สามารถรับฟักทองคนตายได้จากการต่อสู้กับกองเรือแก๊งโคมไฟ ในถังลอยน้ำ จากการช่วยเหลือกะลาสี และในถังภารกิจประจำวัน,2026-10-01T06:05,beta,follows-ru
common,id,halloween_shop_hint,halloween_shop_hint,Dapatkan labu dengan melawan Geng Lentera,"Labu Mayat bisa didapatkan dari pertempuran melawan armada Geng Lentera, di tong terapung, saat menyelamatkan pelaut, dan di tong misi harian",2026-10-01T06:05,beta,follows-ru
common,cn,halloween_shop_hint,halloween_shop_hint,通过与灯笼帮战斗获得南瓜,亡者南瓜可通过与灯笼帮舰队战斗、漂浮木桶、营救船员和每日任务木桶获得,2026-10-01T06:05,beta,follows-ru
common,kr,halloween_shop_hint,halloween_shop_hint,랜턴 갱과 전투하여 호박을 획득하세요,"죽은 자의 호박은 등불단 함대와의 전투, 떠다니는 통, 선원 구출, 그리고 일일 임무 통에서 획득할 수 있습니다",2026-10-01T06:05,beta,follows-ru
common,jp,halloween_shop_hint,halloween_shop_hint,ランタン一味と戦ってカボチャを手に入れよう,死者のカボチャはランタン団の艦隊との戦闘、漂流樽、船員の救助、デイリーミッションの樽から入手できる,2026-10-01T06:05,beta,follows-ru
common,tr,halloween_shop_hint,halloween_shop_hint,Fener Çetesi'ne karşı savaşarak balkabağı kazan,"Ölü Adamın Balkabakları, Fener Çetesi filolarıyla savaşlarda, yüzen fıçılarda, denizcileri kurtarırken ve günlük görev fıçılarında elde edilebilir",2026-10-01T06:05,beta,follows-ru
common,vi,halloween_shop_hint,halloween_shop_hint,Kiếm bí ngô bằng cách đánh bại Băng Đèn Lồng,"Có thể nhận Bí ngô Người Chết trong các trận chiến với hạm đội của Băng Đèn Lồng, trong các thùng trôi nổi, khi giải cứu thủy thủ và trong thùng nhiệm vụ hàng ngày",2026-10-01T06:05,beta,follows-ru
common,nl,halloween_shop_hint,halloween_shop_hint,Verdien pompoenen door te vechten tegen de Lantaarnbende,"Dodemanspompoenen kun je krijgen in gevechten met vloten van de Lantaarnbende, in drijvende vaten, bij het redden van matrozen en in vaten van dagelijkse opdrachten",2026-10-01T06:05,beta,follows-ru
common,en,button_captain_summon,button_captain_summon,Captains Search,Captain Search,2026-10-06T12:07,weblate,newer-in-weblate
common,en,short_event_name_bp_captain,short_event_name_bp_captain,New captain,New Captain,2026-10-06T12:07,weblate,newer-in-weblate
common,ru,bp_captain_end_text,bp_captain_end_text,Событие открытия капитана Ленор де Гласваль завершено. Теперь её карточки можно найти в поиске капитанов.,Событие открытия капитана Ленор де Гласваль завершен. Теперь её карточки можно найти в поиске капитанов.,2026-08-16T05:36,beta,ru-team-edit
common,ru,bp_captain_announcement_description,bp_captain_announcement_description,"Слухи не врали! В наши воды прибыла мрачная Ленор де Гласваль.
Собери её запечатанные души, и ты получишь достойную награду и верность нового капитана.","Поселение Малики Деломбр погибает от загадочной болезни! Добывай печати, запусти ритуал и спаси жителей болот. В награду заслужишь доверие Малики!",2026-10-06T08:38,beta,ru-team-edit
common,en,bp_captain_announcement_description,bp_captain_announcement_description,"The rumors were true! The grim Lenore de Glasval has arrived in our waters.
Collect her sealed souls, and you shall earn a worthy reward and the loyalty of a new captain.","Malika Delombre's settlement is dying of a mysterious illness! Collect seals, perform the ritual, and save the swamp folk. Earn Malika's trust as a reward!",2026-10-06T08:38,beta,follows-ru
common,es,bp_captain_announcement_description,bp_captain_announcement_description,"¡Los rumores no mentían! La sombría Lenore de Glasval ha llegado a nuestras aguas.
Recolecta sus almas selladas, y obtendrás una recompensa digna y la lealtad de un nuevo capitán.","¡El asentamiento de Malika Delombre sucumbe ante una misteriosa enfermedad! Consigue sellos, inicia el ritual y salva a los habitantes del pantano. ¡Como recompensa, ganarás la confianza de Malika!",2026-10-06T08:38,beta,follows-ru
common,fr,bp_captain_announcement_description,bp_captain_announcement_description,"Les rumeurs ne mentaient pas ! La sinistre Lenore de Glasval est arrivée dans nos eaux.
Collecte ses âmes scellées, et tu gagneras une récompense digne et la loyauté d'un nouveau capitaine.","La colonie de Malika Delombre succombe à une mystérieuse maladie ! Récupère des sceaux, lance le rituel et sauve les habitants des marais. En récompense, tu gagneras la confiance de Malika !",2026-10-06T08:38,beta,follows-ru
common,pt,bp_captain_announcement_description,bp_captain_announcement_description,"Os rumores eram verdadeiros! A sombria Lenore de Glasval chegou às nossas águas.
Colete suas almas seladas, e você ganhará uma recompensa digna e a lealdade de um novo capitão.","O povoado de Malika Delombre está sucumbindo a uma misteriosa doença! Obtenha selos, inicie o ritual e salve os habitantes do pântano. Como recompensa, você conquistará a confiança de Malika!",2026-10-06T08:38,beta,follows-ru
common,pl,bp_captain_announcement_description,bp_captain_announcement_description,"Plotki nie kłamały! Mroczna Lenore de Glasval przybyła do naszych wód.
Zbierz jej zapieczętowane dusze, a zdobędziesz godną nagrodę i lojalność nowego kapitana.","Osada Maliki Delombre ginie z powodu tajemniczej choroby! Zdobywaj pieczęcie, rozpocznij rytuał i ocal mieszkańców bagien. W nagrodę zasłużysz na zaufanie Maliki!",2026-10-06T08:38,beta,follows-ru
common,de,bp_captain_announcement_description,bp_captain_announcement_description,"Die Gerüchte stimmten! Die düstere Lenore de Glasval ist in unseren Gewässern eingetroffen.
Sammle ihre versiegelten Seelen, und du wirst eine würdige Belohnung und die Loyalität eines neuen Kapitäns erhalten.","Die Siedlung von Malika Delombre geht an einer mysteriösen Krankheit zugrunde! Sammle Siegel, starte das Ritual und rette die Sumpfbewohner. Als Belohnung verdienst du dir Malikas Vertrauen!",2026-10-06T08:38,beta,follows-ru
common,it,bp_captain_announcement_description,bp_captain_announcement_description,"Le voci non mentivano! La lugubre Lenore de Glasval è arrivata nelle nostre acque.
Raccogli le sue anime sigillate, e otterrai una ricompensa degna e la lealtà di un nuovo capitano.","L'insediamento di Malika Delombre sta morendo a causa di una misteriosa malattia! Raccogli i sigilli, avvia il rituale e salva gli abitanti delle paludi. Come ricompensa ti guadagnerai la fiducia di Malika!",2026-10-06T08:38,beta,follows-ru
common,th,bp_captain_announcement_description,bp_captain_announcement_description,"ข่าวลือเป็นความจริง! เลนอร์ เดอ กลาสวาลผู้มืดมนมาถึงน่านน้ำของเราแล้ว
รวบรวมวิญญาณผนึกของเธอ แล้วคุณจะได้รับรางวัลคู่ควรและความจงรักภักดีจากกัปตันใหม่",หมู่บ้านของมาลิกา เดอลอมบร์ กำลังพินาศจากโรคลึกลับ! รวบรวมตราประทับ เริ่มพิธีกรรม และช่วยเหลือชาวหนองน้ำ แล้วคุณจะได้รับความไว้วางใจจากมาลิกาเป็นรางวัล!,2026-10-06T08:38,beta,follows-ru
common,id,bp_captain_announcement_description,bp_captain_announcement_description,"Rumor itu benar! Lenore de Glasval yang suram telah tiba di perairan kita.
Kumpulkan jiwa tersegelnya, dan kamu akan mendapat hadiah yang layak dan kesetiaan kapten baru.","Permukiman Malika Delombre sekarat akibat penyakit misterius! Kumpulkan segel, mulai ritualnya, dan selamatkan penduduk rawa. Sebagai hadiah, kamu akan meraih kepercayaan Malika!",2026-10-06T08:38,beta,follows-ru
common,cn,bp_captain_announcement_description,bp_captain_announcement_description,"传闻属实！阴郁的莱诺·德·格拉斯瓦尔已抵达我们的海域。
收集她的封印灵魂，你将获得丰厚的奖励以及新船长的忠诚。",马利基·德隆布尔的村庄正因神秘疾病而消亡！收集印记，启动仪式，拯救沼泽居民。作为奖励，你将赢得马利基的信任！,2026-10-06T08:38,beta,follows-ru
common,kr,bp_captain_announcement_description,bp_captain_announcement_description,"소문은 사실이었습니다! 음침한 레노어 드 글라스발이 우리 해역에 도착했습니다.
그녀의 봉인된 영혼을 모으면, 값진 보상과 새로운 선장의 충성을 얻게 될 것입니다.",말리키 델롬브의 마을이 신비한 질병으로 멸망 위기에 처했다! 인장을 모아 의식을 시작하고 습지 주민들을 구하라. 보상으로 말리키의 신뢰를 얻을 것이다!,2026-10-06T08:38,beta,follows-ru
common,jp,bp_captain_announcement_description,bp_captain_announcement_description,"噂は本当だった！陰鬱なレノア・デ・グラスヴァルが我々の海域に到着した。
彼女の封印された魂を集めれば、相応の報酬と新しい船長の忠誠が得られるだろう。",マリカ・デロンブルの集落が謎の病で滅びかけている！印章を集めて儀式を開始し、湿地の住民を救え。報酬としてマリカの信頼を勝ち取れ！,2026-10-06T08:38,beta,follows-ru
common,tr,bp_captain_announcement_description,bp_captain_announcement_description,"Söylentiler doğruymuş! Kasvetli Lenore de Glasval sularımıza ulaştı.
Mühürlenmiş ruhlarını topla, ve layık bir ödül ile yeni kaptanın sadakatin kazan.","Malika Delombre'un yerleşimi gizemli bir hastalık yüzünden yok oluyor! Mühürleri topla, ritüeli başlat ve bataklık sakinlerini kurtar. Ödül olarak Malika'nın güvenini kazanacaksın!",2026-10-06T08:38,beta,follows-ru
common,vi,bp_captain_announcement_description,bp_captain_announcement_description,"Tin đồn là thật! Lenore de Glasval u ám đã đến vùng biển của chúng ta.
Thu thập linh hồn phong ấn của cô ta, và bạn sẽ nhận được phần thưởng xứng đáng cùng lòng trung thành của thuyền trưởng mới.","Khu định cư của Malika Delombre đang chết dần vì một căn bệnh bí ẩn! Hãy thu thập phong ấn, bắt đầu nghi lễ và cứu cư dân đầm lầy. Bạn sẽ giành được sự tin tưởng của Malika làm phần thưởng!",2026-10-06T08:39,beta,follows-ru
common,nl,bp_captain_announcement_description,bp_captain_announcement_description,"De geruchten waren waar! De sombere Lenore de Glasval is in onze wateren aangekomen.
Verzamel haar verzegelde zielen, en je verdient een waardige beloning en de trouw van een nieuwe kapitein.","De nederzetting van Malika Delombre bezwijkt aan een mysterieuze ziekte! Verzamel zegels, start het ritueel en red de moerasbewoners. Als beloning verdien je het vertrouwen van Malika!",2026-10-06T08:38,beta,follows-ru
common,ru,short_event_name_cumulative_offer_happy_hard,short_event_name_cumulative_offer_happy_hard,Праздничное предложение,Предложение,2026-09-26T13:39,beta,ru-team-edit
common,en,short_event_name_cumulative_offer_happy_hard,short_event_name_cumulative_offer_happy_hard,Special Offer,Offer,2026-10-01T06:05,beta,follows-ru
common,es,short_event_name_cumulative_offer_happy_hard,short_event_name_cumulative_offer_happy_hard,Oferta especial,Oferta,2026-10-01T06:05,beta,follows-ru
common,fr,short_event_name_cumulative_offer_happy_hard,short_event_name_cumulative_offer_happy_hard,Offre spéciale,Offre,2026-10-01T06:05,beta,follows-ru
common,pt,short_event_name_cumulative_offer_happy_hard,short_event_name_cumulative_offer_happy_hard,Oferta especial,Oferta,2026-10-01T06:05,beta,follows-ru
common,pl,short_event_name_cumulative_offer_happy_hard,short_event_name_cumulative_offer_happy_hard,Oferta specjalna,Oferta,2026-10-01T06:05,beta,follows-ru
common,de,short_event_name_cumulative_offer_happy_hard,short_event_name_cumulative_offer_happy_hard,Sonderangebot,Angebot,2026-10-01T06:05,beta,follows-ru
common,it,short_event_name_cumulative_offer_happy_hard,short_event_name_cumulative_offer_happy_hard,Offerta speciale,Offerta,2026-10-01T06:05,beta,follows-ru
common,th,short_event_name_cumulative_offer_happy_hard,short_event_name_cumulative_offer_happy_hard,ข้อเสนอพิเศษ,ข้อเสนอ,2026-10-01T06:05,beta,follows-ru
common,id,short_event_name_cumulative_offer_happy_hard,short_event_name_cumulative_offer_happy_hard,Penawaran Spesial,Penawaran,2026-10-01T06:05,beta,follows-ru
common,cn,short_event_name_cumulative_offer_happy_hard,short_event_name_cumulative_offer_happy_hard,特别优惠,特惠礼包,2026-10-01T06:05,beta,follows-ru
common,kr,short_event_name_cumulative_offer_happy_hard,short_event_name_cumulative_offer_happy_hard,특별 상품,제안,2026-10-01T06:05,beta,follows-ru
common,jp,short_event_name_cumulative_offer_happy_hard,short_event_name_cumulative_offer_happy_hard,スペシャルオファー,オファー,2026-10-01T06:05,beta,follows-ru
common,tr,short_event_name_cumulative_offer_happy_hard,short_event_name_cumulative_offer_happy_hard,Özel Teklif,Teklif,2026-10-01T06:05,beta,follows-ru
common,vi,short_event_name_cumulative_offer_happy_hard,short_event_name_cumulative_offer_happy_hard,Ưu đãi đặc biệt,Ưu đãi,2026-10-01T06:05,beta,follows-ru
common,nl,short_event_name_cumulative_offer_happy_hard,short_event_name_cumulative_offer_happy_hard,Speciale aanbieding,Aanbieding,2026-10-01T06:05,beta,follows-ru
common,ru,dialog_cumulative_offer_shop_card_title_happy,dialog_cumulative_offer_shop_card_title_happy,Успей получить награды с выгодой!,предложение,2026-09-26T13:39,beta,ru-team-edit
common,en,dialog_cumulative_offer_shop_card_title_happy,dialog_cumulative_offer_shop_card_title_happy,Claim rewards at a great value!,Offer,2026-10-01T06:05,beta,follows-ru
common,es,dialog_cumulative_offer_shop_card_title_happy,dialog_cumulative_offer_shop_card_title_happy,¡Consigue recompensas con grandes descuentos!,Oferta,2026-10-01T06:05,beta,follows-ru
common,fr,dialog_cumulative_offer_shop_card_title_happy,dialog_cumulative_offer_shop_card_title_happy,Obtenez des récompenses à prix avantageux !,Offre,2026-10-01T06:05,beta,follows-ru
common,pt,dialog_cumulative_offer_shop_card_title_happy,dialog_cumulative_offer_shop_card_title_happy,Aproveite recompensas com grandes descontos!,oferta,2026-10-01T06:05,beta,follows-ru
common,pl,dialog_cumulative_offer_shop_card_title_happy,dialog_cumulative_offer_shop_card_title_happy,Zdobądź nagrody w świetnej cenie!,oferta,2026-10-01T06:05,beta,follows-ru
common,de,dialog_cumulative_offer_shop_card_title_happy,dialog_cumulative_offer_shop_card_title_happy,Sichere dir Belohnungen zum Vorteilspreis!,Angebot,2026-10-01T06:05,beta,follows-ru
common,it,dialog_cumulative_offer_shop_card_title_happy,dialog_cumulative_offer_shop_card_title_happy,Ottieni ricompense a prezzo vantaggioso!,offerta,2026-10-01T06:05,beta,follows-ru
common,th,dialog_cumulative_offer_shop_card_title_happy,dialog_cumulative_offer_shop_card_title_happy,รับรางวัลสุดคุ้มได้ทันเวลา!,ข้อเสนอ,2026-10-01T06:05,beta,follows-ru
common,id,dialog_cumulative_offer_shop_card_title_happy,dialog_cumulative_offer_shop_card_title_happy,Dapatkan hadiah dengan harga terbaik!,penawaran,2026-10-01T06:05,beta,follows-ru
common,cn,dialog_cumulative_offer_shop_card_title_happy,dialog_cumulative_offer_shop_card_title_happy,超值领取奖励！,特惠礼包！,2026-10-01T06:05,beta,follows-ru
common,kr,dialog_cumulative_offer_shop_card_title_happy,dialog_cumulative_offer_shop_card_title_happy,특별한 혜택으로 보상을 획득하세요!,제안,2026-10-01T06:05,beta,follows-ru
common,jp,dialog_cumulative_offer_shop_card_title_happy,dialog_cumulative_offer_shop_card_title_happy,お得に報酬を手に入れよう！,オファー,2026-10-01T06:05,beta,follows-ru
common,tr,dialog_cumulative_offer_shop_card_title_happy,dialog_cumulative_offer_shop_card_title_happy,Ödülleri avantajlı şekilde al!,teklif,2026-10-01T06:05,beta,follows-ru
common,vi,dialog_cumulative_offer_shop_card_title_happy,dialog_cumulative_offer_shop_card_title_happy,Nhận phần thưởng với ưu đãi hấp dẫn!,ưu đãi,2026-10-01T06:05,beta,follows-ru
common,nl,dialog_cumulative_offer_shop_card_title_happy,dialog_cumulative_offer_shop_card_title_happy,Pak voordelige beloningen!,aanbieding,2026-10-01T06:05,beta,follows-ru
common,en,description_resourse_tips_short_event_premium,description_resourse_tips_short_event_premium,Unlocks access to all Code rewards,Unlocks access to all Codex rewards,2026-10-06T12:07,weblate,newer-in-weblate
common,en,loading_screen_long_tip_5,loading_screen_long_tip_5,"Sailors, captains, and gear can play different roles — damage dealers, defense, or support. Victory depends on maintaining a smart balance between them.","Sailors, captains, and gear can play different roles — damage dealers, defense, or support. Victory depends on maintaining a smart balance between them ",2026-10-06T12:07,weblate,cleanup
common,es,loading_screen_long_tip_5,loading_screen_long_tip_5,"Los marineros, capitanes y equipo pueden desempeñar diferentes roles: causar daño, defender o apoyar. La victoria depende de mantener un equilibrio inteligente entre ellos.","Los marineros, capitanes y equipo pueden desempeñar diferentes roles: causar daño, defender o apoyar. La victoria depende de mantener un equilibrio inteligente entre ellos ",2026-10-06T12:07,weblate,cleanup
common,fr,loading_screen_long_tip_5,loading_screen_long_tip_5,"Les marins, capitaines et équipements peuvent remplir différents rôles — dégâts, défense ou soutien. La victoire dépend d’un équilibre intelligent entre eux.","Les marins, capitaines et équipements peuvent remplir différents rôles — dégâts, défense ou soutien. La victoire dépend d’un équilibre intelligent entre eux ",2026-10-06T12:07,weblate,cleanup
common,pt,loading_screen_long_tip_5,loading_screen_long_tip_5,"Marinheiros, capitães e equipamentos podem exercer diferentes papéis — causar dano, defender ou dar suporte. A vitória depende de manter um equilíbrio inteligente entre eles.","Marinheiros, capitães e equipamentos podem exercer diferentes papéis — causar dano, defender ou dar suporte. A vitória depende de manter um equilíbrio inteligente entre eles ",2026-10-06T12:08,weblate,cleanup
common,pl,loading_screen_long_tip_5,loading_screen_long_tip_5,"Marynarze, kapitanowie i wyposażenie mogą pełnić różne role — zadawania obrażeń, obrony lub wsparcia. Zwycięstwo zależy od mądrego utrzymania równowagi między nimi.","Marynarze, kapitanowie i wyposażenie mogą pełnić różne role — zadawania obrażeń, obrony lub wsparcia. Zwycięstwo zależy od mądrego utrzymania równowagi między nimi ",2026-10-06T12:08,weblate,cleanup
common,de,loading_screen_long_tip_5,loading_screen_long_tip_5,"Matrosen, Kapitäne und Ausrüstung können verschiedene Rollen einnehmen — Schaden austeilen, verteidigen oder unterstützen. Der Sieg hängt von einem klugen Gleichgewicht zwischen ihnen ab.","Matrosen, Kapitäne und Ausrüstung können verschiedene Rollen einnehmen — Schaden austeilen, verteidigen oder unterstützen. Der Sieg hängt von einem klugen Gleichgewicht zwischen ihnen ab ",2026-10-06T12:07,weblate,cleanup
common,it,loading_screen_long_tip_5,loading_screen_long_tip_5,"Marinai, capitani e equipaggiamento possono svolgere ruoli diversi — assalto, difesa o supporto. La vittoria dipende dal mantenere un equilibrio intelligente tra questi ruoli.","Marinai, capitani e equipaggiamento possono svolgere ruoli diversi — assalto, difesa o supporto. La vittoria dipende dal mantenere un equilibrio intelligente tra questi ruoli ",2026-10-06T12:07,weblate,cleanup
common,th,loading_screen_long_tip_5,loading_screen_long_tip_5,ลูกเรือ กัปตัน และอุปกรณ์ มีบทบาทที่แตกต่างกัน เช่น ทำดาเมจ ป้องกัน หรือสนับสนุน ชัยชนะขึ้นอยู่กับการรักษาสมดุลที่ชาญฉลาดระหว่างพวกเขา,ลูกเรือ กัปตัน และอุปกรณ์ มีบทบาทที่แตกต่างกัน เช่น ทำดาเมจ ป้องกัน หรือสนับสนุน ชัยชนะขึ้นอยู่กับการรักษาสมดุลที่ชาญฉลาดระหว่างพวกเขา ,2026-10-06T12:08,weblate,cleanup
common,id,loading_screen_long_tip_5,loading_screen_long_tip_5,"Pelaut, kapten, dan perlengkapan dapat memainkan peran berbeda — penyerang, bertahan, atau mendukung. Kemenangan bergantung pada keseimbangan cerdas di antara mereka.","Pelaut, kapten, dan perlengkapan dapat memainkan peran berbeda — penyerang, bertahan, atau mendukung. Kemenangan bergantung pada keseimbangan cerdas di antara mereka ",2026-10-06T12:07,weblate,cleanup
common,cn,loading_screen_long_tip_5,loading_screen_long_tip_5,水手、船长和装备可以扮演不同的角色——输出、防御或辅助。胜利取决于在他们之间保持合理平衡。,水手、船长和装备可以扮演不同的角色——输出、防御或辅助。胜利取决于在他们之间保持合理平衡。 ,2026-10-06T12:07,weblate,cleanup
common,kr,loading_screen_long_tip_5,loading_screen_long_tip_5,"선원, 선장, 장비는 각각 공격, 방어, 지원 등 다양한 역할을 할 수 있습니다. 승리는 이들 간의 현명한 균형에 달려 있습니다.","선원, 선장, 장비는 각각 공격, 방어, 지원 등 다양한 역할을 할 수 있습니다. 승리는 이들 간의 현명한 균형에 달려 있습니다 ",2026-10-06T12:08,weblate,cleanup
common,jp,loading_screen_long_tip_5,loading_screen_long_tip_5,乗組員、キャプテン、装備はダメージディーラー、防御、サポートなどさまざまな役割を担えます。勝利にはそれぞれのバランスをうまく取ることが重要です。,乗組員、キャプテン、装備はダメージディーラー、防御、サポートなどさまざまな役割を担えます。勝利にはそれぞれのバランスをうまく取ることが重要です。 ,2026-10-06T12:08,weblate,cleanup
common,tr,loading_screen_long_tip_5,loading_screen_long_tip_5,"Denizciler, kaptanlar ve malzemeler farklı roller üstlenebilir — hasar verme, savunma ya da destek. Zafer, aralarındaki akıllı dengeye bağlıdır.","Denizciler, kaptanlar ve malzemeler farklı roller üstlenebilir — hasar verme, savunma ya da destek. Zafer, aralarındaki akıllı dengeye bağlıdır ",2026-10-06T12:08,weblate,cleanup
common,vi,loading_screen_long_tip_5,loading_screen_long_tip_5,"Thuỷ thủ, thuyền trưởng và trang bị có thể đóng nhiều vai trò khác nhau — gây sát thương, phòng thủ hoặc hỗ trợ. Chiến thắng phụ thuộc vào việc duy trì cân bằng thông minh giữa chúng","Thuỷ thủ, thuyền trưởng và trang bị có thể đóng nhiều vai trò khác nhau — gây sát thương, phòng thủ hoặc hỗ trợ. Chiến thắng phụ thuộc vào việc duy trì cân bằng thông minh giữa chúng ",2026-10-06T12:08,weblate,cleanup
common,nl,loading_screen_long_tip_5,loading_screen_long_tip_5,"Bemanningsleden, kapiteins en uitrusting kunnen verschillende rollen vervullen — schade doen, verdedigen of ondersteunen. Overwinning hangt af van een slimme balans hiertussen.","Bemanningsleden, kapiteins en uitrusting kunnen verschillende rollen vervullen — schade doen, verdedigen of ondersteunen. Overwinning hangt af van een slimme balans hiertussen ",2026-10-06T12:08,weblate,cleanup
common,en,ability_description_cannon_anti_projectile_auto_fire,ability_description_cannon_anti_projectile_auto_fire,"When Cannoneers are lost, the ""Air Hunter"" retains the ability to fire, but with a 4 times reduced rate of fire.","When Cannoneers are lost, the ""Air Hunter"" retains the ability to fire, but with a 4 times reduced rate of fire",2026-10-06T12:07,weblate,cleanup
common,es,ability_description_cannon_anti_projectile_auto_fire,ability_description_cannon_anti_projectile_auto_fire,"Al perder Cañoneros, el ""Cazador Aéreo"" conserva la capacidad de disparar, pero con una cadencia de fuego reducida 4 veces.","Al perder Cañoneros, el ""Cazador Aéreo"" conserva la capacidad de disparar, pero con una cadencia de fuego reducida 4 veces",2026-10-06T12:07,weblate,cleanup
common,fr,ability_description_cannon_anti_projectile_auto_fire,ability_description_cannon_anti_projectile_auto_fire,"Lorsque les Canonniers sont perdus, le « Chasseur Aérien » conserve sa capacité de tir, mais avec une cadence de tir réduite de 4 fois.","Lorsque les Canonniers sont perdus, le « Chasseur Aérien » conserve sa capacité de tir, mais avec une cadence de tir réduite de 4 fois",2026-10-06T12:07,weblate,cleanup
common,pt,ability_description_cannon_anti_projectile_auto_fire,ability_description_cannon_anti_projectile_auto_fire,"Ao perder os Canhoneiros, o ""Caçador Aéreo"" mantém a capacidade de disparar, mas com uma cadência de tiro 4 vezes menor.","Ao perder os Canhoneiros, o ""Caçador Aéreo"" mantém a capacidade de disparar, mas com uma cadência de tiro 4 vezes menor",2026-10-06T12:08,weblate,cleanup
common,pl,ability_description_cannon_anti_projectile_auto_fire,ability_description_cannon_anti_projectile_auto_fire,"Po utracie Kanonierów, ""Powietrzny Myśliwy"" zachowuje zdolność strzelania, ale z 4-krotnie zmniejszoną szybkostrzelnością.","Po utracie Kanonierów, ""Powietrzny Myśliwy"" zachowuje zdolność strzelania, ale z 4-krotnie zmniejszoną szybkostrzelnością",2026-10-06T12:08,weblate,cleanup
common,de,ability_description_cannon_anti_projectile_auto_fire,ability_description_cannon_anti_projectile_auto_fire,"Wenn die Kanoniere verloren gehen, behält der ""Luftjäger"" seine Schussfähigkeit, jedoch mit 4-fach reduzierter Feuerrate.","Wenn die Kanoniere verloren gehen, behält der ""Luftjäger"" seine Schussfähigkeit, jedoch mit 4-fach reduzierter Feuerrate",2026-10-06T12:07,weblate,cleanup
common,it,ability_description_cannon_anti_projectile_auto_fire,ability_description_cannon_anti_projectile_auto_fire,"Quando i Cannonieri vengono persi, il ""Cacciatore Aereo"" mantiene la capacità di sparare, ma con una cadenza di fuoco ridotta di 4 volte.","Quando i Cannonieri vengono persi, il ""Cacciatore Aereo"" mantiene la capacità di sparare, ma con una cadenza di fuoco ridotta di 4 volte",2026-10-06T12:07,weblate,cleanup
common,id,ability_description_cannon_anti_projectile_auto_fire,ability_description_cannon_anti_projectile_auto_fire,"Saat Kanonir hilang, ""Pemburu Udara"" tetap dapat menembak, tetapi dengan kecepatan tembak yang berkurang 4 kali lipat.","Saat Kanonir hilang, ""Pemburu Udara"" tetap dapat menembak, tetapi dengan kecepatan tembak yang berkurang 4 kali lipat",2026-10-06T12:07,weblate,cleanup
common,kr,ability_description_cannon_anti_projectile_auto_fire,ability_description_cannon_anti_projectile_auto_fire,"캐노니어를 잃으면 ""에어 헌터""는 발사 능력을 유지하지만, 발사 속도가 4배 감소합니다.","캐노니어를 잃으면 ""에어 헌터""는 발사 능력을 유지하지만, 발사 속도가 4배 감소합니다",2026-10-06T12:08,weblate,cleanup
common,tr,ability_description_cannon_anti_projectile_auto_fire,ability_description_cannon_anti_projectile_auto_fire,"Topçular kaybedildiğinde, ""Hava Avcısı"" ateş etme yeteneğini korur, ancak ateş hızı 4 kat azalır.","Topçular kaybedildiğinde, ""Hava Avcısı"" ateş etme yeteneğini korur, ancak ateş hızı 4 kat azalır",2026-10-06T12:08,weblate,cleanup
common,vi,ability_description_cannon_anti_projectile_auto_fire,ability_description_cannon_anti_projectile_auto_fire,"Khi mất Pháo thủ, ""Thợ săn trên không"" vẫn giữ khả năng bắn, nhưng với tốc độ bắn giảm đi 4 lần.","Khi mất Pháo thủ, ""Thợ săn trên không"" vẫn giữ khả năng bắn, nhưng với tốc độ bắn giảm đi 4 lần",2026-10-06T12:08,weblate,cleanup
common,nl,ability_description_cannon_anti_projectile_auto_fire,ability_description_cannon_anti_projectile_auto_fire,"Wanneer Kanonniers verloren gaan, behoudt de ""Luchthunter"" zijn vuurcapaciteit, maar met een 4 keer lagere vuursnelheid.","Wanneer Kanonniers verloren gaan, behoudt de ""Luchthunter"" zijn vuurcapaciteit, maar met een 4 keer lagere vuursnelheid",2026-10-06T12:08,weblate,cleanup
common,es,clan_level,clan_level,{0} Nivel.,{0} Nivel,2026-10-06T12:07,weblate,cleanup
common,en,clans_error_rejoin_cooldown,clans_error_rejoin_cooldown,You can rejoin a clan in {0}.,You can rejoin a clan in {0},2026-10-06T12:07,weblate,cleanup
common,es,clans_error_rejoin_cooldown,clans_error_rejoin_cooldown,Podrás volver a unirte a un clan en {0}.,Podrás volver a unirte a un clan en {0},2026-10-06T12:07,weblate,cleanup
common,fr,clans_error_rejoin_cooldown,clans_error_rejoin_cooldown,Vous pourrez rejoindre un clan à nouveau dans {0}.,Vous pourrez rejoindre un clan à nouveau dans {0},2026-10-06T12:07,weblate,cleanup
common,pt,clans_error_rejoin_cooldown,clans_error_rejoin_cooldown,Você poderá entrar em um clã novamente em {0}.,Você poderá entrar em um clã novamente em {0},2026-10-06T12:08,weblate,cleanup
common,pl,clans_error_rejoin_cooldown,clans_error_rejoin_cooldown,Do klanu będzie można dołączyć ponownie za {0}.,Do klanu będzie można dołączyć ponownie za {0},2026-10-06T12:08,weblate,cleanup
common,de,clans_error_rejoin_cooldown,clans_error_rejoin_cooldown,Du kannst einem Clan in {0} wieder beitreten.,Du kannst einem Clan in {0} wieder beitreten,2026-10-06T12:07,weblate,cleanup
common,it,clans_error_rejoin_cooldown,clans_error_rejoin_cooldown,Potrai unirti di nuovo a un clan tra {0}.,Potrai unirti di nuovo a un clan tra {0},2026-10-06T12:07,weblate,cleanup
common,id,clans_error_rejoin_cooldown,clans_error_rejoin_cooldown,Kamu dapat bergabung kembali dengan klan dalam {0}.,Kamu dapat bergabung kembali dengan klan dalam {0},2026-10-06T12:07,weblate,cleanup
common,kr,clans_error_rejoin_cooldown,clans_error_rejoin_cooldown,{0} 후에 다시 클랜에 가입할 수 있습니다.,{0} 후에 다시 클랜에 가입할 수 있습니다,2026-10-06T12:08,weblate,cleanup
common,tr,clans_error_rejoin_cooldown,clans_error_rejoin_cooldown,{0} sonra tekrar bir klana katılabilirsin.,{0} sonra tekrar bir klana katılabilirsin,2026-10-06T12:08,weblate,cleanup
common,vi,clans_error_rejoin_cooldown,clans_error_rejoin_cooldown,Bạn có thể tham gia lại bang hội sau {0}.,Bạn có thể tham gia lại bang hội sau {0},2026-10-06T12:08,weblate,cleanup
common,nl,clans_error_rejoin_cooldown,clans_error_rejoin_cooldown,Je kunt over {0} opnieuw lid worden van een clan.,Je kunt over {0} opnieuw lid worden van een clan,2026-10-06T12:08,weblate,cleanup
common,en,description_resourse_tips_clan_activity_points,description_resourse_tips_clan_activity_points,A measure of clan activity. All points earned by clan members are added to the Clan Chest.,A measure of clan activity. All points earned by clan members are added to the Clan Chest,2026-10-06T12:07,weblate,cleanup
common,es,description_resourse_tips_clan_activity_points,description_resourse_tips_clan_activity_points,Indicador de la actividad del clan. Todos los puntos obtenidos por los miembros del clan se añaden al Cofre del Clan.,Indicador de la actividad del clan. Todos los puntos obtenidos por los miembros del clan se añaden al Cofre del Clan,2026-10-06T12:07,weblate,cleanup
common,fr,description_resourse_tips_clan_activity_points,description_resourse_tips_clan_activity_points,Indicateur de l'activité du clan. Tous les points gagnés par les membres du clan sont ajoutés au Coffre de clan.,Indicateur de l'activité du clan. Tous les points gagnés par les membres du clan sont ajoutés au Coffre de clan,2026-10-06T12:07,weblate,cleanup
common,pt,description_resourse_tips_clan_activity_points,description_resourse_tips_clan_activity_points,Indicador da atividade do clã. Todos os pontos obtidos pelos membros do clã são adicionados ao Baú do Clã.,Indicador da atividade do clã. Todos os pontos obtidos pelos membros do clã são adicionados ao Baú do Clã,2026-10-06T12:08,weblate,cleanup
common,pl,description_resourse_tips_clan_activity_points,description_resourse_tips_clan_activity_points,Wskaźnik aktywności klanu. Wszystkie punkty zdobyte przez członków klanu trafiają do Skrzyni Klanu.,Wskaźnik aktywności klanu. Wszystkie punkty zdobyte przez członków klanu trafiają do Skrzyni Klanu,2026-10-06T12:08,weblate,cleanup
common,de,description_resourse_tips_clan_activity_points,description_resourse_tips_clan_activity_points,Ein Maß für die Clanaktivität. Alle von Clanmitgliedern verdienten Punkte werden der Clankiste hinzugefügt.,Ein Maß für die Clanaktivität. Alle von Clanmitgliedern verdienten Punkte werden der Clankiste hinzugefügt,2026-10-06T12:07,weblate,cleanup
common,it,description_resourse_tips_clan_activity_points,description_resourse_tips_clan_activity_points,Indicatore dell'attività del clan. Tutti i punti ottenuti dai membri del clan vengono aggiunti al Forziere del Clan.,Indicatore dell'attività del clan. Tutti i punti ottenuti dai membri del clan vengono aggiunti al Forziere del Clan,2026-10-06T12:07,weblate,cleanup
common,id,description_resourse_tips_clan_activity_points,description_resourse_tips_clan_activity_points,Ukuran aktivitas klan. Semua poin yang diperoleh anggota klan akan ditambahkan ke Peti Klan.,Ukuran aktivitas klan. Semua poin yang diperoleh anggota klan akan ditambahkan ke Peti Klan,2026-10-06T12:07,weblate,cleanup
common,kr,description_resourse_tips_clan_activity_points,description_resourse_tips_clan_activity_points,클랜 활동 지표입니다. 클랜원이 획득한 모든 포인트는 클랜 상자에 추가됩니다.,클랜 활동 지표입니다. 클랜원이 획득한 모든 포인트는 클랜 상자에 추가됩니다,2026-10-06T12:08,weblate,cleanup
common,tr,description_resourse_tips_clan_activity_points,description_resourse_tips_clan_activity_points,Klan etkinliğinin göstergesidir. Klan üyelerinin kazandığı tüm puanlar Klan Sandığına eklenir.,Klan etkinliğinin göstergesidir. Klan üyelerinin kazandığı tüm puanlar Klan Sandığına eklenir,2026-10-06T12:08,weblate,cleanup
common,vi,description_resourse_tips_clan_activity_points,description_resourse_tips_clan_activity_points,Chỉ số hoạt động của bang hội. Mọi điểm do thành viên bang hội kiếm được sẽ được thêm vào Rương Bang Hội.,Chỉ số hoạt động của bang hội. Mọi điểm do thành viên bang hội kiếm được sẽ được thêm vào Rương Bang Hội,2026-10-06T12:08,weblate,cleanup
common,nl,description_resourse_tips_clan_activity_points,description_resourse_tips_clan_activity_points,"Een maatstaf voor de activiteit van de clan. Alle punten die door clanleden worden verdiend, worden toegevoegd aan de Clankist.","Een maatstaf voor de activiteit van de clan. Alle punten die door clanleden worden verdiend, worden toegevoegd aan de Clankist",2026-10-06T12:08,weblate,cleanup
common,en,description_resourse_tips_not_enough_clan_activity_points,description_resourse_tips_not_enough_clan_activity_points,Activity Points can be earned through clan activities and by purchasing special offers in the Clan Shop.,Activity Points can be earned through clan activities and by purchasing special offers in the Clan Shop,2026-10-06T12:07,weblate,cleanup
common,es,description_resourse_tips_not_enough_clan_activity_points,description_resourse_tips_not_enough_clan_activity_points,Los puntos de actividad se obtienen participando en actividades del clan y comprando ofertas especiales en la Tienda del Clan.,Los puntos de actividad se obtienen participando en actividades del clan y comprando ofertas especiales en la Tienda del Clan,2026-10-06T12:07,weblate,cleanup
common,fr,description_resourse_tips_not_enough_clan_activity_points,description_resourse_tips_not_enough_clan_activity_points,Les points d'activité s'obtiennent en participant aux activités du clan et en achetant des offres spéciales dans la Boutique du clan.,Les points d'activité s'obtiennent en participant aux activités du clan et en achetant des offres spéciales dans la Boutique du clan,2026-10-06T12:07,weblate,cleanup
common,pt,description_resourse_tips_not_enough_clan_activity_points,description_resourse_tips_not_enough_clan_activity_points,Os Pontos de Atividade podem ser obtidos em atividades do clã e na compra de ofertas especiais na Loja do Clã.,Os Pontos de Atividade podem ser obtidos em atividades do clã e na compra de ofertas especiais na Loja do Clã,2026-10-06T12:08,weblate,cleanup
common,pl,description_resourse_tips_not_enough_clan_activity_points,description_resourse_tips_not_enough_clan_activity_points,Punkty aktywności można zdobywać za aktywności klanowe oraz kupując oferty specjalne w Sklepie Klanu.,Punkty aktywności można zdobywać za aktywności klanowe oraz kupując oferty specjalne w Sklepie Klanu,2026-10-06T12:08,weblate,cleanup
common,de,description_resourse_tips_not_enough_clan_activity_points,description_resourse_tips_not_enough_clan_activity_points,Aktivitätspunkte erhältst du durch Clanaktivitäten und den Kauf von Sonderangeboten im Clanshop.,Aktivitätspunkte erhältst du durch Clanaktivitäten und den Kauf von Sonderangeboten im Clanshop,2026-10-06T12:07,weblate,cleanup
common,it,description_resourse_tips_not_enough_clan_activity_points,description_resourse_tips_not_enough_clan_activity_points,I Punti Attività si ottengono partecipando alle attività del clan e acquistando offerte speciali nel Negozio del Clan.,I Punti Attività si ottengono partecipando alle attività del clan e acquistando offerte speciali nel Negozio del Clan,2026-10-06T12:07,weblate,cleanup
common,id,description_resourse_tips_not_enough_clan_activity_points,description_resourse_tips_not_enough_clan_activity_points,Poin Aktivitas dapat diperoleh melalui aktivitas klan dan dengan membeli penawaran spesial di Toko Klan.,Poin Aktivitas dapat diperoleh melalui aktivitas klan dan dengan membeli penawaran spesial di Toko Klan,2026-10-06T12:07,weblate,cleanup
common,kr,description_resourse_tips_not_enough_clan_activity_points,description_resourse_tips_not_enough_clan_activity_points,활동 포인트는 클랜 활동과 클랜 상점의 특별 상품 구매를 통해 획득할 수 있습니다.,활동 포인트는 클랜 활동과 클랜 상점의 특별 상품 구매를 통해 획득할 수 있습니다,2026-10-06T12:08,weblate,cleanup
common,tr,description_resourse_tips_not_enough_clan_activity_points,description_resourse_tips_not_enough_clan_activity_points,"Etkinlik Puanları, klan etkinliklerinden ve Klan Mağazasındaki özel teklifleri satın alarak kazanılabilir.","Etkinlik Puanları, klan etkinliklerinden ve Klan Mağazasındaki özel teklifleri satın alarak kazanılabilir",2026-10-06T12:08,weblate,cleanup
common,vi,description_resourse_tips_not_enough_clan_activity_points,description_resourse_tips_not_enough_clan_activity_points,Điểm Hoạt Động có thể nhận được từ các hoạt động bang hội và khi mua ưu đãi đặc biệt trong Cửa hàng Bang Hội.,Điểm Hoạt Động có thể nhận được từ các hoạt động bang hội và khi mua ưu đãi đặc biệt trong Cửa hàng Bang Hội,2026-10-06T12:08,weblate,cleanup
common,nl,description_resourse_tips_not_enough_clan_activity_points,description_resourse_tips_not_enough_clan_activity_points,Activiteitspunten kunnen worden verdiend via clanactiviteiten en door speciale aanbiedingen in de Clanwinkel te kopen.,Activiteitspunten kunnen worden verdiend via clanactiviteiten en door speciale aanbiedingen in de Clanwinkel te kopen,2026-10-06T12:08,weblate,cleanup
common,en,description_resourse_tips_amethysts,description_resourse_tips_amethysts,"The rarest currency in the pirate world. Can be purchased in the Clan Shop, received as a bonus from purchases made by other clan members, or earned as a reward for other clan activities.","The rarest currency in the pirate world. Can be purchased in the Clan Shop, received as a bonus from purchases made by other clan members, or earned as a reward for other clan activities",2026-10-06T12:07,weblate,cleanup
common,es,description_resourse_tips_amethysts,description_resourse_tips_amethysts,"La moneda más rara del mundo pirata. Se puede comprar en la Tienda del Clan, obtener como bonificación por las compras de otros miembros del clan o como recompensa por otras actividades del clan.","La moneda más rara del mundo pirata. Se puede comprar en la Tienda del Clan, obtener como bonificación por las compras de otros miembros del clan o como recompensa por otras actividades del clan",2026-10-06T12:07,weblate,cleanup
common,fr,description_resourse_tips_amethysts,description_resourse_tips_amethysts,"La monnaie la plus rare du monde des pirates. Peut être achetée dans la Boutique du clan, obtenue en bonus grâce aux achats des autres membres du clan ou comme récompense pour d'autres activités du clan.","La monnaie la plus rare du monde des pirates. Peut être achetée dans la Boutique du clan, obtenue en bonus grâce aux achats des autres membres du clan ou comme récompense pour d'autres activités du clan",2026-10-06T12:07,weblate,cleanup
common,pt,description_resourse_tips_amethysts,description_resourse_tips_amethysts,"A moeda mais rara do mundo dos piratas. Pode ser comprada na Loja do Clã, obtida como bônus pelas compras de outros membros do clã ou como recompensa por outras atividades do clã.","A moeda mais rara do mundo dos piratas. Pode ser comprada na Loja do Clã, obtida como bônus pelas compras de outros membros do clã ou como recompensa por outras atividades do clã",2026-10-06T12:08,weblate,cleanup
common,pl,description_resourse_tips_amethysts,description_resourse_tips_amethysts,"Najrzadsza waluta w pirackim świecie. Można ją kupić w Sklepie Klanu, otrzymać jako bonus za zakupy innych członków klanu lub jako nagrodę za inne aktywności klanowe.","Najrzadsza waluta w pirackim świecie. Można ją kupić w Sklepie Klanu, otrzymać jako bonus za zakupy innych członków klanu lub jako nagrodę za inne aktywności klanowe",2026-10-06T12:08,weblate,cleanup
common,de,description_resourse_tips_amethysts,description_resourse_tips_amethysts,"Die seltenste Währung der Piratenwelt. Kann im Clanshop gekauft, als Bonus für Einkäufe anderer Clanmitglieder oder als Belohnung für andere Clanaktivitäten erhalten werden.","Die seltenste Währung der Piratenwelt. Kann im Clanshop gekauft, als Bonus für Einkäufe anderer Clanmitglieder oder als Belohnung für andere Clanaktivitäten erhalten werden",2026-10-06T12:07,weblate,cleanup
common,it,description_resourse_tips_amethysts,description_resourse_tips_amethysts,"La valuta più rara del mondo dei pirati. Può essere acquistata nel Negozio del Clan, ottenuta come bonus dagli acquisti degli altri membri del clan o come ricompensa per altre attività del clan.","La valuta più rara del mondo dei pirati. Può essere acquistata nel Negozio del Clan, ottenuta come bonus dagli acquisti degli altri membri del clan o come ricompensa per altre attività del clan",2026-10-06T12:07,weblate,cleanup
common,id,description_resourse_tips_amethysts,description_resourse_tips_amethysts,"Mata uang paling langka di dunia bajak laut. Dapat dibeli di Toko Klan, diperoleh sebagai bonus dari pembelian anggota klan lain, atau sebagai hadiah dari aktivitas klan lainnya.","Mata uang paling langka di dunia bajak laut. Dapat dibeli di Toko Klan, diperoleh sebagai bonus dari pembelian anggota klan lain, atau sebagai hadiah dari aktivitas klan lainnya",2026-10-06T12:07,weblate,cleanup
common,kr,description_resourse_tips_amethysts,description_resourse_tips_amethysts,"해적 세계에서 가장 희귀한 화폐입니다. 클랜 상점에서 구매하거나, 다른 클랜원의 구매 보너스 또는 기타 클랜 활동 보상으로 획득할 수 있습니다.","해적 세계에서 가장 희귀한 화폐입니다. 클랜 상점에서 구매하거나, 다른 클랜원의 구매 보너스 또는 기타 클랜 활동 보상으로 획득할 수 있습니다",2026-10-06T12:08,weblate,cleanup
common,tr,description_resourse_tips_amethysts,description_resourse_tips_amethysts,"Korsan dünyasındaki en nadir para birimidir. Klan Mağazasından satın alınabilir, diğer klan üyelerinin alışverişlerinden bonus olarak veya diğer klan etkinliklerinden ödül olarak elde edilebilir.","Korsan dünyasındaki en nadir para birimidir. Klan Mağazasından satın alınabilir, diğer klan üyelerinin alışverişlerinden bonus olarak veya diğer klan etkinliklerinden ödül olarak elde edilebilir",2026-10-06T12:08,weblate,cleanup
common,vi,description_resourse_tips_amethysts,description_resourse_tips_amethysts,"Loại tiền tệ hiếm nhất trong thế giới hải tặc. Có thể mua trong Cửa hàng Bang Hội, nhận thưởng từ giao dịch mua của thành viên bang hội khác hoặc từ các hoạt động bang hội khác.","Loại tiền tệ hiếm nhất trong thế giới hải tặc. Có thể mua trong Cửa hàng Bang Hội, nhận thưởng từ giao dịch mua của thành viên bang hội khác hoặc từ các hoạt động bang hội khác",2026-10-06T12:08,weblate,cleanup
common,nl,description_resourse_tips_amethysts,description_resourse_tips_amethysts,"De zeldzaamste valuta in de piratenwereld. Kan worden gekocht in de Clanwinkel, verkregen als bonus van aankopen door andere clanleden of als beloning voor andere clanactiviteiten.","De zeldzaamste valuta in de piratenwereld. Kan worden gekocht in de Clanwinkel, verkregen als bonus van aankopen door andere clanleden of als beloning voor andere clanactiviteiten",2026-10-06T12:08,weblate,cleanup
common,en,description_resourse_tips_not_enough_amethysts,description_resourse_tips_not_enough_amethysts,Additional Amethysts can be purchased in the Clan Shop or earned through clan activities.,Additional Amethysts can be purchased in the Clan Shop or earned through clan activities,2026-10-06T12:07,weblate,cleanup
common,es,description_resourse_tips_not_enough_amethysts,description_resourse_tips_not_enough_amethysts,Las amatistas adicionales se pueden comprar en la Tienda del Clan u obtener mediante actividades del clan.,Las amatistas adicionales se pueden comprar en la Tienda del Clan u obtener mediante actividades del clan,2026-10-06T12:07,weblate,cleanup
common,fr,description_resourse_tips_not_enough_amethysts,description_resourse_tips_not_enough_amethysts,Des améthystes supplémentaires peuvent être achetées dans la Boutique du clan ou obtenues grâce aux activités du clan.,Des améthystes supplémentaires peuvent être achetées dans la Boutique du clan ou obtenues grâce aux activités du clan,2026-10-06T12:07,weblate,cleanup
common,pt,description_resourse_tips_not_enough_amethysts,description_resourse_tips_not_enough_amethysts,Ametistas adicionais podem ser compradas na Loja do Clã ou obtidas por atividades do clã.,Ametistas adicionais podem ser compradas na Loja do Clã ou obtidas por atividades do clã,2026-10-06T12:08,weblate,cleanup
common,pl,description_resourse_tips_not_enough_amethysts,description_resourse_tips_not_enough_amethysts,Dodatkowe ametysty można kupić w Sklepie Klanu lub zdobyć za aktywności klanowe.,Dodatkowe ametysty można kupić w Sklepie Klanu lub zdobyć za aktywności klanowe,2026-10-06T12:08,weblate,cleanup
common,de,description_resourse_tips_not_enough_amethysts,description_resourse_tips_not_enough_amethysts,Zusätzliche Amethyste können im Clanshop gekauft oder durch Clanaktivitäten verdient werden.,Zusätzliche Amethyste können im Clanshop gekauft oder durch Clanaktivitäten verdient werden,2026-10-06T12:07,weblate,cleanup
common,it,description_resourse_tips_not_enough_amethysts,description_resourse_tips_not_enough_amethysts,Ametiste aggiuntive possono essere acquistate nel Negozio del Clan o ottenute tramite attività del clan.,Ametiste aggiuntive possono essere acquistate nel Negozio del Clan o ottenute tramite attività del clan,2026-10-06T12:07,weblate,cleanup
common,id,description_resourse_tips_not_enough_amethysts,description_resourse_tips_not_enough_amethysts,Ametis tambahan dapat dibeli di Toko Klan atau diperoleh melalui aktivitas klan.,Ametis tambahan dapat dibeli di Toko Klan atau diperoleh melalui aktivitas klan,2026-10-06T12:07,weblate,cleanup
common,kr,description_resourse_tips_not_enough_amethysts,description_resourse_tips_not_enough_amethysts,추가 자수정은 클랜 상점에서 구매하거나 클랜 활동으로 획득할 수 있습니다.,추가 자수정은 클랜 상점에서 구매하거나 클랜 활동으로 획득할 수 있습니다,2026-10-06T12:08,weblate,cleanup
common,tr,description_resourse_tips_not_enough_amethysts,description_resourse_tips_not_enough_amethysts,"Ek Ametistler, Klan Mağazasından satın alınabilir veya klan etkinlikleriyle kazanılabilir.","Ek Ametistler, Klan Mağazasından satın alınabilir veya klan etkinlikleriyle kazanılabilir",2026-10-06T12:08,weblate,cleanup
common,vi,description_resourse_tips_not_enough_amethysts,description_resourse_tips_not_enough_amethysts,Có thể mua thêm Thạch anh tím trong Cửa hàng Bang Hội hoặc kiếm được từ các hoạt động bang hội.,Có thể mua thêm Thạch anh tím trong Cửa hàng Bang Hội hoặc kiếm được từ các hoạt động bang hội,2026-10-06T12:08,weblate,cleanup
common,nl,description_resourse_tips_not_enough_amethysts,description_resourse_tips_not_enough_amethysts,Extra Amethisten kunnen worden gekocht in de Clanwinkel of verdiend via clanactiviteiten.,Extra Amethisten kunnen worden gekocht in de Clanwinkel of verdiend via clanactiviteiten,2026-10-06T12:08,weblate,cleanup
common,fr,clan_upgrade_dialog_reward_per_transaction,clan_upgrade_dialog_reward_per_transaction,Récompense de contribution :,Récompense de contribution :,2026-10-06T12:07,weblate,cleanup
common,fr,clan_offer_availability,clan_offer_availability,Disponible : 1,Disponible : 1,2026-10-06T12:07,weblate,cleanup
common,en,clan_offer_card_gift_label,clan_offer_card_gift_label,for everybody,to everyone in the clan,2026-10-06T08:38,weblate,newer-in-weblate
common,fr,clan_offer_description_2,clan_offer_description_2,en cadeau pour tous les membres du clan !,en cadeau pour tous les membres du clan !,2026-10-06T12:07,weblate,cleanup
common,fr,description_clan_gift_hint,description_clan_gift_hint,"Es-tu sûr de ne pas vouloir partager ?
Toi seul recevras les améthystes.","Es-tu sûr de ne pas vouloir partager ?
Toi seul recevras les améthystes.",2026-10-06T12:07,weblate,cleanup
common,fr,clan_offer_bonus_chat_message,clan_offer_bonus_chat_message,<color=#A5DEF4>[{0}]</color> a acheté un pack d'Améthystes ! Réclamez votre bonus : ,<color=#A5DEF4>[{0}]</color> a acheté un pack d'Améthystes ! Réclamez votre bonus : ,2026-10-06T12:07,weblate,cleanup
common,cn,clan_offer_bonus_chat_message,clan_offer_bonus_chat_message,<color=#A5DEF4>[{0}]</color> 购买了一包紫水晶！领取你的奖励：,<color=#A5DEF4>[{0}]</color> 购买了一包紫水晶！领取你的奖励： ,2026-10-06T12:07,weblate,cleanup
common,jp,clan_offer_bonus_chat_message,clan_offer_bonus_chat_message,<color=#A5DEF4>[{0}]</color>がアメジストのパックを購入しました！ボーナスを受け取ろう：,<color=#A5DEF4>[{0}]</color>がアメジストのパックを購入しました！ボーナスを受け取ろう： ,2026-10-06T12:08,weblate,cleanup
common,ru,item_description_cannon_shotgun,item_description_cannon_shotgun,Текст описание,"Двухствольное орудие, вращающееся на 360 градусов. Выстреливает облако пуль двумя залпами с точностью, зависящей от расстояния до цели. Эффективен против большого количества целей.",2026-09-29T08:40,beta,ru-team-edit
common,en,item_description_cannon_shotgun,item_description_cannon_shotgun,Description text,Double-barreled cannon that rotates 360 degrees. Fires a cloud of bullets in two salvos with accuracy depending on the distance to the target. Effective against a large number of targets.,2026-10-01T06:05,beta,follows-ru
common,es,item_description_cannon_shotgun,item_description_cannon_shotgun,Texto de descripción,Cañón de doble cañón que gira 360 grados. Dispara una nube de balas en dos salvas con una precisión que depende de la distancia al objetivo. Eficaz contra una gran cantidad de objetivos.,2026-10-01T06:05,beta,follows-ru
common,fr,item_description_cannon_shotgun,item_description_cannon_shotgun,Texte de description,Canon double pivotant à 360 degrés. Tire un nuage de balles en deux salves avec une précision qui dépend de la distance de la cible. Efficace contre un grand nombre de cibles.,2026-10-01T06:05,beta,follows-ru
common,pt,item_description_cannon_shotgun,item_description_cannon_shotgun,Texto de descrição,Canhão de cano duplo que gira 360 graus. Dispara uma nuvem de projéteis em duas salvas com precisão que depende da distância até o alvo. Eficaz contra um grande número de alvos.,2026-10-01T06:05,beta,follows-ru
common,pl,item_description_cannon_shotgun,item_description_cannon_shotgun,Tekst opisu,Dwulufowe działo obracające się o 360 stopni. Wystrzeliwuje chmurę pocisków w dwóch salwach z celnością zależną od odległości od celu. Skuteczne przeciwko dużej liczbie celów.,2026-10-01T06:05,beta,follows-ru
common,de,item_description_cannon_shotgun,item_description_cannon_shotgun,Beschreibungstext,"Doppelläufiges Geschütz, das sich um 360 Grad dreht. Feuert eine Kugelwolke in zwei Salven ab, deren Genauigkeit von der Entfernung zum Ziel abhängt. Effektiv gegen eine große Anzahl von Zielen.",2026-10-01T06:05,beta,follows-ru
common,it,item_description_cannon_shotgun,item_description_cannon_shotgun,Testo descrizione,Cannone a doppia canna girevole a 360 gradi. Spara una nube di proiettili in due raffiche con una precisione che dipende dalla distanza dal bersaglio. Efficace contro un gran numero di bersagli.,2026-10-01T06:05,beta,follows-ru
common,th,item_description_cannon_shotgun,item_description_cannon_shotgun,ข้อความคำอธิบาย,ปืนใหญ่สองลำกล้องที่หมุนได้ 360 องศา ยิงห่ากระสุน 2 ระลอกด้วยความแม่นยำที่ขึ้นอยู่กับระยะห่างถึงเป้าหมาย มีประสิทธิภาพดีต่อเป้าหมายจำนวนมาก.,2026-10-01T06:05,beta,follows-ru
common,id,item_description_cannon_shotgun,item_description_cannon_shotgun,Teks deskripsi,Meriam laras ganda yang berputar 360 derajat. Menembakkan kepulan peluru dalam dua salvo dengan akurasi yang bergantung pada jarak ke target. Efektif melawan banyak target.,2026-10-01T06:05,beta,follows-ru
common,cn,item_description_cannon_shotgun,item_description_cannon_shotgun,文本描述,可360度旋转的双管火炮。分两轮齐射发射弹幕，精度随目标距离变化。对大量目标有效。,2026-10-01T06:05,beta,follows-ru
common,kr,item_description_cannon_shotgun,item_description_cannon_shotgun,텍스트 설명,"360도 회전하는 2연장 포. 두 차례의 일제 사격으로 산탄을 발사하며, 목표까지의 거리에 따라 명중률이 달라집니다. 다수의 적에게 효과적입니다.",2026-10-01T06:05,beta,follows-ru
common,jp,item_description_cannon_shotgun,item_description_cannon_shotgun,テキスト説明,360度回転する2連装砲。ターゲットとの距離に応じた精度で、2回の斉射により弾丸の嵐を放つ。多数の目標に対して有効。,2026-10-01T06:05,beta,follows-ru
common,tr,item_description_cannon_shotgun,item_description_cannon_shotgun,Açıklama metni,360 derece dönebilen çift namlulu top. Hedefe olan mesafeye bağlı bir isabet oranıyla iki yaylım ateşi hâlinde mermi bulutu fırlatır. Çok sayıda hedefe karşı etkilidir.,2026-10-01T06:05,beta,follows-ru
common,vi,item_description_cannon_shotgun,item_description_cannon_shotgun,Văn bản mô tả,Pháo hai nòng xoay 360 độ. Bắn ra đám đạn bằng hai loạt bắn với độ chính xác phụ thuộc vào khoảng cách tới mục tiêu. Hiệu quả khi đối đầu với số lượng lớn mục tiêu.,2026-10-01T06:05,beta,follows-ru
common,nl,item_description_cannon_shotgun,item_description_cannon_shotgun,Tekst beschrijving,Dubbelloops kanon dat 360 graden draait. Vuurt in twee salvo's een wolk kogels af met een nauwkeurigheid die afhangt van de afstand tot het doel. Effectief tegen een groot aantal doelen.,2026-10-01T06:05,beta,follows-ru
common,en,description_resourse_tips_duels_rating,description_resourse_tips_duels_rating,,description_resourse_tips_duels_rating Not filled in.,2026-10-06T12:07,weblate,filled-in-weblate
common,es,description_resourse_tips_duels_rating,description_resourse_tips_duels_rating,,description_resourse_tips_duels_rating Sin rellenar.,2026-10-06T12:07,weblate,filled-in-weblate
common,fr,description_resourse_tips_duels_rating,description_resourse_tips_duels_rating,,description_resourse_tips_duels_rating Non renseigné.,2026-10-06T12:07,weblate,filled-in-weblate
common,pt,description_resourse_tips_duels_rating,description_resourse_tips_duels_rating,,description_resourse_tips_duels_rating Não preenchido.,2026-10-06T12:08,weblate,filled-in-weblate
common,pl,description_resourse_tips_duels_rating,description_resourse_tips_duels_rating,,description_resourse_tips_duels_rating Nie wypełniono.,2026-10-06T12:08,weblate,filled-in-weblate
common,de,description_resourse_tips_duels_rating,description_resourse_tips_duels_rating,,description_resourse_tips_duels_rating Nicht ausgefüllt.,2026-10-06T12:07,weblate,filled-in-weblate
common,it,description_resourse_tips_duels_rating,description_resourse_tips_duels_rating,,description_resourse_tips_duels_rating Non compilato.,2026-10-06T12:07,weblate,filled-in-weblate
common,th,description_resourse_tips_duels_rating,description_resourse_tips_duels_rating,,description_resourse_tips_duels_rating ยังไม่ได้กรอก.,2026-10-06T12:08,weblate,filled-in-weblate
common,id,description_resourse_tips_duels_rating,description_resourse_tips_duels_rating,,description_resourse_tips_duels_rating Belum diisi.,2026-10-06T12:07,weblate,filled-in-weblate
common,cn,description_resourse_tips_duels_rating,description_resourse_tips_duels_rating,,description_resourse_tips_duels_rating 未填写。,2026-10-06T12:07,weblate,filled-in-weblate
common,kr,description_resourse_tips_duels_rating,description_resourse_tips_duels_rating,,description_resourse_tips_duels_rating Not filled in.,2026-10-06T12:08,weblate,filled-in-weblate
common,jp,description_resourse_tips_duels_rating,description_resourse_tips_duels_rating,,description_resourse_tips_duels_rating 未記入。,2026-10-06T12:08,weblate,filled-in-weblate
common,tr,description_resourse_tips_duels_rating,description_resourse_tips_duels_rating,,description_resourse_tips_duels_rating Doldurulmadı.,2026-10-06T12:08,weblate,filled-in-weblate
common,vi,description_resourse_tips_duels_rating,description_resourse_tips_duels_rating,,description_resourse_tips_duels_rating Chưa điền.,2026-10-06T12:08,weblate,filled-in-weblate
common,nl,description_resourse_tips_duels_rating,description_resourse_tips_duels_rating,,description_resourse_tips_duels_rating Niet ingevuld.,2026-10-06T12:08,weblate,filled-in-weblate
common,en,description_resourse_tips_not_enough_duels_rating,description_resourse_tips_not_enough_duels_rating,,description_resourse_tips_not_enough_duels_rating Not filled in.,2026-10-06T12:07,weblate,filled-in-weblate
common,es,description_resourse_tips_not_enough_duels_rating,description_resourse_tips_not_enough_duels_rating,,description_resourse_tips_not_enough_duels_rating Sin rellenar.,2026-10-06T12:07,weblate,filled-in-weblate
common,fr,description_resourse_tips_not_enough_duels_rating,description_resourse_tips_not_enough_duels_rating,,description_resourse_tips_not_enough_duels_rating Non renseigné.,2026-10-06T12:07,weblate,filled-in-weblate
common,pt,description_resourse_tips_not_enough_duels_rating,description_resourse_tips_not_enough_duels_rating,,description_resourse_tips_not_enough_duels_rating Não preenchido.,2026-10-06T12:08,weblate,filled-in-weblate
common,pl,description_resourse_tips_not_enough_duels_rating,description_resourse_tips_not_enough_duels_rating,,description_resourse_tips_not_enough_duels_rating Nie wypełniono.,2026-10-06T12:08,weblate,filled-in-weblate
common,de,description_resourse_tips_not_enough_duels_rating,description_resourse_tips_not_enough_duels_rating,,description_resourse_tips_not_enough_duels_rating Nicht ausgefüllt.,2026-10-06T12:07,weblate,filled-in-weblate
common,it,description_resourse_tips_not_enough_duels_rating,description_resourse_tips_not_enough_duels_rating,,description_resourse_tips_not_enough_duels_rating Non compilato.,2026-10-06T12:07,weblate,filled-in-weblate
common,th,description_resourse_tips_not_enough_duels_rating,description_resourse_tips_not_enough_duels_rating,,description_resourse_tips_not_enough_duels_rating ยังไม่ได้กรอก.,2026-10-06T12:08,weblate,filled-in-weblate
common,id,description_resourse_tips_not_enough_duels_rating,description_resourse_tips_not_enough_duels_rating,,description_resourse_tips_not_enough_duels_rating Belum diisi.,2026-10-06T12:07,weblate,filled-in-weblate
common,cn,description_resourse_tips_not_enough_duels_rating,description_resourse_tips_not_enough_duels_rating,,description_resourse_tips_not_enough_duels_rating 未填写。,2026-10-06T12:07,weblate,filled-in-weblate
common,kr,description_resourse_tips_not_enough_duels_rating,description_resourse_tips_not_enough_duels_rating,,description_resourse_tips_not_enough_duels_rating Not filled in.,2026-10-06T12:08,weblate,filled-in-weblate
common,jp,description_resourse_tips_not_enough_duels_rating,description_resourse_tips_not_enough_duels_rating,,description_resourse_tips_not_enough_duels_rating 未記入。,2026-10-06T12:08,weblate,filled-in-weblate
common,tr,description_resourse_tips_not_enough_duels_rating,description_resourse_tips_not_enough_duels_rating,,description_resourse_tips_not_enough_duels_rating Doldurulmadı.,2026-10-06T12:08,weblate,filled-in-weblate
common,vi,description_resourse_tips_not_enough_duels_rating,description_resourse_tips_not_enough_duels_rating,,description_resourse_tips_not_enough_duels_rating Chưa điền.,2026-10-06T12:08,weblate,filled-in-weblate
common,nl,description_resourse_tips_not_enough_duels_rating,description_resourse_tips_not_enough_duels_rating,,description_resourse_tips_not_enough_duels_rating Niet ingevuld.,2026-10-06T12:08,weblate,filled-in-weblate
common,en,description_resourse_tips_convoy_regular_rating,description_resourse_tips_convoy_regular_rating,,description_resourse_tips_convoy_regular_rating Not filled in.,2026-10-06T12:07,weblate,filled-in-weblate
common,es,description_resourse_tips_convoy_regular_rating,description_resourse_tips_convoy_regular_rating,,description_resourse_tips_convoy_regular_rating Sin rellenar.,2026-10-06T12:07,weblate,filled-in-weblate
common,fr,description_resourse_tips_convoy_regular_rating,description_resourse_tips_convoy_regular_rating,,description_resourse_tips_convoy_regular_rating Non renseigné.,2026-10-06T12:07,weblate,filled-in-weblate
common,pt,description_resourse_tips_convoy_regular_rating,description_resourse_tips_convoy_regular_rating,,description_resourse_tips_convoy_regular_rating Não preenchido.,2026-10-06T12:08,weblate,filled-in-weblate
common,pl,description_resourse_tips_convoy_regular_rating,description_resourse_tips_convoy_regular_rating,,description_resourse_tips_convoy_regular_rating Nie wypełniono.,2026-10-06T12:08,weblate,filled-in-weblate
common,de,description_resourse_tips_convoy_regular_rating,description_resourse_tips_convoy_regular_rating,,description_resourse_tips_convoy_regular_rating Nicht ausgefüllt.,2026-10-06T12:07,weblate,filled-in-weblate
common,it,description_resourse_tips_convoy_regular_rating,description_resourse_tips_convoy_regular_rating,,description_resourse_tips_convoy_regular_rating Non compilato.,2026-10-06T12:07,weblate,filled-in-weblate
common,th,description_resourse_tips_convoy_regular_rating,description_resourse_tips_convoy_regular_rating,,description_resourse_tips_convoy_regular_rating ยังไม่ได้กรอก.,2026-10-06T12:08,weblate,filled-in-weblate
common,id,description_resourse_tips_convoy_regular_rating,description_resourse_tips_convoy_regular_rating,,description_resourse_tips_convoy_regular_rating Belum diisi.,2026-10-06T12:07,weblate,filled-in-weblate
common,cn,description_resourse_tips_convoy_regular_rating,description_resourse_tips_convoy_regular_rating,,description_resourse_tips_convoy_regular_rating 未填写。,2026-10-06T12:07,weblate,filled-in-weblate
common,kr,description_resourse_tips_convoy_regular_rating,description_resourse_tips_convoy_regular_rating,,description_resourse_tips_convoy_regular_rating Not filled in.,2026-10-06T12:08,weblate,filled-in-weblate
common,jp,description_resourse_tips_convoy_regular_rating,description_resourse_tips_convoy_regular_rating,,description_resourse_tips_convoy_regular_rating 未記入。,2026-10-06T12:08,weblate,filled-in-weblate
common,tr,description_resourse_tips_convoy_regular_rating,description_resourse_tips_convoy_regular_rating,,description_resourse_tips_convoy_regular_rating Doldurulmadı.,2026-10-06T12:08,weblate,filled-in-weblate
common,vi,description_resourse_tips_convoy_regular_rating,description_resourse_tips_convoy_regular_rating,,description_resourse_tips_convoy_regular_rating Chưa điền.,2026-10-06T12:08,weblate,filled-in-weblate
common,nl,description_resourse_tips_convoy_regular_rating,description_resourse_tips_convoy_regular_rating,,description_resourse_tips_convoy_regular_rating Niet ingevuld.,2026-10-06T12:08,weblate,filled-in-weblate
common,en,description_resourse_tips_not_enough_convoy_regular_rating,description_resourse_tips_not_enough_convoy_regular_rating,,description_resourse_tips_not_enough_convoy_regular_rating Not filled in.,2026-10-06T12:07,weblate,filled-in-weblate
common,es,description_resourse_tips_not_enough_convoy_regular_rating,description_resourse_tips_not_enough_convoy_regular_rating,,description_resourse_tips_not_enough_convoy_regular_rating Sin rellenar.,2026-10-06T12:07,weblate,filled-in-weblate
common,fr,description_resourse_tips_not_enough_convoy_regular_rating,description_resourse_tips_not_enough_convoy_regular_rating,,description_resourse_tips_not_enough_convoy_regular_rating Non renseigné.,2026-10-06T12:07,weblate,filled-in-weblate
common,pt,description_resourse_tips_not_enough_convoy_regular_rating,description_resourse_tips_not_enough_convoy_regular_rating,,description_resourse_tips_not_enough_convoy_regular_rating Não preenchido.,2026-10-06T12:08,weblate,filled-in-weblate
common,pl,description_resourse_tips_not_enough_convoy_regular_rating,description_resourse_tips_not_enough_convoy_regular_rating,,description_resourse_tips_not_enough_convoy_regular_rating Nie wypełniono.,2026-10-06T12:08,weblate,filled-in-weblate
common,de,description_resourse_tips_not_enough_convoy_regular_rating,description_resourse_tips_not_enough_convoy_regular_rating,,description_resourse_tips_not_enough_convoy_regular_rating Nicht ausgefüllt.,2026-10-06T12:07,weblate,filled-in-weblate
common,it,description_resourse_tips_not_enough_convoy_regular_rating,description_resourse_tips_not_enough_convoy_regular_rating,,description_resourse_tips_not_enough_convoy_regular_rating Non compilato.,2026-10-06T12:07,weblate,filled-in-weblate
common,th,description_resourse_tips_not_enough_convoy_regular_rating,description_resourse_tips_not_enough_convoy_regular_rating,,description_resourse_tips_not_enough_convoy_regular_rating ยังไม่ได้กรอก.,2026-10-06T12:08,weblate,filled-in-weblate
common,id,description_resourse_tips_not_enough_convoy_regular_rating,description_resourse_tips_not_enough_convoy_regular_rating,,description_resourse_tips_not_enough_convoy_regular_rating Belum diisi.,2026-10-06T12:07,weblate,filled-in-weblate
common,cn,description_resourse_tips_not_enough_convoy_regular_rating,description_resourse_tips_not_enough_convoy_regular_rating,,description_resourse_tips_not_enough_convoy_regular_rating 未填写。,2026-10-06T12:07,weblate,filled-in-weblate
common,kr,description_resourse_tips_not_enough_convoy_regular_rating,description_resourse_tips_not_enough_convoy_regular_rating,,description_resourse_tips_not_enough_convoy_regular_rating Not filled in.,2026-10-06T12:08,weblate,filled-in-weblate
common,jp,description_resourse_tips_not_enough_convoy_regular_rating,description_resourse_tips_not_enough_convoy_regular_rating,,description_resourse_tips_not_enough_convoy_regular_rating 未記入。,2026-10-06T12:08,weblate,filled-in-weblate
common,tr,description_resourse_tips_not_enough_convoy_regular_rating,description_resourse_tips_not_enough_convoy_regular_rating,,description_resourse_tips_not_enough_convoy_regular_rating Doldurulmadı.,2026-10-06T12:08,weblate,filled-in-weblate
common,vi,description_resourse_tips_not_enough_convoy_regular_rating,description_resourse_tips_not_enough_convoy_regular_rating,,description_resourse_tips_not_enough_convoy_regular_rating Chưa điền.,2026-10-06T12:08,weblate,filled-in-weblate
common,nl,description_resourse_tips_not_enough_convoy_regular_rating,description_resourse_tips_not_enough_convoy_regular_rating,,description_resourse_tips_not_enough_convoy_regular_rating Niet ingevuld.,2026-10-06T12:08,weblate,filled-in-weblate
common,en,description_resourse_tips_not_enough_tournament_points,description_resourse_tips_not_enough_tournament_points,,description_resourse_tips_not_enough_tournament_points Not filled in.,2026-10-06T12:07,weblate,filled-in-weblate
common,es,description_resourse_tips_not_enough_tournament_points,description_resourse_tips_not_enough_tournament_points,,description_resourse_tips_not_enough_tournament_points Sin rellenar.,2026-10-06T12:07,weblate,filled-in-weblate
common,fr,description_resourse_tips_not_enough_tournament_points,description_resourse_tips_not_enough_tournament_points,,description_resourse_tips_not_enough_tournament_points Non renseigné.,2026-10-06T12:07,weblate,filled-in-weblate
common,pt,description_resourse_tips_not_enough_tournament_points,description_resourse_tips_not_enough_tournament_points,,description_resourse_tips_not_enough_tournament_points Não preenchido.,2026-10-06T12:08,weblate,filled-in-weblate
common,pl,description_resourse_tips_not_enough_tournament_points,description_resourse_tips_not_enough_tournament_points,,description_resourse_tips_not_enough_tournament_points Nie wypełniono.,2026-10-06T12:08,weblate,filled-in-weblate
common,de,description_resourse_tips_not_enough_tournament_points,description_resourse_tips_not_enough_tournament_points,,description_resourse_tips_not_enough_tournament_points Nicht ausgefüllt.,2026-10-06T12:07,weblate,filled-in-weblate
common,it,description_resourse_tips_not_enough_tournament_points,description_resourse_tips_not_enough_tournament_points,,description_resourse_tips_not_enough_tournament_points Non compilato.,2026-10-06T12:07,weblate,filled-in-weblate
common,th,description_resourse_tips_not_enough_tournament_points,description_resourse_tips_not_enough_tournament_points,,description_resourse_tips_not_enough_tournament_points ยังไม่ได้กรอก.,2026-10-06T12:08,weblate,filled-in-weblate
common,id,description_resourse_tips_not_enough_tournament_points,description_resourse_tips_not_enough_tournament_points,,description_resourse_tips_not_enough_tournament_points Belum diisi.,2026-10-06T12:07,weblate,filled-in-weblate
common,cn,description_resourse_tips_not_enough_tournament_points,description_resourse_tips_not_enough_tournament_points,,description_resourse_tips_not_enough_tournament_points 未填写。,2026-10-06T12:07,weblate,filled-in-weblate
common,kr,description_resourse_tips_not_enough_tournament_points,description_resourse_tips_not_enough_tournament_points,,description_resourse_tips_not_enough_tournament_points Not filled in.,2026-10-06T12:08,weblate,filled-in-weblate
common,jp,description_resourse_tips_not_enough_tournament_points,description_resourse_tips_not_enough_tournament_points,,description_resourse_tips_not_enough_tournament_points 未記入。,2026-10-06T12:08,weblate,filled-in-weblate
common,tr,description_resourse_tips_not_enough_tournament_points,description_resourse_tips_not_enough_tournament_points,,description_resourse_tips_not_enough_tournament_points Doldurulmadı.,2026-10-06T12:08,weblate,filled-in-weblate
common,vi,description_resourse_tips_not_enough_tournament_points,description_resourse_tips_not_enough_tournament_points,,description_resourse_tips_not_enough_tournament_points Chưa điền.,2026-10-06T12:08,weblate,filled-in-weblate
common,nl,description_resourse_tips_not_enough_tournament_points,description_resourse_tips_not_enough_tournament_points,,description_resourse_tips_not_enough_tournament_points Niet ingevuld.,2026-10-06T12:08,weblate,filled-in-weblate
common,en,description_resourse_tips_convoy_summer_rating,description_resourse_tips_convoy_summer_rating,,description_resourse_tips_convoy_summer_rating Not filled in.,2026-10-06T12:07,weblate,filled-in-weblate
common,es,description_resourse_tips_convoy_summer_rating,description_resourse_tips_convoy_summer_rating,,description_resourse_tips_convoy_summer_rating Sin rellenar.,2026-10-06T12:07,weblate,filled-in-weblate
common,fr,description_resourse_tips_convoy_summer_rating,description_resourse_tips_convoy_summer_rating,,description_resourse_tips_convoy_summer_rating Non renseigné.,2026-10-06T12:07,weblate,filled-in-weblate
common,pt,description_resourse_tips_convoy_summer_rating,description_resourse_tips_convoy_summer_rating,,description_resourse_tips_convoy_summer_rating Não preenchido.,2026-10-06T12:08,weblate,filled-in-weblate
common,pl,description_resourse_tips_convoy_summer_rating,description_resourse_tips_convoy_summer_rating,,description_resourse_tips_convoy_summer_rating Nie wypełniono.,2026-10-06T12:08,weblate,filled-in-weblate
common,de,description_resourse_tips_convoy_summer_rating,description_resourse_tips_convoy_summer_rating,,description_resourse_tips_convoy_summer_rating Nicht ausgefüllt.,2026-10-06T12:07,weblate,filled-in-weblate
common,it,description_resourse_tips_convoy_summer_rating,description_resourse_tips_convoy_summer_rating,,description_resourse_tips_convoy_summer_rating Non compilato.,2026-10-06T12:07,weblate,filled-in-weblate
common,th,description_resourse_tips_convoy_summer_rating,description_resourse_tips_convoy_summer_rating,,description_resourse_tips_convoy_summer_rating ยังไม่ได้กรอก.,2026-10-06T12:08,weblate,filled-in-weblate
common,id,description_resourse_tips_convoy_summer_rating,description_resourse_tips_convoy_summer_rating,,description_resourse_tips_convoy_summer_rating Belum diisi.,2026-10-06T12:07,weblate,filled-in-weblate
common,cn,description_resourse_tips_convoy_summer_rating,description_resourse_tips_convoy_summer_rating,,description_resourse_tips_convoy_summer_rating 未填写。,2026-10-06T12:07,weblate,filled-in-weblate
common,kr,description_resourse_tips_convoy_summer_rating,description_resourse_tips_convoy_summer_rating,,description_resourse_tips_convoy_summer_rating Not filled in.,2026-10-06T12:08,weblate,filled-in-weblate
common,jp,description_resourse_tips_convoy_summer_rating,description_resourse_tips_convoy_summer_rating,,description_resourse_tips_convoy_summer_rating 未記入。,2026-10-06T12:08,weblate,filled-in-weblate
common,tr,description_resourse_tips_convoy_summer_rating,description_resourse_tips_convoy_summer_rating,,description_resourse_tips_convoy_summer_rating Doldurulmadı.,2026-10-06T12:08,weblate,filled-in-weblate
common,vi,description_resourse_tips_convoy_summer_rating,description_resourse_tips_convoy_summer_rating,,description_resourse_tips_convoy_summer_rating Chưa điền.,2026-10-06T12:08,weblate,filled-in-weblate
common,nl,description_resourse_tips_convoy_summer_rating,description_resourse_tips_convoy_summer_rating,,description_resourse_tips_convoy_summer_rating Niet ingevuld.,2026-10-06T12:08,weblate,filled-in-weblate
common,en,description_resourse_tips_not_enough_convoy_summer_rating,description_resourse_tips_not_enough_convoy_summer_rating,,description_resourse_tips_not_enough_convoy_summer_rating Not filled in.,2026-10-06T12:07,weblate,filled-in-weblate
common,es,description_resourse_tips_not_enough_convoy_summer_rating,description_resourse_tips_not_enough_convoy_summer_rating,,description_resourse_tips_not_enough_convoy_summer_rating Sin rellenar.,2026-10-06T12:07,weblate,filled-in-weblate
common,fr,description_resourse_tips_not_enough_convoy_summer_rating,description_resourse_tips_not_enough_convoy_summer_rating,,description_resourse_tips_not_enough_convoy_summer_rating Non renseigné.,2026-10-06T12:07,weblate,filled-in-weblate
common,pt,description_resourse_tips_not_enough_convoy_summer_rating,description_resourse_tips_not_enough_convoy_summer_rating,,description_resourse_tips_not_enough_convoy_summer_rating Não preenchido.,2026-10-06T12:08,weblate,filled-in-weblate
common,pl,description_resourse_tips_not_enough_convoy_summer_rating,description_resourse_tips_not_enough_convoy_summer_rating,,description_resourse_tips_not_enough_convoy_summer_rating Nie wypełniono.,2026-10-06T12:08,weblate,filled-in-weblate
common,de,description_resourse_tips_not_enough_convoy_summer_rating,description_resourse_tips_not_enough_convoy_summer_rating,,description_resourse_tips_not_enough_convoy_summer_rating Nicht ausgefüllt.,2026-10-06T12:07,weblate,filled-in-weblate
common,it,description_resourse_tips_not_enough_convoy_summer_rating,description_resourse_tips_not_enough_convoy_summer_rating,,description_resourse_tips_not_enough_convoy_summer_rating Non compilato.,2026-10-06T12:07,weblate,filled-in-weblate
common,th,description_resourse_tips_not_enough_convoy_summer_rating,description_resourse_tips_not_enough_convoy_summer_rating,,description_resourse_tips_not_enough_convoy_summer_rating ยังไม่ได้กรอก.,2026-10-06T12:08,weblate,filled-in-weblate
common,id,description_resourse_tips_not_enough_convoy_summer_rating,description_resourse_tips_not_enough_convoy_summer_rating,,description_resourse_tips_not_enough_convoy_summer_rating Belum diisi.,2026-10-06T12:07,weblate,filled-in-weblate
common,cn,description_resourse_tips_not_enough_convoy_summer_rating,description_resourse_tips_not_enough_convoy_summer_rating,,description_resourse_tips_not_enough_convoy_summer_rating 未填写。,2026-10-06T12:07,weblate,filled-in-weblate
common,kr,description_resourse_tips_not_enough_convoy_summer_rating,description_resourse_tips_not_enough_convoy_summer_rating,,description_resourse_tips_not_enough_convoy_summer_rating Not filled in.,2026-10-06T12:08,weblate,filled-in-weblate
common,jp,description_resourse_tips_not_enough_convoy_summer_rating,description_resourse_tips_not_enough_convoy_summer_rating,,description_resourse_tips_not_enough_convoy_summer_rating 未記入。,2026-10-06T12:08,weblate,filled-in-weblate
common,tr,description_resourse_tips_not_enough_convoy_summer_rating,description_resourse_tips_not_enough_convoy_summer_rating,,description_resourse_tips_not_enough_convoy_summer_rating Doldurulmadı.,2026-10-06T12:08,weblate,filled-in-weblate
common,vi,description_resourse_tips_not_enough_convoy_summer_rating,description_resourse_tips_not_enough_convoy_summer_rating,,description_resourse_tips_not_enough_convoy_summer_rating Chưa điền.,2026-10-06T12:08,weblate,filled-in-weblate
common,nl,description_resourse_tips_not_enough_convoy_summer_rating,description_resourse_tips_not_enough_convoy_summer_rating,,description_resourse_tips_not_enough_convoy_summer_rating Niet ingevuld.,2026-10-06T12:08,weblate,filled-in-weblate
common,en,description_resourse_tips_kraken_kill,description_resourse_tips_kraken_kill,,description_resourse_tips_kraken_kill Not filled in.,2026-10-06T12:07,weblate,filled-in-weblate
common,es,description_resourse_tips_kraken_kill,description_resourse_tips_kraken_kill,,description_resourse_tips_kraken_kill Sin rellenar.,2026-10-06T12:07,weblate,filled-in-weblate
common,fr,description_resourse_tips_kraken_kill,description_resourse_tips_kraken_kill,,description_resourse_tips_kraken_kill Non renseigné.,2026-10-06T12:07,weblate,filled-in-weblate
common,pt,description_resourse_tips_kraken_kill,description_resourse_tips_kraken_kill,,description_resourse_tips_kraken_kill Não preenchido.,2026-10-06T12:08,weblate,filled-in-weblate
common,pl,description_resourse_tips_kraken_kill,description_resourse_tips_kraken_kill,,description_resourse_tips_kraken_kill Nie wypełniono.,2026-10-06T12:08,weblate,filled-in-weblate
common,de,description_resourse_tips_kraken_kill,description_resourse_tips_kraken_kill,,description_resourse_tips_kraken_kill Nicht ausgefüllt.,2026-10-06T12:07,weblate,filled-in-weblate
common,it,description_resourse_tips_kraken_kill,description_resourse_tips_kraken_kill,,description_resourse_tips_kraken_kill Non compilato.,2026-10-06T12:07,weblate,filled-in-weblate
common,th,description_resourse_tips_kraken_kill,description_resourse_tips_kraken_kill,,description_resourse_tips_kraken_kill ยังไม่ได้กรอก.,2026-10-06T12:08,weblate,filled-in-weblate
common,id,description_resourse_tips_kraken_kill,description_resourse_tips_kraken_kill,,description_resourse_tips_kraken_kill Belum diisi.,2026-10-06T12:07,weblate,filled-in-weblate
common,cn,description_resourse_tips_kraken_kill,description_resourse_tips_kraken_kill,,description_resourse_tips_kraken_kill 未填写。,2026-10-06T12:07,weblate,filled-in-weblate
common,kr,description_resourse_tips_kraken_kill,description_resourse_tips_kraken_kill,,description_resourse_tips_kraken_kill Not filled in.,2026-10-06T12:08,weblate,filled-in-weblate
common,jp,description_resourse_tips_kraken_kill,description_resourse_tips_kraken_kill,,description_resourse_tips_kraken_kill 未記入。,2026-10-06T12:08,weblate,filled-in-weblate
common,tr,description_resourse_tips_kraken_kill,description_resourse_tips_kraken_kill,,description_resourse_tips_kraken_kill Doldurulmadı.,2026-10-06T12:08,weblate,filled-in-weblate
common,vi,description_resourse_tips_kraken_kill,description_resourse_tips_kraken_kill,,description_resourse_tips_kraken_kill Chưa điền.,2026-10-06T12:08,weblate,filled-in-weblate
common,nl,description_resourse_tips_kraken_kill,description_resourse_tips_kraken_kill,,description_resourse_tips_kraken_kill Niet ingevuld.,2026-10-06T12:08,weblate,filled-in-weblate
common,en,description_resourse_tips_not_enough_kraken_kill,description_resourse_tips_not_enough_kraken_kill,,description_resourse_tips_not_enough_kraken_kill Not filled in.,2026-10-06T12:07,weblate,filled-in-weblate
common,es,description_resourse_tips_not_enough_kraken_kill,description_resourse_tips_not_enough_kraken_kill,,description_resourse_tips_not_enough_kraken_kill Sin rellenar.,2026-10-06T12:07,weblate,filled-in-weblate
common,fr,description_resourse_tips_not_enough_kraken_kill,description_resourse_tips_not_enough_kraken_kill,,description_resourse_tips_not_enough_kraken_kill Non renseigné.,2026-10-06T12:07,weblate,filled-in-weblate
common,pt,description_resourse_tips_not_enough_kraken_kill,description_resourse_tips_not_enough_kraken_kill,,description_resourse_tips_not_enough_kraken_kill Não preenchido.,2026-10-06T12:08,weblate,filled-in-weblate
common,pl,description_resourse_tips_not_enough_kraken_kill,description_resourse_tips_not_enough_kraken_kill,,description_resourse_tips_not_enough_kraken_kill Nie wypełniono.,2026-10-06T12:08,weblate,filled-in-weblate
common,de,description_resourse_tips_not_enough_kraken_kill,description_resourse_tips_not_enough_kraken_kill,,description_resourse_tips_not_enough_kraken_kill Nicht ausgefüllt.,2026-10-06T12:07,weblate,filled-in-weblate
common,it,description_resourse_tips_not_enough_kraken_kill,description_resourse_tips_not_enough_kraken_kill,,description_resourse_tips_not_enough_kraken_kill Non compilato.,2026-10-06T12:07,weblate,filled-in-weblate
common,th,description_resourse_tips_not_enough_kraken_kill,description_resourse_tips_not_enough_kraken_kill,,description_resourse_tips_not_enough_kraken_kill ยังไม่ได้กรอก.,2026-10-06T12:08,weblate,filled-in-weblate
common,id,description_resourse_tips_not_enough_kraken_kill,description_resourse_tips_not_enough_kraken_kill,,description_resourse_tips_not_enough_kraken_kill Belum diisi.,2026-10-06T12:07,weblate,filled-in-weblate
common,cn,description_resourse_tips_not_enough_kraken_kill,description_resourse_tips_not_enough_kraken_kill,,description_resourse_tips_not_enough_kraken_kill 未填写。,2026-10-06T12:07,weblate,filled-in-weblate
common,kr,description_resourse_tips_not_enough_kraken_kill,description_resourse_tips_not_enough_kraken_kill,,description_resourse_tips_not_enough_kraken_kill Not filled in.,2026-10-06T12:08,weblate,filled-in-weblate
common,jp,description_resourse_tips_not_enough_kraken_kill,description_resourse_tips_not_enough_kraken_kill,,description_resourse_tips_not_enough_kraken_kill 未記入。,2026-10-06T12:08,weblate,filled-in-weblate
common,tr,description_resourse_tips_not_enough_kraken_kill,description_resourse_tips_not_enough_kraken_kill,,description_resourse_tips_not_enough_kraken_kill Doldurulmadı.,2026-10-06T12:08,weblate,filled-in-weblate
common,vi,description_resourse_tips_not_enough_kraken_kill,description_resourse_tips_not_enough_kraken_kill,,description_resourse_tips_not_enough_kraken_kill Chưa điền.,2026-10-06T12:08,weblate,filled-in-weblate
common,nl,description_resourse_tips_not_enough_kraken_kill,description_resourse_tips_not_enough_kraken_kill,,description_resourse_tips_not_enough_kraken_kill Niet ingevuld.,2026-10-06T12:08,weblate,filled-in-weblate
common,en,description_resourse_tips_armada_movement_points,description_resourse_tips_armada_movement_points,,description_resourse_tips_armada_movement_points Not filled in.,2026-10-06T12:07,weblate,filled-in-weblate
common,es,description_resourse_tips_armada_movement_points,description_resourse_tips_armada_movement_points,,description_resourse_tips_armada_movement_points Sin rellenar.,2026-10-06T12:07,weblate,filled-in-weblate
common,fr,description_resourse_tips_armada_movement_points,description_resourse_tips_armada_movement_points,,description_resourse_tips_armada_movement_points Non renseigné.,2026-10-06T12:07,weblate,filled-in-weblate
common,pt,description_resourse_tips_armada_movement_points,description_resourse_tips_armada_movement_points,,description_resourse_tips_armada_movement_points Não preenchido.,2026-10-06T12:08,weblate,filled-in-weblate
common,pl,description_resourse_tips_armada_movement_points,description_resourse_tips_armada_movement_points,,description_resourse_tips_armada_movement_points Nie wypełniono.,2026-10-06T12:08,weblate,filled-in-weblate
common,de,description_resourse_tips_armada_movement_points,description_resourse_tips_armada_movement_points,,description_resourse_tips_armada_movement_points Nicht ausgefüllt.,2026-10-06T12:07,weblate,filled-in-weblate
common,it,description_resourse_tips_armada_movement_points,description_resourse_tips_armada_movement_points,,description_resourse_tips_armada_movement_points Non compilato.,2026-10-06T12:07,weblate,filled-in-weblate
common,th,description_resourse_tips_armada_movement_points,description_resourse_tips_armada_movement_points,,description_resourse_tips_armada_movement_points ยังไม่ได้กรอก.,2026-10-06T12:08,weblate,filled-in-weblate
common,id,description_resourse_tips_armada_movement_points,description_resourse_tips_armada_movement_points,,description_resourse_tips_armada_movement_points Belum diisi.,2026-10-06T12:07,weblate,filled-in-weblate
common,cn,description_resourse_tips_armada_movement_points,description_resourse_tips_armada_movement_points,,description_resourse_tips_armada_movement_points 未填写。,2026-10-06T12:07,weblate,filled-in-weblate
common,kr,description_resourse_tips_armada_movement_points,description_resourse_tips_armada_movement_points,,description_resourse_tips_armada_movement_points Не заполнено.,2026-10-06T12:08,weblate,filled-in-weblate
common,jp,description_resourse_tips_armada_movement_points,description_resourse_tips_armada_movement_points,,description_resourse_tips_armada_movement_points 未設定。,2026-10-06T12:08,weblate,filled-in-weblate
common,tr,description_resourse_tips_armada_movement_points,description_resourse_tips_armada_movement_points,,description_resourse_tips_armada_movement_points Doldurulmadı.,2026-10-06T12:08,weblate,filled-in-weblate
common,vi,description_resourse_tips_armada_movement_points,description_resourse_tips_armada_movement_points,,description_resourse_tips_armada_movement_points Chưa điền.,2026-10-06T12:08,weblate,filled-in-weblate
common,nl,description_resourse_tips_armada_movement_points,description_resourse_tips_armada_movement_points,,description_resourse_tips_armada_movement_points Niet ingevuld.,2026-10-06T12:08,weblate,filled-in-weblate
common,en,description_resourse_tips_not_enough_battle_pass_points,description_resourse_tips_not_enough_battle_pass_points,,description_resourse_tips_not_enough_battle_pass_points Not filled in.,2026-10-06T12:07,weblate,filled-in-weblate
common,es,description_resourse_tips_not_enough_battle_pass_points,description_resourse_tips_not_enough_battle_pass_points,,description_resourse_tips_not_enough_battle_pass_points Sin rellenar.,2026-10-06T12:07,weblate,filled-in-weblate
common,fr,description_resourse_tips_not_enough_battle_pass_points,description_resourse_tips_not_enough_battle_pass_points,,description_resourse_tips_not_enough_battle_pass_points Non renseigné.,2026-10-06T12:07,weblate,filled-in-weblate
common,pt,description_resourse_tips_not_enough_battle_pass_points,description_resourse_tips_not_enough_battle_pass_points,,description_resourse_tips_not_enough_battle_pass_points Não preenchido.,2026-10-06T12:08,weblate,filled-in-weblate
common,pl,description_resourse_tips_not_enough_battle_pass_points,description_resourse_tips_not_enough_battle_pass_points,,description_resourse_tips_not_enough_battle_pass_points Nie wypełniono.,2026-10-06T12:08,weblate,filled-in-weblate
common,de,description_resourse_tips_not_enough_battle_pass_points,description_resourse_tips_not_enough_battle_pass_points,,description_resourse_tips_not_enough_battle_pass_points Nicht ausgefüllt.,2026-10-06T12:07,weblate,filled-in-weblate
common,it,description_resourse_tips_not_enough_battle_pass_points,description_resourse_tips_not_enough_battle_pass_points,,description_resourse_tips_not_enough_battle_pass_points Non compilato.,2026-10-06T12:07,weblate,filled-in-weblate
common,th,description_resourse_tips_not_enough_battle_pass_points,description_resourse_tips_not_enough_battle_pass_points,,description_resourse_tips_not_enough_battle_pass_points ยังไม่ได้กรอก.,2026-10-06T12:08,weblate,filled-in-weblate
common,id,description_resourse_tips_not_enough_battle_pass_points,description_resourse_tips_not_enough_battle_pass_points,,description_resourse_tips_not_enough_battle_pass_points Belum diisi.,2026-10-06T12:07,weblate,filled-in-weblate
common,cn,description_resourse_tips_not_enough_battle_pass_points,description_resourse_tips_not_enough_battle_pass_points,,description_resourse_tips_not_enough_battle_pass_points 未填写。,2026-10-06T12:07,weblate,filled-in-weblate
common,kr,description_resourse_tips_not_enough_battle_pass_points,description_resourse_tips_not_enough_battle_pass_points,,description_resourse_tips_not_enough_battle_pass_points Не заполнено.,2026-10-06T12:08,weblate,filled-in-weblate
common,jp,description_resourse_tips_not_enough_battle_pass_points,description_resourse_tips_not_enough_battle_pass_points,,description_resourse_tips_not_enough_battle_pass_points 未設定。,2026-10-06T12:08,weblate,filled-in-weblate
common,tr,description_resourse_tips_not_enough_battle_pass_points,description_resourse_tips_not_enough_battle_pass_points,,description_resourse_tips_not_enough_battle_pass_points Doldurulmadı.,2026-10-06T12:08,weblate,filled-in-weblate
common,vi,description_resourse_tips_not_enough_battle_pass_points,description_resourse_tips_not_enough_battle_pass_points,,description_resourse_tips_not_enough_battle_pass_points Chưa điền.,2026-10-06T12:08,weblate,filled-in-weblate
common,nl,description_resourse_tips_not_enough_battle_pass_points,description_resourse_tips_not_enough_battle_pass_points,,description_resourse_tips_not_enough_battle_pass_points Niet ingevuld.,2026-10-06T12:08,weblate,filled-in-weblate
common,en,description_resourse_tips_not_enough_bp_captain_points,description_resourse_tips_not_enough_bp_captain_points,,description_resourse_tips_not_enough_bp_captain_points Not filled in.,2026-10-06T12:07,weblate,filled-in-weblate
common,es,description_resourse_tips_not_enough_bp_captain_points,description_resourse_tips_not_enough_bp_captain_points,,description_resourse_tips_not_enough_bp_captain_points Sin rellenar.,2026-10-06T12:07,weblate,filled-in-weblate
common,fr,description_resourse_tips_not_enough_bp_captain_points,description_resourse_tips_not_enough_bp_captain_points,,description_resourse_tips_not_enough_bp_captain_points Non renseigné.,2026-10-06T12:07,weblate,filled-in-weblate
common,pt,description_resourse_tips_not_enough_bp_captain_points,description_resourse_tips_not_enough_bp_captain_points,,description_resourse_tips_not_enough_bp_captain_points Não preenchido.,2026-10-06T12:08,weblate,filled-in-weblate
common,pl,description_resourse_tips_not_enough_bp_captain_points,description_resourse_tips_not_enough_bp_captain_points,,description_resourse_tips_not_enough_bp_captain_points Nie wypełniono.,2026-10-06T12:08,weblate,filled-in-weblate
common,de,description_resourse_tips_not_enough_bp_captain_points,description_resourse_tips_not_enough_bp_captain_points,,description_resourse_tips_not_enough_bp_captain_points Nicht ausgefüllt.,2026-10-06T12:07,weblate,filled-in-weblate
common,it,description_resourse_tips_not_enough_bp_captain_points,description_resourse_tips_not_enough_bp_captain_points,,description_resourse_tips_not_enough_bp_captain_points Non compilato.,2026-10-06T12:07,weblate,filled-in-weblate
common,th,description_resourse_tips_not_enough_bp_captain_points,description_resourse_tips_not_enough_bp_captain_points,,description_resourse_tips_not_enough_bp_captain_points ยังไม่ได้กรอก.,2026-10-06T12:08,weblate,filled-in-weblate
common,id,description_resourse_tips_not_enough_bp_captain_points,description_resourse_tips_not_enough_bp_captain_points,,description_resourse_tips_not_enough_bp_captain_points Belum diisi.,2026-10-06T12:07,weblate,filled-in-weblate
common,cn,description_resourse_tips_not_enough_bp_captain_points,description_resourse_tips_not_enough_bp_captain_points,,description_resourse_tips_not_enough_bp_captain_points 未填写。,2026-10-06T12:07,weblate,filled-in-weblate
common,kr,description_resourse_tips_not_enough_bp_captain_points,description_resourse_tips_not_enough_bp_captain_points,,description_resourse_tips_not_enough_bp_captain_points Не заполнено.,2026-10-06T12:08,weblate,filled-in-weblate
common,jp,description_resourse_tips_not_enough_bp_captain_points,description_resourse_tips_not_enough_bp_captain_points,,description_resourse_tips_not_enough_bp_captain_points 未設定。,2026-10-06T12:08,weblate,filled-in-weblate
common,tr,description_resourse_tips_not_enough_bp_captain_points,description_resourse_tips_not_enough_bp_captain_points,,description_resourse_tips_not_enough_bp_captain_points Doldurulmadı.,2026-10-06T12:08,weblate,filled-in-weblate
common,vi,description_resourse_tips_not_enough_bp_captain_points,description_resourse_tips_not_enough_bp_captain_points,,description_resourse_tips_not_enough_bp_captain_points Chưa điền.,2026-10-06T12:08,weblate,filled-in-weblate
common,nl,description_resourse_tips_not_enough_bp_captain_points,description_resourse_tips_not_enough_bp_captain_points,,description_resourse_tips_not_enough_bp_captain_points Niet ingevuld.,2026-10-06T12:08,weblate,filled-in-weblate
common,ru,territorial_wars_building_details_dialog_recharging_wait,territorial_wars_building_details_dialog_recharging_wait,Перезарядка...,Перезарядка…,2026-09-11T12:39,weblate,ru-ellipsis
common,ru,territorial_wars_panel_rules,territorial_wars_panel_rules,"Пираты, добро пожаловать на бета-тест! Вас ждут 30 минут хардкорного боя в реальном времени. Прочитайте правила перед началом. Режим дорабатывается, ждем ваших отзывов!","•  Сразитесь за владение проливом, через который лежат ключевые торговые пути
•  Соберите до 5 отрядов
•  Победите 3х конкурентов в реальном времени",2026-09-26T13:39,beta,ru-team-edit
common,en,territorial_wars_panel_rules,territorial_wars_panel_rules,"Pirates, welcome to the beta test! 30 minutes of hardcore real-time combat await you. Read the rules before you begin. The mode is still being refined, and we look forward to your feedback!","•  Fight for control of the strait crossed by key trade routes
•  Assemble up to 5 squads
•  Defeat 3 competitors in real time",2026-10-01T06:05,beta,follows-ru
common,es,territorial_wars_panel_rules,territorial_wars_panel_rules,"Piratas, ¡bienvenidos a la beta! Les esperan 30 minutos de intenso combate en tiempo real. Lean las reglas antes de comenzar. El modo sigue mejorándose; ¡esperamos sus comentarios!","•  Lucha por el control del estrecho por el que pasan las rutas comerciales clave
•  Reúne hasta 5 escuadrones
•  Derrota a 3 rivales en tiempo real",2026-10-01T06:05,beta,follows-ru
common,fr,territorial_wars_panel_rules,territorial_wars_panel_rules,"Pirates, bienvenue dans la bêta ! 30 minutes de combat intense en temps réel vous attendent. Lisez les règles avant de commencer. Le mode est encore en développement, et nous attendons vos retours !","•  Battez-vous pour le contrôle du détroit où passent les routes commerciales clés
•  Rassemblez jusqu'à 5 escouades
•  Battez 3 concurrents en temps réel",2026-10-01T06:05,beta,follows-ru
common,pt,territorial_wars_panel_rules,territorial_wars_panel_rules,"Piratas, bem-vindos ao teste beta! Vocês terão 30 minutos de combate intenso em tempo real. Leiam as regras antes de começar. O modo ainda está sendo aprimorado; aguardamos seus comentários!","•  Lute pelo controle do estreito por onde passam as principais rotas comerciais
•  Reúna até 5 esquadrões
•  Derrote 3 concorrentes em tempo real",2026-10-01T06:05,beta,follows-ru
common,pl,territorial_wars_panel_rules,territorial_wars_panel_rules,"Piraci, witamy w beta-testach! Czeka was 30 minut wymagającej walki w czasie rzeczywistym. Przed rozpoczęciem przeczytajcie zasady. Tryb jest nadal rozwijany — czekamy na wasze opinie!","•  Walcz o panowanie nad cieśniną, przez którą wiodą kluczowe szlaki handlowe
•  Zbierz do 5 oddziałów
•  Pokonaj 3 rywali w czasie rzeczywistym",2026-10-01T06:05,beta,follows-ru
common,de,territorial_wars_panel_rules,territorial_wars_panel_rules,"Piraten, willkommen zum Betatest! Euch erwarten 30 Minuten knallharter Echtzeitkämpfe. Lest vor dem Start die Regeln. Der Modus wird weiter verbessert – wir freuen uns auf euer Feedback!","•  Kämpfe um die Vorherrschaft über die Meerenge, durch die wichtige Handelsrouten führen
•  Stelle bis zu 5 Trupps zusammen
•  Besiege 3 Konkurrenten in Echtzeit",2026-10-01T06:05,beta,follows-ru
common,it,territorial_wars_panel_rules,territorial_wars_panel_rules,"Pirati, benvenuti nel beta test! Vi attendono 30 minuti di combattimento hardcore in tempo reale. Leggete le regole prima di iniziare. La modalità è ancora in fase di sviluppo: aspettiamo i vostri commenti!","•  Combatti per il controllo dello stretto attraversato da rotte commerciali chiave
•  Raduna fino a 5 squadre
•  Sconfiggi 3 rivali in tempo reale",2026-10-01T06:05,beta,follows-ru
common,th,territorial_wars_panel_rules,territorial_wars_panel_rules,เหล่าโจรสลัด ยินดีต้อนรับสู่การทดสอบเบต้า! การต่อสู้แบบเรียลไทม์สุดเข้มข้น 30 นาทีรอพวกคุณอยู่ โปรดอ่านกฎก่อนเริ่มเล่น โหมดนี้ยังอยู่ระหว่างการปรับปรุง เรารอฟังความคิดเห็นจากพวกคุณ!,"•  ต่อสู้เพื่อครอบครองช่องแคบซึ่งเป็นเส้นทางการค้าสำคัญ
•  รวบรวมกองกำลังได้สูงสุด 5 หน่วย
•  เอาชนะคู่แข่ง 3 คนแบบเรียลไทม์",2026-10-01T06:05,beta,follows-ru
common,id,territorial_wars_panel_rules,territorial_wars_panel_rules,"Para bajak laut, selamat datang di uji beta! Pertarungan real-time menantang selama 30 menit menanti kalian. Baca peraturan sebelum mulai. Mode ini masih disempurnakan; kami menantikan masukan kalian!","•  Bertarunglah untuk menguasai selat yang menjadi jalur perdagangan utama
•  Kumpulkan hingga 5 regu
•  Kalahkan 3 pesaing secara real-time",2026-10-01T06:05,beta,follows-ru
common,cn,territorial_wars_panel_rules,territorial_wars_panel_rules,海盗们，欢迎参加测试！等待你们的是30分钟的硬核实时战斗。开始前请阅读规则。该模式仍在完善中，期待你们的反馈！,"•  争夺关键贸易航线必经的海峡控制权
•  组建最多5支舰队
•  在实时战斗中击败3名对手",2026-10-01T06:05,beta,follows-ru
common,kr,territorial_wars_panel_rules,territorial_wars_panel_rules,"해적 여러분, 베타 테스트에 오신 것을 환영합니다! 30분간의 하드코어 실시간 전투가 기다립니다. 시작 전에 규칙을 읽어 주세요. 이 모드는 계속 개선 중이니 많은 의견 부탁드립니다!","•  주요 무역로가 통과하는 해협의 지배권을 놓고 싸우세요
•  최대 5개 분대를 모으세요
•  실시간으로 3명의 경쟁자를 물리치세요",2026-10-01T06:05,beta,follows-ru
common,jp,territorial_wars_panel_rules,territorial_wars_panel_rules,海賊の皆さん、ベータテストへようこそ！30分間のハードコアなリアルタイムバトルが待っています。開始前にルールをお読みください。本モードは現在も改善中です。皆さんのご意見をお待ちしています！,"•  主要な貿易航路が通る海峡の支配権を巡って戦え
•  最大5つの部隊を編成しろ
•  リアルタイムで3人のライバルを倒せ",2026-10-01T06:05,beta,follows-ru
common,tr,territorial_wars_panel_rules,territorial_wars_panel_rules,"Korsanlar, beta testine hoş geldiniz! Sizi 30 dakikalık zorlu bir gerçek zamanlı savaş bekliyor. Başlamadan önce kuralları okuyun. Mod hâlâ geliştiriliyor; geri bildirimlerinizi bekliyoruz!","•  Kilit ticaret yollarının geçtiği boğazın hakimiyeti için savaş
•  En fazla 5 birlik topla
•  Gerçek zamanlı olarak 3 rakibi yen",2026-10-01T06:05,beta,follows-ru
common,vi,territorial_wars_panel_rules,territorial_wars_panel_rules,"Các hải tặc, chào mừng đến với bản thử nghiệm beta! 30 phút chiến đấu thời gian thực khốc liệt đang chờ các bạn. Hãy đọc luật trước khi bắt đầu. Chế độ vẫn đang được hoàn thiện; chúng tôi mong nhận được phản hồi của các bạn!","•  Chiến đấu giành quyền kiểm soát eo biển có các tuyến đường thương mại trọng yếu
•  Tập hợp tối đa 5 đội
•  Đánh bại 3 đối thủ trong thời gian thực",2026-10-01T06:05,beta,follows-ru
common,nl,territorial_wars_panel_rules,territorial_wars_panel_rules,"Piraten, welkom bij de bètatest! Er wachten jullie 30 minuten aan keiharde realtimegevechten. Lees de regels voordat jullie beginnen. De modus wordt nog verbeterd; we horen graag jullie feedback!","•  Vecht om de heerschappij over de zeestraat met cruciale handelsroutes
•  Stel tot 5 eskaders samen
•  Versla 3 rivalen in realtime",2026-10-01T06:05,beta,follows-ru
common,en,territorial_wars_panel_reward,territorial_wars_panel_reward,Reward,REWARD,2026-10-06T12:07,weblate,newer-in-weblate
common,th,territorial_wars_info_gold_mine_desc,territorial_wars_info_gold_mine_desc,มอบคะแนนอิทธิพลเพิ่มขึ้นอย่างต่อเนื่องและโบนัสเมื่อจบเกม ได้รับการคุ้มกันโดยยาม.,มอบคะแนนอิทธิพลเพิ่มขึ้นอย่างต่อเนื่องและโบนัสเมื่อจบเกม ได้รับการคุ้มกันโดยยาม,2026-09-22T09:01,weblate,cleanup
common,jp,territorial_wars_info_gold_mine_desc,territorial_wars_info_gold_mine_desc,影響力ポイントの恒久的な増加とゲーム終了時のボーナスを提供します。警備に守られています。,影響力ポイントが継続的に増加し、ゲーム終了時にボーナスを獲得。警備に守られている。,2026-09-22T09:01,beta,review
common,en,territorial_wars_info_combat_mutual_desc,territorial_wars_info_combat_mutual_desc,"Both sides strike simultaneously.<br>Inside the territory, only the first squads on the list fight, while the remaining squads from both sides wait their turn. Once battle begins in a territory, it cannot be left, but you can send new squads to the queue. The battle ends when one side has no surviving squads left. The territory falls under the winner's control. Squad repair and revival are paused during battle.","Both sides strike simultaneously.<br>Inside the territory, only the first squads on the list fight; the remaining squads from both sides wait their turn. Once battle begins in a territory, it can no longer be left, but new squads can be sent to the queue. The battle ends when one of the sides has no surviving squads left. The territory falls under the control of the victor. Squad repairs and respawns are paused during battle.",2026-10-06T10:14,weblate,newer-in-weblate
common,th,territorial_wars_info_rules_desc,territorial_wars_info_rules_desc,ผู้เล่นสี่คนต่อสู้กันแบบออนไลน์ ผู้ที่ได้รับคะแนนอิทธิพลมากที่สุดจะเป็นผู้ชนะ คะแนนจะได้รับอย่างต่อเนื่องจากการยึดครองดินแดนระหว่างการเล่น และได้รับเป็นโบนัสครั้งเดียวเมื่อสิ้นสุดการต่อสู้.,ผู้เล่นสี่คนต่อสู้กันแบบออนไลน์ ผู้ที่ได้รับคะแนนอิทธิพลมากที่สุดจะเป็นผู้ชนะ คะแนนจะได้รับอย่างต่อเนื่องจากการยึดครองดินแดนระหว่างการเล่น และได้รับเป็นโบนัสครั้งเดียวเมื่อสิ้นสุดการต่อสู้,2026-09-19T17:39,weblate,cleanup
common,en,territorial_wars_info_squad_params_desc,territorial_wars_info_squad_params_desc,"- Power - total strength composed of current durability, damage, and defense.<br>- Heart: maximum amount of health;<br>- Shield: defense in % of absorbed damage;<br>- Crossed swords: attack power - amount of damage dealt per hit;","- Power - total strength composed of current Durability, damage, and defense.<br>- Heart: maximum health amount;<br>- Shield: defense in % of damage absorbed;<br>- Crossed swords: attack power - amount of damage dealt per hit;",2026-10-06T12:07,weblate,newer-in-weblate
common,ru,territorial_wars_info_fuel_desc,territorial_wars_info_fuel_desc,"Чтобы действовать во время битвы требуются припасы: перемещения, найм и воскрешение юнитов. Припасы производятся Столицей, Маяками, городами, а также могут быть найдены на островах.","Чтобы действовать во время битвы требуются припасы: перемещения, найм и воскрешение юнитов. Припасы производятся Столицей, Маяками, городами, а так же могут быть найдены на островах.",2026-09-23T07:55,beta,ru-team-edit
common,ru,territorial_wars_info_lighthouse_desc,territorial_wars_info_lighthouse_desc,"Захватывайте их, чтобы припасы восстанавливались быстрее, и можно было ходить чаще.","Захватывайте их, чтобы припасы восстанавливались быстрее, и можно было ходить чаще",2026-09-19T17:39,beta,ru-team-edit
common,en,territorial_wars_info_lighthouse_desc,territorial_wars_info_lighthouse_desc,Capture them to restore supplies faster and move more often.,Capture them to restore supplies faster and make moves more often,2026-09-22T09:01,beta,follows-ru
common,es,territorial_wars_info_lighthouse_desc,territorial_wars_info_lighthouse_desc,Captúralos para que los suministros se repongan más rápido y puedas moverte con más frecuencia.,Captúralos para que los suministros se repongan más rápido y puedas zarpar con más frecuencia,2026-09-22T09:01,beta,follows-ru
common,fr,territorial_wars_info_lighthouse_desc,territorial_wars_info_lighthouse_desc,Capturez-les pour régénérer les provisions plus vite et vous déplacer plus souvent.,Capture-les pour que les provisions se régénèrent plus vite et pouvoir attaquer plus souvent,2026-09-22T09:01,beta,follows-ru
common,pt,territorial_wars_info_lighthouse_desc,territorial_wars_info_lighthouse_desc,Capture-os para que os suprimentos se recuperem mais rápido e você possa agir com mais frequência.,Capture-os para que os suprimentos se regenerem mais rápido e você possa navegar com mais frequência,2026-09-22T09:01,beta,follows-ru
common,pl,territorial_wars_info_lighthouse_desc,territorial_wars_info_lighthouse_desc,"Przejmuj je, aby zapasy odnawiały się szybciej i można było częściej wykonywać ruchy.","Zdobywaj je, aby zapasy odnawiały się szybciej i można było wyruszać częściej",2026-09-22T09:01,beta,follows-ru
common,de,territorial_wars_info_lighthouse_desc,territorial_wars_info_lighthouse_desc,"Erobere sie, damit sich Vorräte schneller auffüllen und du öfter ziehen kannst.","Erobere sie, damit sich Vorräte schneller regenerieren und du öfter auslaufen kannst",2026-09-22T09:01,beta,follows-ru
common,it,territorial_wars_info_lighthouse_desc,territorial_wars_info_lighthouse_desc,Conquistali per ripristinare i rifornimenti più velocemente e muoverti più spesso.,Conquistali per ripristinare i rifornimenti più in fretta e poter salpare più spesso,2026-09-22T09:01,beta,follows-ru
common,th,territorial_wars_info_lighthouse_desc,territorial_wars_info_lighthouse_desc,ยึดครองพวกมันเพื่อให้เสบียงฟื้นฟูเร็วขึ้นและเคลื่อนที่ได้บ่อยขึ้น,ยึดครองพวกมันเพื่อให้เสบียงฟื้นฟูเร็วขึ้น และออกเดินเรือได้บ่อยขึ้น,2026-09-22T09:01,beta,follows-ru
common,id,territorial_wars_info_lighthouse_desc,territorial_wars_info_lighthouse_desc,Kuasai mereka agar persediaan pulih lebih cepat dan kamu bisa bergerak lebih sering.,Rebut mereka agar perbekalan pulih lebih cepat dan bisa berlayar lebih sering,2026-09-22T09:01,beta,follows-ru
common,cn,territorial_wars_info_lighthouse_desc,territorial_wars_info_lighthouse_desc,占领它们可加快补给恢复速度，并增加移动次数。,占领它们，让补给恢复更快，航行更频繁,2026-09-22T09:01,beta,follows-ru
common,kr,territorial_wars_info_lighthouse_desc,territorial_wars_info_lighthouse_desc,점령하여 보급품이 더 빨리 회복되고 더 자주 이동할 수 있습니다.,점령하여 보급품이 더 빨리 회복되고 더 자주 이동할 수 있습니다,2026-09-22T09:01,beta,follows-ru
common,jp,territorial_wars_info_lighthouse_desc,territorial_wars_info_lighthouse_desc,それらを占領すると、補給品の回復が速くなり、より頻繁に移動できるようになります。,占領して物資の回復を早め、より頻繁に出撃できるようにしよう,2026-09-22T09:01,beta,follows-ru
common,tr,territorial_wars_info_lighthouse_desc,territorial_wars_info_lighthouse_desc,Erzakların daha hızlı yenilenmesi ve daha sık hareket edebilmek için onları ele geçir.,Erzakın daha hızlı yenilenmesi ve daha sık sefere çıkabilmek için onları ele geçir,2026-09-22T09:01,beta,follows-ru
common,vi,territorial_wars_info_lighthouse_desc,territorial_wars_info_lighthouse_desc,Chiếm lấy chúng để nguồn tiếp tế hồi phục nhanh hơn và có thể di chuyển thường xuyên hơn.,Chiếm lấy chúng để quân nhu hồi phục nhanh hơn và có thể hành quân thường xuyên hơn,2026-09-22T09:01,beta,follows-ru
common,nl,territorial_wars_info_lighthouse_desc,territorial_wars_info_lighthouse_desc,Verover ze zodat voorraden sneller herstellen en je vaker kunt uitvaren.,Verover ze zodat voorraden sneller herstellen en je vaker kunt uitvaren,2026-09-22T09:01,beta,follows-ru
common,cn,tw_item_name_building_gold_mine,tw_item_name_building_gold_mine,金矿,金币矿,2026-09-19T17:39,beta,review
common,kr,tw_item_name_building_gold_mine,tw_item_name_building_gold_mine,황금 광산,골드 광산,2026-09-19T17:39,beta,review
common,jp,tw_item_name_building_gold_mine,tw_item_name_building_gold_mine,金鉱,ゴールド鉱山,2026-09-19T17:39,beta,review
common,ru,territorial_wars_lobby_briefing_player_info_placeholder_text,territorial_wars_lobby_briefing_player_info_placeholder_text,Поиск...,Поиск…,2026-09-11T12:39,weblate,ru-ellipsis
common,fr,chat_message_clan_member_joined,chat_message_clan_member_joined,<color=#A5DEF4>[{0}]</color> a rejoint le clan !,<color=#A5DEF4>[{0}]</color> a rejoint le clan !,2026-10-06T12:07,weblate,cleanup
common,fr,chat_message_clan_level_up,chat_message_clan_level_up,Le clan a atteint le <color=#DFB934>niveau {0}</color> ! Félicitations !,Le clan a atteint le <color=#DFB934>niveau {0}</color> ! Félicitations !,2026-10-06T12:07,weblate,cleanup
common,fr,short_event_premium_buy_button_upper_text,short_event_premium_buy_button_upper_text,Ouvrir tout !,Ouvrir tout !,2026-10-06T12:07,weblate,cleanup
common,ru,ability_description_shotgun_accuracy_mod,ability_description_shotgun_accuracy_mod,Увеличивает точность стрельбы на {0},Увеличивает точность стрельбы на 50%,2026-09-29T08:40,beta,ru-team-edit
common,en,ability_description_shotgun_accuracy_mod,ability_description_shotgun_accuracy_mod,Increases shooting accuracy by {0},Increases firing accuracy by 50%,2026-10-01T06:05,beta,follows-ru
common,es,ability_description_shotgun_accuracy_mod,ability_description_shotgun_accuracy_mod,Aumenta la precisión de disparo en {0},Aumenta la precisión de disparo un 50%,2026-10-01T06:05,beta,follows-ru
common,fr,ability_description_shotgun_accuracy_mod,ability_description_shotgun_accuracy_mod,Augmente la précision de tir de {0},Augmente la précision de tir de 50%,2026-10-01T06:05,beta,follows-ru
common,pt,ability_description_shotgun_accuracy_mod,ability_description_shotgun_accuracy_mod,Aumenta a precisão de tiro em {0},Aumenta a precisão de tiro em 50%,2026-10-01T06:05,beta,follows-ru
common,pl,ability_description_shotgun_accuracy_mod,ability_description_shotgun_accuracy_mod,Zwiększa celność strzałów o {0},Zwiększa celność strzałów o 50%,2026-10-01T06:05,beta,follows-ru
common,de,ability_description_shotgun_accuracy_mod,ability_description_shotgun_accuracy_mod,Erhöht die Schussgenauigkeit um {0},Erhöht die Schussgenauigkeit um 50%,2026-10-01T06:05,beta,follows-ru
common,it,ability_description_shotgun_accuracy_mod,ability_description_shotgun_accuracy_mod,Aumenta la precisione di tiro di {0},Aumenta la precisione di tiro del 50%,2026-10-01T06:05,beta,follows-ru
common,th,ability_description_shotgun_accuracy_mod,ability_description_shotgun_accuracy_mod,เพิ่มความแม่นยำในการยิง {0},เพิ่มความแม่นยำในการยิง 50%,2026-10-01T06:05,beta,follows-ru
common,id,ability_description_shotgun_accuracy_mod,ability_description_shotgun_accuracy_mod,Meningkatkan akurasi tembakan sebesar {0},Meningkatkan akurasi tembakan sebesar 50%,2026-10-01T06:05,beta,follows-ru
common,cn,ability_description_shotgun_accuracy_mod,ability_description_shotgun_accuracy_mod,提升射击精度 {0},提升射击精度50%,2026-10-01T06:05,beta,follows-ru
common,kr,ability_description_shotgun_accuracy_mod,ability_description_shotgun_accuracy_mod,사격 정확도를 {0}만큼 증가시킵니다,사격 정확도 50% 증가,2026-10-01T06:05,beta,follows-ru
common,jp,ability_description_shotgun_accuracy_mod,ability_description_shotgun_accuracy_mod,射撃精度が{0}上昇,射撃精度が50%上昇,2026-10-01T06:05,beta,follows-ru
common,tr,ability_description_shotgun_accuracy_mod,ability_description_shotgun_accuracy_mod,Atış isabetini {0} artırır,Atış isabetini %50 artırır,2026-10-01T06:05,beta,follows-ru
common,vi,ability_description_shotgun_accuracy_mod,ability_description_shotgun_accuracy_mod,Tăng độ chính xác khi bắn thêm {0},Tăng độ chính xác bắn thêm 50%,2026-10-01T06:05,beta,follows-ru
common,nl,ability_description_shotgun_accuracy_mod,ability_description_shotgun_accuracy_mod,Verhoogt de schietnauwkeurigheid met {0},Verhoogt schietnauwkeurigheid met 50%,2026-10-01T06:05,beta,follows-ru
common,ru,ability_description_captain_heal_throw,ability_description_captain_heal_throw,Бросает {0} бочки с лечебным зельем в союзных матросов (приоритет — раненым). Лечение: {1}/с в течение {2}с,Бросает бочки с лечебным зельем и восстанавливает раненым матросам в радиусе 1м {3} Здоровья.,2026-10-01T06:04,beta,ru-team-edit
common,en,ability_description_captain_heal_throw,ability_description_captain_heal_throw,Throws {0} barrels of healing potion at allied sailors (prioritizing the wounded). Healing: {1}/s for {2} s,Throws barrels of healing potion and restores {3} Health to wounded sailors within a 1 m radius.,2026-10-01T06:04,beta,follows-ru
common,es,ability_description_captain_heal_throw,ability_description_captain_heal_throw,Lanza {0} barriles de poción curativa a marineros aliados (prioridad a los heridos). Curación: {1}/s durante {2} s,Lanza barriles de poción curativa y restaura a los marineros heridos en un radio de 1 m {3} de salud.,2026-10-01T06:04,beta,follows-ru
common,fr,ability_description_captain_heal_throw,ability_description_captain_heal_throw,Lance {0} tonneaux de potion de soin sur les matelots alliés (priorité aux blessés). Soins : {1}/s pendant {2} s,Lance des tonneaux de potion de soin et restaure {3} points de santé aux marins blessés dans un rayon de 1 m.,2026-10-01T06:04,beta,follows-ru
common,pt,ability_description_captain_heal_throw,ability_description_captain_heal_throw,Lança {0} barris de poção de cura em marinheiros aliados (prioridade aos feridos). Cura: {1}/s durante {2}s,Lança barris de poção de cura e restaura aos marinheiros feridos em um raio de 1m {3} de Saúde.,2026-10-01T06:05,beta,follows-ru
common,pl,ability_description_captain_heal_throw,ability_description_captain_heal_throw,Rzuca {0} beczek z miksturą leczniczą w sojuszniczych marynarzy (priorytet — ranni). Leczenie: {1}/s przez {2} s,Rzuca beczki z miksturą leczniczą i przywraca rannym marynarzom w promieniu 1 m {3} zdrowia.,2026-10-01T06:05,beta,follows-ru
common,de,ability_description_captain_heal_throw,ability_description_captain_heal_throw,Wirft {0} Fässer mit Heiltrank auf verbündete Matrosen (Priorität: Verwundete). Heilung: {1}/s über {2} s,Wirft Fässer mit Heiltrank und stellt bei verwundeten Matrosen im Radius von 1 m {3} Gesundheit wieder her.,2026-10-01T06:04,beta,follows-ru
common,it,ability_description_captain_heal_throw,ability_description_captain_heal_throw,Lancia {0} barili di pozione curativa ai marinai alleati (priorità ai feriti). Cura: {1}/s per {2} s,Lancia barili di pozione curativa e ripristina ai marinai feriti nel raggio di 1 m {3} Salute.,2026-10-01T06:04,beta,follows-ru
common,th,ability_description_captain_heal_throw,ability_description_captain_heal_throw,โยนถังยาวิเศษ {0} ถังไปยังลูกเรือพันธมิตร (ให้ความสำคัญกับคนที่บาดเจ็บ) รักษา: {1}/วินาที เป็นเวลา {2} วินาที,โยนถังน้ำยารักษาและฟื้นฟูพลังชีวิต {3} ให้ลูกเรือที่บาดเจ็บในรัศมี 1 ม.,2026-10-01T06:05,beta,follows-ru
common,id,ability_description_captain_heal_throw,ability_description_captain_heal_throw,Melempar {0} tong ramuan penyembuh ke pelaut sekutu (prioritas yang terluka). Pemulihan: {1}/dtk selama {2} dtk,Melempar tong ramuan penyembuh dan memulihkan pelaut yang terluka dalam radius 1 m sebanyak {3} Kesehatan.,2026-10-01T06:04,beta,follows-ru
common,cn,ability_description_captain_heal_throw,ability_description_captain_heal_throw,向友方水手投掷 {0} 桶治疗药水（优先治疗受伤者）。治疗：每秒 {1}，持续 {2} 秒,投掷治疗药桶，为半径1米内的受伤船员恢复{3}点生命值。,2026-10-01T06:04,beta,follows-ru
common,kr,ability_description_captain_heal_throw,ability_description_captain_heal_throw,아군 선원에게 {0}개의 치료 물약 통을 던집니다 (부상자 우선). 치료: {2}초 동안 {1}/초,치유 물약이 든 통을 던져 1m 반경 내 부상 선원의 체력을 {3} 회복시킵니다.,2026-10-01T06:04,beta,follows-ru
common,jp,ability_description_captain_heal_throw,ability_description_captain_heal_throw,味方の船員（負傷者を優先）に回復薬の樽を{0}個投げる。回復：{1}/秒（{2}秒間）,回復薬の樽を投げ、半径1m以内の負傷した船員のHPを{3}回復する。,2026-10-01T06:04,beta,follows-ru
common,tr,ability_description_captain_heal_throw,ability_description_captain_heal_throw,"Müttefik denizcilere {0} şifa iksiri fıçısı fırlatır (öncelik: yaralılar). İyileştirme: {1}/sn., {2} sn. boyunca",İyileştirici iksir fıçıları fırlatır ve 1 m yarıçaptaki yaralı denizcilerin {3} Sağlığını yeniler.,2026-10-01T06:05,beta,follows-ru
common,vi,ability_description_captain_heal_throw,ability_description_captain_heal_throw,Ném {0} thùng thuốc hồi máu vào thủy thủ đồng minh (ưu tiên người bị thương). Hồi máu: {1}/giây trong {2} giây,Ném các thùng thuốc hồi phục và hồi cho thủy thủ bị thương trong bán kính 1 m {3} Máu.,2026-10-01T06:05,beta,follows-ru
common,nl,ability_description_captain_heal_throw,ability_description_captain_heal_throw,Gooit {0} vaten met genezingsdrank naar bevriende matrozen (prioriteit voor gewonden). Genezing: {1}/s gedurende {2}s,Gooit vaten met geneesdrank en herstelt bij gewonde matrozen in een straal van 1 m {3} gezondheid.,2026-10-01T06:05,beta,follows-ru
common,ru,ability_description_captain_fire_bomb_throw,ability_description_captain_fire_bomb_throw,"Бросает огненную бочку во врага. При попадании наносит {0} огненного урона в радиусе {1} узлов, поджигает палубу и наводит страх на {2}с.","Бросает огненную бочку во врага. При попадании наносит {3} от основного урона огнем в радиусе 1 метра, вызывает возгорание на 3 сек, наносящее 10% урона от максимального Здоровья в секунду. Матросы в радиусе горения начинают хаотично бегать по палубе.",2026-10-01T06:04,beta,ru-team-edit
common,en,ability_description_captain_fire_bomb_throw,ability_description_captain_fire_bomb_throw,"Throws a fire barrel at the enemy. On hit, deals {0} fire damage in a radius of {1} knots, ignites the deck, and inflicts fear for {2} s.","Throws a fire barrel at the enemy. On hit, deals {3} of main fire damage in a 1-meter radius and causes burning for 3 s, dealing 10% of maximum Health damage per second. Sailors within the burning radius start running frantically across the deck.",2026-10-01T06:05,beta,follows-ru
common,es,ability_description_captain_fire_bomb_throw,ability_description_captain_fire_bomb_throw,"Lanza un barril de fuego al enemigo. Al impactar inflige {0} de daño de fuego en un radio de {1} nudos, prende fuego a la cubierta e infunde terror durante {2} s.","Lanza un barril de fuego al enemigo. Al impactar, inflige {3} del daño de fuego base en un radio de 1 metro y provoca un incendio durante 3 s que inflige un 10% de daño de la Salud máxima por segundo. Los marineros dentro del radio de las llamas empiezan a correr caóticamente por la cubierta.",2026-10-01T06:05,beta,follows-ru
common,fr,ability_description_captain_fire_bomb_throw,ability_description_captain_fire_bomb_throw,"Lance un baril incendiaire sur l'ennemi. À l'impact, inflige {0} dégâts de feu dans un rayon de {1} nœuds, enflamme le pont et sème la terreur pendant {2} s.","Lance un baril enflammé sur l'ennemi. À l'impact, inflige {3} des dégâts de feu de base dans un rayon de 1 mètre et enflamme la cible pendant 3 s, infligeant 10 % de dégâts de la Santé max. par seconde. Les matelots dans la zone en flammes se mettent à courir dans tous les sens sur le pont.",2026-10-01T06:05,beta,follows-ru
common,pt,ability_description_captain_fire_bomb_throw,ability_description_captain_fire_bomb_throw,"Lança um barril de fogo no inimigo. Ao atingir, causa {0} de dano de fogo em um raio de {1} nós, incendeia o convés e causa medo por {2} s.","Lança um barril de fogo no inimigo. Ao acertar, causa {3} do dano de fogo principal em um raio de 1 metro e causa combustão por 3 s, infligindo 10% de dano da Vida máxima por segundo. Marinheiros no raio de queima começam a correr caoticamente pelo convés.",2026-10-01T06:05,beta,follows-ru
common,pl,ability_description_captain_fire_bomb_throw,ability_description_captain_fire_bomb_throw,"Rzuca ognistą beczkę we wroga. Przy trafieniu zadaje {0} obrażeń od ognia w promieniu {1} węzłów, podpala pokład i wywołuje strach na {2} s.","Rzuca ognistą beczką we wroga. Przy trafieniu zadaje {3} podstawowych obrażeń od ognia w promieniu 1 metra i wywołuje podpalenie na 3 s, zadające 10% obrażeń od maksymalnego zdrowia na sekundę. Majtkowie w promieniu ognia zaczynają chaotycznie biegać po pokładzie.",2026-10-01T06:05,beta,follows-ru
common,de,ability_description_captain_fire_bomb_throw,ability_description_captain_fire_bomb_throw,"Wirft ein Feuerfass auf den Feind. Verursacht bei einem Treffer {0} Feuerschaden im Radius von {1} Knoten, setzt das Deck in Brand und verbreitet {2} s lang Furcht.","Wirft ein Feuerfass auf den Feind. Verursacht bei einem Treffer {3} des Basisfeuerschadens in einem Radius von 1 Meter und verursacht 3 Sek. lang einen Brand, der pro Sekunde 10 % Schaden der maximalen Gesundheit zufügt. Matrosen im Brandradius laufen chaotisch über das Deck.",2026-10-01T06:05,beta,follows-ru
common,it,ability_description_captain_fire_bomb_throw,ability_description_captain_fire_bomb_throw,"Lancia un barile incendiario contro il nemico. All'impatto infligge {0} danni da fuoco in un raggio di {1} nodi, incendia il ponte e incute terrore per {2} s.",Lancia un barile incendiario contro il nemico. All'impatto infligge {3} del danno da fuoco base in un raggio di 1 metro e provoca un incendio per 3 sec che infligge il 10% di danno della Salute massima al secondo. I marinai nel raggio dell'incendio iniziano a correre all'impazzata sul ponte.,2026-10-01T06:05,beta,follows-ru
common,th,ability_description_captain_fire_bomb_throw,ability_description_captain_fire_bomb_throw,ขว้างถังเพลิงใส่ศัตรู เมื่อโดนเป้าหมายจะสร้างความเสียหายไฟ {0} ในรัศมี {1} นอต จุดไฟเผาดาดฟ้าเรือและทำให้หวาดกลัวเป็นเวลา {2} วินาที.,โยนถังเพลิงใส่ศัตรู เมื่อโดนจะสร้าง {3} ของความเสียหายไฟหลักในรัศมี 1 เมตร ทำให้เกิดไฟลุกไหม้เป็นเวลา 3 วินาที สร้างความเสียหาย 10% ของพลังชีวิตสูงสุดต่อวินาที ลูกเรือในรัศมีการเผาไหม้จะเริ่มวิ่งพล่านไปทั่วดาดฟ้าเรือ.,2026-10-01T06:05,beta,follows-ru
common,id,ability_description_captain_fire_bomb_throw,ability_description_captain_fire_bomb_throw,"Melempar tong api ke arah musuh. Saat kena, memberikan {0} damage api dalam radius {1} knot, membakar geladak, dan menimbulkan ketakutan selama {2} dtk.","Melemparkan tong api ke musuh. Saat kena, menimbulkan {3} dari damage api dasar dalam radius 1 meter, menyebabkan kebakaran selama 3 dtk yang menimbulkan 10% damage dari Kesehatan maksimal per detik. Awak kapal dalam radius kebakaran mulai berlarian tak menentu di geladak.",2026-10-01T06:05,beta,follows-ru
common,cn,ability_description_captain_fire_bomb_throw,ability_description_captain_fire_bomb_throw,向敌人投掷火焰桶。命中时在{1}节的范围内造成{0}点火焰伤害，点燃甲板并施加{2}秒的恐惧。,向敌人投掷火焰桶。命中时对1米半径内的敌人造成{3}点火系基础伤害，引发持续3秒的燃烧，每秒造成最大生命值10%的伤害。燃烧范围内的水手会在甲板上混乱奔跑。,2026-10-01T06:05,beta,follows-ru
common,kr,ability_description_captain_fire_bomb_throw,ability_description_captain_fire_bomb_throw,"적에게 불통을 던집니다. 명중 시 {0}의 화염 피해를 {1}노트 반경에 주고, 갑판에 불을 붙이며 {2}에게 공포를 줍니다.","적에게 불통을 던집니다. 명중 시 1미터 반경에 {3}의 기본 화염 피해를 주고, 3초 동안 화재를 일으켜 초당 최대 체력의 10% 피해를 줍니다. 화염 반경 내 선원들은 갑판에서 무작위로 뛰어다닙니다.",2026-10-01T06:05,beta,follows-ru
common,jp,ability_description_captain_fire_bomb_throw,ability_description_captain_fire_bomb_throw,敵に火炎樽を投げる。命中時に{0}の火炎ダメージを半径{1}ノット以内に与え、甲板を炎上させて{2}秒間恐怖状態にする。,敵に火炎樽を投げる。命中時、半径1mの範囲に基本火属性ダメージの{3}を与え、3秒間炎上させて毎秒最大HPの10%のダメージを与える。炎上範囲内の船員は甲板を混乱して走り回る。,2026-10-01T06:05,beta,follows-ru
common,tr,ability_description_captain_fire_bomb_throw,ability_description_captain_fire_bomb_throw,"Düşmana ateş fıçısı fırlatır. İsabet ettiğinde {0} ateş hasarını {1} knot yarıçapında verir, güverteyi ateşe verir ve {2} sn. boyunca korku salar.","Düşmana bir ateş fıçısı fırlatır. İsabet ettiğinde 1 metre yarıçapında temel ateş hasarının {3} kadarını verir, 3 sn. boyunca saniyede maksimum Sağlığın %10'u kadar hasar veren bir yangına yol açar. Yanma menzilindeki tayfalar güvertede panikle koşturmaya başlar.",2026-10-01T06:05,beta,follows-ru
common,vi,ability_description_captain_fire_bomb_throw,ability_description_captain_fire_bomb_throw,"Ném thùng lửa vào kẻ địch. Khi trúng đích, gây {0} sát thương lửa trong bán kính {1} nút, đốt cháy boong tàu và gây hoảng sợ trong {2} giây.","Ném thùng lửa vào kẻ địch. Khi trúng đích, gây {3} sát thương lửa cơ bản trong bán kính 1 mét, gây cháy trong 3 giây, gây sát thương bằng 10% Máu tối đa mỗi giây. Thủy thủ trong phạm vi cháy bắt đầu chạy tán loạn trên boong tàu.",2026-10-01T06:05,beta,follows-ru
common,nl,ability_description_captain_fire_bomb_throw,ability_description_captain_fire_bomb_throw,"Gooit een vuurvat naar de vijand. Brengt bij inslag {0} vuurschade toe in een straal van {1} knopen, steekt het dek in brand en zaait angst gedurende {2} s.","Gooit een vuurvat naar de vijand. Brengt bij inslag {3} van de basisvuurschade toe binnen een straal van 1 meter en veroorzaakt 3 sec. brand, wat per seconde 10% schade van de maximale gezondheid toebrengt. Matrozen in het brandbereik beginnen chaotisch over het dek te rennen.",2026-10-01T06:05,beta,follows-ru
common,en,tutorial_hint_rifleman_card_select2,tutorial_hint_rifleman_card_select2,"<size=14><b>Choose the Rifleman</size>

It's best to hide Riflemen
behind stronger Fighters</b>","<size=14><b>Choose a Rifleman</size>

It's best to hide Riflemen
behind stronger Fighters</b>",2026-10-06T10:14,weblate,newer-in-weblate
common,es,tutorial_hint_rifleman_card_select2,tutorial_hint_rifleman_card_select2,"<size=14><b>Elige al Tirador</b></size>

Es mejor esconder a los Tiradores
detrás de Combatientes más fuertes</b>","<b>Elige al Tirador</b>

Es mejor esconder a los Tiradores detrás de Combatientes más fuertes",2026-09-22T09:01,beta,review
common,fr,tutorial_hint_rifleman_card_select2,tutorial_hint_rifleman_card_select2,"<size=14><b>Choisis un Tireur</b></size>

Il vaut mieux cacher les Tireurs
derrière des Combattants plus forts</b>","<b>Choisis un Tireur</b>

Il vaut mieux cacher les Tireurs derrière des Combattants plus forts",2026-09-22T09:01,beta,review
common,pt,tutorial_hint_rifleman_card_select2,tutorial_hint_rifleman_card_select2,"<size=14><b>Escolha o Atirador</b></size>

É melhor esconder os Atiradores
atrás de Combatentes mais fortes</b>","<b>Escolha o Atirador</b>

É melhor esconder os Atiradores atrás de Combatentes mais fortes",2026-09-22T09:01,beta,review
common,pl,tutorial_hint_rifleman_card_select2,tutorial_hint_rifleman_card_select2,"<size=14><b>Wybierz Strzelca</b></size>

Strzelców lepiej ukrywać
za silniejszymi Bojownikami</b>","<b>Wybierz Strzelca</b>

Strzelców lepiej ukrywać za silniejszymi Bojownikami",2026-09-22T09:01,beta,review
common,de,tutorial_hint_rifleman_card_select2,tutorial_hint_rifleman_card_select2,"<size=14><b>Wähle den Schützen</b></size>

Schützen versteckst du am besten
hinter stärkeren Kämpfern</b>","<b>Wähle den Schützen</b>

Schützen versteckst du am besten hinter stärkeren Kämpfern",2026-09-22T09:01,beta,review
common,it,tutorial_hint_rifleman_card_select2,tutorial_hint_rifleman_card_select2,"<size=14><b>Scegli il Tiratore</b></size>

È meglio nascondere i Tiratori
dietro a Combattenti più forti</b>","<b>Scegli il Tiratore</b>

È meglio nascondere i Tiratori dietro a Combattenti più forti",2026-09-22T09:01,beta,review
common,th,tutorial_hint_rifleman_card_select2,tutorial_hint_rifleman_card_select2,"<size=14><b>เลือกพลยิง</b></size>

ควรซ่อนพลยิงไว้
หลังนักรบที่แข็งแกร่งกว่า</b>","<b>เลือกพลปืน</b>

ควรซ่อนพลปืนไว้ด้านหลังนักสู้ที่แข็งแกร่งกว่า",2026-09-22T09:01,beta,review
common,id,tutorial_hint_rifleman_card_select2,tutorial_hint_rifleman_card_select2,"<size=14><b>Pilih Penembak</b></size>

Sebaiknya sembunyikan Penembak
di balik Petarung yang lebih kuat</b>","<b>Pilih Penembak</b>

Sebaiknya sembunyikan Penembak di balik Petarung yang lebih kuat",2026-09-22T09:01,beta,review
common,cn,tutorial_hint_rifleman_card_select2,tutorial_hint_rifleman_card_select2,"<size=14><b>选择射手</b></size>

最好将射手藏在
更强大的战士身后</b>","<b>选择步枪手</b>

最好把步枪手藏在更强的战士后面",2026-09-22T09:01,beta,review
common,kr,tutorial_hint_rifleman_card_select2,tutorial_hint_rifleman_card_select2,"<size=14><b>저격수를 선택하세요</b></size>

저격수는 더 강한
전사들 뒤에 숨기는 것이 좋습니다</b>","<b>저격수를 선택하세요</b>

저격수는 더 강한 전투원 뒤에 숨기는 것이 좋습니다",2026-09-22T09:01,beta,review
common,jp,tutorial_hint_rifleman_card_select2,tutorial_hint_rifleman_card_select2,"<size=14><b>射手を選べ</b></size>

射手はより強力な
戦士の後ろに隠れるのがベスト</b>","<b>射手を選択</b>

射手はより強力な戦士の後ろに隠すのがおすすめ",2026-09-22T09:01,beta,review
common,tr,tutorial_hint_rifleman_card_select2,tutorial_hint_rifleman_card_select2,"<size=14><b>Nişancıyı Seç</b></size>

Nişancıları daha güçlü
Savaşçıların arkasına saklamak daha iyidir</b>","<b>Nişancıyı Seç</b>

Nişancıları daha güçlü Savaşçıların arkasına saklamak daha iyidir",2026-09-22T09:01,beta,review
common,vi,tutorial_hint_rifleman_card_select2,tutorial_hint_rifleman_card_select2,"<size=14><b>Chọn Xạ thủ</b></size>

Tốt nhất nên giấu Xạ thủ
sau các Chiến binh mạnh hơn</b>","<b>Chọn Xạ thủ</b>

Tốt nhất nên giấu Xạ thủ sau các Chiến binh mạnh hơn",2026-09-22T09:01,beta,review
common,nl,tutorial_hint_rifleman_card_select2,tutorial_hint_rifleman_card_select2,"<size=14><b>Kies de Schutter</b></size>

Je kunt Schutters het beste
achter sterkere Vechters verbergen</b>","<b>Kies de Schutter</b>

Je kunt Schutters het beste achter sterkere Vechters verbergen",2026-09-22T09:01,beta,review
